-- phpMyAdmin SQL Dump
-- version 4.5.1
-- http://www.phpmyadmin.net
--
-- Host: 127.0.0.1
-- Erstellungszeit: 10. Nov 2017 um 17:05
-- Server-Version: 10.1.19-MariaDB
-- PHP-Version: 5.6.28

SET SQL_MODE = "NO_AUTO_VALUE_ON_ZERO";
SET time_zone = "+00:00";


/*!40101 SET @OLD_CHARACTER_SET_CLIENT=@@CHARACTER_SET_CLIENT */;
/*!40101 SET @OLD_CHARACTER_SET_RESULTS=@@CHARACTER_SET_RESULTS */;
/*!40101 SET @OLD_COLLATION_CONNECTION=@@COLLATION_CONNECTION */;
/*!40101 SET NAMES utf8mb4 */;

--
-- Datenbank: `disposition`
--

DELIMITER $$
--
-- Funktionen
--
CREATE DEFINER=`root`@`localhost` FUNCTION `cur_inventory_head` () RETURNS INT(11) RETURN @inventory_head$$

CREATE DEFINER=`root`@`localhost` FUNCTION `get_grade` (`val` FLOAT, `max_good` FLOAT, `max_regular` FLOAT) RETURNS FLOAT BEGIN
	IF val<(0.5*max_good) THEN return 1;
    elseif val<max_good then return 2;
    elseif val<(max_good+(0.5*(max_regular-max_good))) then return 3;
    elseif val<max_regular then return 4;
    else return 5;
    end if;
END$$

CREATE DEFINER=`root`@`localhost` FUNCTION `get_qc_value` (`operator` INT, `base` INT, `val` FLOAT) RETURNS FLOAT BEGIN
	declare result float;
	CASE operator
		WHEN 0 THEN return val;
		WHEN 1 THEN return val / base * 100;
		WHEN 2 THEN return val;
	end case;
END$$

CREATE DEFINER=`root`@`localhost` FUNCTION `new_function` (`operator` INT, `base` INT, `val` FLOAT) RETURNS FLOAT BEGIN
	declare result float;
	CASE operator
		WHEN 0 THEN return val;
		WHEN 1 THEN return val / base * 100;
		WHEN 2 THEN return val;
	end case;
END$$

DELIMITER ;

-- --------------------------------------------------------

--
-- Tabellenstruktur für Tabelle `attachment`
--

CREATE TABLE `attachment` (
  `No` int(11) NOT NULL,
  `inbound_line` int(11) NOT NULL,
  `path` varchar(1024) COLLATE utf8_unicode_ci NOT NULL,
  `type` int(11) NOT NULL
) ENGINE=InnoDB DEFAULT CHARSET=utf8 COLLATE=utf8_unicode_ci;

--
-- Daten für Tabelle `attachment`
--

INSERT INTO `attachment` (`No`, `inbound_line`, `path`, `type`) VALUES
(1, 1, 'pic_22681_1_0.pdf', 2),
(3, 5, 'pic_22721_5_1.JPG', 1),
(4, 5, 'pic_22721_5_2.JPG', 1),
(5, 5, 'pic_22721_5_3.JPG', 1),
(6, 5, 'pic_22721_5_3.pdf', 2),
(7, 6, 'pic_22731_6_0.pdf', 2),
(9, 6, 'att_22731_6_2.pdf', 2),
(10, 8, 'pic_22771_8_1.JPG', 1),
(11, 8, 'pic_22771_8_2.JPG', 1),
(12, 8, 'pic_22771_8_3.JPG', 1),
(13, 8, 'pic_22771_8_4.JPG', 1),
(14, 8, 'pic_22771_8_5.JPG', 1),
(15, 8, 'pic_22771_8_6.JPG', 1),
(16, 8, 'pic_22771_8_7.JPG', 1),
(17, 8, 'pic_22771_8_8.JPG', 1),
(18, 8, 'pic_22771_8_9.JPG', 1),
(19, 8, 'pic_22771_8_9.pdf', 2),
(20, 10, 'pic_22771_10_1.JPG', 1),
(21, 10, 'pic_22771_10_2.JPG', 1),
(22, 10, 'pic_22771_10_3.JPG', 1),
(23, 10, 'pic_22771_10_4.JPG', 1),
(24, 11, 'pic_22771_11_1.JPG', 1),
(25, 11, 'pic_22771_11_2.JPG', 1),
(26, 11, 'pic_22771_11_3.JPG', 1),
(27, 11, 'pic_22771_11_4.JPG', 1),
(28, 11, 'pic_22771_11_5.JPG', 1),
(29, 11, 'pic_22771_11_6.JPG', 1),
(30, 11, 'pic_22771_11_7.JPG', 1),
(31, 11, 'pic_22771_11_8.JPG', 1),
(32, 12, 'pic_22772_12_1.JPG', 1),
(33, 12, 'pic_22772_12_2.JPG', 1),
(34, 12, 'pic_22772_12_3.JPG', 1),
(35, 12, 'pic_22772_12_4.JPG', 1),
(36, 12, 'pic_22772_12_4.pdf', 2),
(37, 13, 'pic_22772_13_1.JPG', 1),
(38, 13, 'pic_22772_13_2.JPG', 1),
(39, 15, 'pic_22772_15_1.JPG', 1),
(40, 15, 'pic_22772_15_2.JPG', 1),
(41, 15, 'pic_22772_15_3.JPG', 1),
(42, 15, 'pic_22772_15_4.JPG', 1),
(43, 15, 'pic_22772_15_5.JPG', 1),
(44, 15, 'pic_22772_15_6.JPG', 1),
(45, 15, 'pic_22772_15_7.JPG', 1),
(46, 15, 'pic_22772_15_8.JPG', 1),
(47, 15, 'pic_22772_15_9.JPG', 1),
(48, 15, 'pic_22772_15_10.JPG', 1),
(49, 15, 'pic_22772_15_10.pdf', 2),
(50, 16, 'pic_22772_16_1.JPG', 1),
(51, 16, 'pic_22772_16_2.JPG', 1),
(52, 16, 'pic_22772_16_3.JPG', 1),
(53, 16, 'pic_22772_16_4.JPG', 1),
(54, 16, 'pic_22772_16_5.JPG', 1),
(55, 16, 'pic_22772_16_6.JPG', 1),
(56, 16, 'pic_22772_16_6.pdf', 2),
(57, 17, 'pic_22201_17_1.JPG', 1),
(58, 17, 'pic_22201_17_2.JPG', 1),
(59, 17, 'pic_22201_17_3.JPG', 1),
(60, 17, 'pic_22201_17_4.JPG', 1),
(61, 17, 'pic_22201_17_5.JPG', 1),
(62, 17, 'pic_22201_17_6.JPG', 1),
(63, 17, 'pic_22201_17_7.JPG', 1),
(64, 17, 'pic_22201_17_8.JPG', 1),
(65, 17, 'pic_22201_17_8.pdf', 2),
(66, 18, 'pic_22772_18_1.JPG', 1),
(67, 18, 'pic_22772_18_2.JPG', 1),
(68, 18, 'pic_22772_18_3.JPG', 1),
(69, 18, 'pic_22772_18_4.JPG', 1),
(70, 20, 'pic_22841_20_1.JPG', 1),
(71, 20, 'pic_22841_20_2.JPG', 1),
(72, 20, 'pic_22841_20_3.JPG', 1),
(73, 20, 'pic_22841_20_4.JPG', 1),
(74, 20, 'pic_22841_20_5.JPG', 1),
(75, 20, 'pic_22841_20_6.JPG', 1),
(76, 20, 'pic_22841_20_7.JPG', 1),
(77, 20, 'pic_22841_20_8.JPG', 1),
(78, 20, 'pic_22841_20_9.JPG', 1),
(79, 20, 'pic_22841_20_9.pdf', 2),
(80, 21, 'pic_22841_21_1.JPG', 1),
(81, 21, 'pic_22841_21_2.JPG', 1),
(82, 21, 'pic_22841_21_3.JPG', 1),
(83, 21, 'pic_22841_21_4.JPG', 1),
(84, 21, 'pic_22841_21_5.JPG', 1),
(85, 21, 'pic_22841_21_6.JPG', 1),
(86, 21, 'pic_22841_21_7.JPG', 1),
(87, 21, 'pic_22841_21_8.JPG', 1),
(88, 21, 'pic_22841_21_9.JPG', 1),
(89, 21, 'pic_22841_21_10.JPG', 1),
(90, 21, 'pic_22841_21_10.pdf', 2),
(91, 22, 'pic_22842_22_1.JPG', 1),
(92, 22, 'pic_22842_22_2.JPG', 1),
(93, 22, 'pic_22842_22_3.JPG', 1),
(94, 22, 'pic_22842_22_4.JPG', 1),
(95, 22, 'pic_22842_22_5.JPG', 1),
(96, 22, 'pic_22842_22_5.pdf', 2),
(97, 23, 'pic_22842_23_1.JPG', 1),
(98, 23, 'pic_22842_23_2.JPG', 1),
(99, 23, 'pic_22842_23_3.JPG', 1),
(100, 23, 'pic_22842_23_4.JPG', 1),
(101, 23, 'pic_22842_23_5.JPG', 1),
(102, 23, 'pic_22842_23_6.JPG', 1),
(103, 23, 'pic_22842_23_7.JPG', 1),
(104, 23, 'pic_22842_23_8.JPG', 1),
(105, 23, 'pic_22842_23_9.JPG', 1),
(106, 23, 'pic_22842_23_9.pdf', 2),
(107, 24, 'pic_22842_24_1.JPG', 1),
(108, 24, 'pic_22842_24_2.JPG', 1),
(109, 24, 'pic_22842_24_3.JPG', 1),
(110, 24, 'pic_22842_24_4.JPG', 1),
(111, 24, 'pic_22842_24_5.JPG', 1),
(112, 24, 'pic_22842_24_6.JPG', 1),
(113, 24, 'pic_22842_24_6.pdf', 2),
(114, 25, 'pic_22842_25_1.JPG', 1),
(115, 25, 'pic_22842_25_2.JPG', 1),
(116, 25, 'pic_22842_25_3.JPG', 1),
(117, 25, 'pic_22842_25_4.JPG', 1),
(118, 25, 'pic_22842_25_5.JPG', 1),
(119, 25, 'pic_22842_25_6.JPG', 1),
(120, 25, 'pic_22842_25_7.JPG', 1),
(121, 25, 'pic_22842_25_8.JPG', 1),
(122, 25, 'pic_22842_25_9.JPG', 1),
(123, 25, 'pic_22842_25_9.pdf', 2),
(124, 26, 'pic_22843_26_1.JPG', 1),
(125, 26, 'pic_22843_26_2.JPG', 1),
(126, 26, 'pic_22843_26_3.JPG', 1),
(127, 26, 'pic_22843_26_4.JPG', 1),
(128, 26, 'pic_22843_26_5.JPG', 1),
(129, 26, 'pic_22843_26_6.JPG', 1),
(130, 26, 'pic_22843_26_7.JPG', 1),
(131, 26, 'pic_22843_26_7.pdf', 2),
(132, 27, 'pic_22851_27_1.JPG', 1),
(133, 27, 'pic_22851_27_2.JPG', 1),
(134, 27, 'pic_22851_27_3.JPG', 1),
(135, 27, 'pic_22851_27_4.JPG', 1),
(136, 27, 'pic_22851_27_5.JPG', 1),
(137, 27, 'pic_22851_27_6.JPG', 1),
(138, 27, 'pic_22851_27_7.JPG', 1),
(139, 27, 'pic_22851_27_8.JPG', 1),
(140, 27, 'pic_22851_27_9.JPG', 1),
(141, 27, 'pic_22851_27_9.pdf', 2),
(143, 28, 'pic_22961_28_1.JPG', 1),
(144, 28, 'pic_22961_28_2.JPG', 1),
(145, 28, 'pic_22961_28_3.JPG', 1),
(146, 28, 'pic_22961_28_3.pdf', 2),
(147, 29, 'pic_22961_29_1.JPG', 1),
(148, 29, 'pic_22961_29_2.JPG', 1),
(149, 29, 'pic_22961_29_3.JPG', 1),
(150, 29, 'pic_22961_29_3.pdf', 2),
(151, 30, 'pic_22971_30_1.JPG', 1),
(152, 30, 'pic_22971_30_2.JPG', 1),
(153, 30, 'pic_22971_30_3.JPG', 1),
(154, 30, 'pic_22971_30_3.pdf', 2),
(155, 31, 'pic_22951_31_1.JPG', 1),
(156, 31, 'pic_22951_31_2.JPG', 1),
(157, 31, 'pic_22951_31_3.JPG', 1),
(158, 31, 'pic_22951_31_4.JPG', 1),
(159, 31, 'pic_22951_31_5.JPG', 1),
(160, 31, 'pic_22951_31_6.JPG', 1),
(161, 31, 'pic_22951_31_7.JPG', 1),
(162, 31, 'pic_22951_31_8.JPG', 1),
(163, 31, 'pic_22951_31_9.JPG', 1),
(164, 31, 'pic_22951_31_10.JPG', 1),
(165, 31, 'pic_22951_31_10.pdf', 2),
(166, 32, 'pic_22951_32_1.JPG', 1),
(167, 32, 'pic_22951_32_2.JPG', 1),
(168, 32, 'pic_22951_32_3.JPG', 1),
(169, 32, 'pic_22951_32_4.JPG', 1),
(170, 32, 'pic_22951_32_5.JPG', 1),
(171, 32, 'pic_22951_32_6.JPG', 1),
(172, 32, 'pic_22951_32_7.JPG', 1),
(173, 32, 'pic_22951_32_7.pdf', 2),
(174, 33, 'pic_22953_33_1.JPG', 1),
(175, 33, 'pic_22953_33_2.JPG', 1),
(176, 33, 'pic_22953_33_3.JPG', 1),
(177, 33, 'pic_22953_33_4.JPG', 1),
(178, 33, 'pic_22953_33_5.JPG', 1),
(179, 33, 'pic_22953_33_6.JPG', 1),
(180, 33, 'pic_22953_33_7.JPG', 1),
(181, 33, 'pic_22953_33_8.JPG', 1),
(182, 33, 'pic_22953_33_9.JPG', 1),
(183, 33, 'pic_22953_33_9.pdf', 2),
(184, 34, 'pic_22953_34_1.JPG', 1),
(185, 34, 'pic_22953_34_2.JPG', 1),
(186, 34, 'pic_22953_34_3.JPG', 1),
(187, 34, 'pic_22953_34_4.JPG', 1),
(188, 34, 'pic_22953_34_5.JPG', 1),
(189, 34, 'pic_22953_34_6.JPG', 1),
(190, 34, 'pic_22953_34_7.JPG', 1),
(191, 34, 'pic_22953_34_8.JPG', 1),
(192, 34, 'pic_22953_34_9.JPG', 1),
(193, 34, 'pic_22953_34_9.pdf', 2),
(194, 35, 'pic_22952_35_1.JPG', 1),
(195, 35, 'pic_22952_35_2.JPG', 1),
(196, 35, 'pic_22952_35_3.JPG', 1),
(197, 35, 'pic_22952_35_4.JPG', 1),
(198, 35, 'pic_22952_35_5.JPG', 1),
(199, 35, 'pic_22952_35_6.JPG', 1),
(200, 35, 'pic_22952_35_7.JPG', 1),
(201, 35, 'pic_22952_35_7.pdf', 2),
(202, 36, 'pic_22952_36_1.JPG', 1),
(203, 36, 'pic_22952_36_2.JPG', 1),
(204, 36, 'pic_22952_36_3.JPG', 1),
(205, 36, 'pic_22952_36_4.JPG', 1),
(206, 36, 'pic_22952_36_5.JPG', 1),
(207, 36, 'pic_22952_36_5.pdf', 2),
(208, 38, 'pic_22981_38_1.JPG', 1),
(209, 38, 'pic_22981_38_2.JPG', 1),
(210, 38, 'pic_22981_38_3.JPG', 1),
(211, 38, 'pic_22981_38_3.pdf', 2),
(212, 40, 'pic_22982_40_1.JPG', 1),
(213, 40, 'pic_22982_40_2.JPG', 1),
(214, 40, 'pic_22982_40_3.JPG', 1),
(215, 40, 'pic_22982_40_3.pdf', 2),
(216, 41, 'pic_23061_41_0.pdf', 2),
(217, 42, 'pic_23062_42_0.pdf', 2),
(218, 43, 'pic_23071_43_1.JPG', 1),
(219, 43, 'pic_23071_43_2.JPG', 1),
(220, 43, 'pic_23071_43_3.JPG', 1),
(221, 43, 'pic_23071_43_4.JPG', 1),
(222, 43, 'pic_23071_43_5.JPG', 1),
(223, 43, 'pic_23071_43_6.JPG', 1),
(224, 43, 'pic_23071_43_7.JPG', 1),
(225, 43, 'pic_23071_43_8.JPG', 1),
(226, 43, 'pic_23071_43_9.JPG', 1),
(227, 43, 'pic_23071_43_10.JPG', 1),
(228, 43, 'pic_23071_43_11.JPG', 1),
(229, 43, 'pic_23071_43_11.pdf', 2),
(230, 44, 'pic_23071_44_1.JPG', 1),
(231, 44, 'pic_23071_44_2.JPG', 1),
(232, 44, 'pic_23071_44_3.JPG', 1),
(233, 44, 'pic_23071_44_4.JPG', 1),
(234, 44, 'pic_23071_44_4.pdf', 2),
(235, 45, 'pic_23072_45_1.JPG', 1),
(236, 45, 'pic_23072_45_2.JPG', 1),
(237, 45, 'pic_23072_45_3.JPG', 1),
(238, 45, 'pic_23072_45_4.JPG', 1),
(239, 45, 'pic_23072_45_5.JPG', 1),
(240, 45, 'pic_23072_45_6.JPG', 1),
(241, 45, 'pic_23072_45_7.JPG', 1),
(242, 45, 'pic_23072_45_7.pdf', 2);

-- --------------------------------------------------------

--
-- Tabellenstruktur für Tabelle `brand`
--

CREATE TABLE `brand` (
  `No` int(11) NOT NULL,
  `brand` varchar(255) CHARACTER SET utf8 COLLATE utf8_unicode_ci NOT NULL
) ENGINE=InnoDB DEFAULT CHARSET=latin1 COLLATE=latin1_general_cs;

--
-- Daten für Tabelle `brand`
--

INSERT INTO `brand` (`No`, `brand`) VALUES
(0, ''),
(2, 'BerryValley'),
(1, 'Driscoll''s');

-- --------------------------------------------------------

--
-- Tabellenstruktur für Tabelle `certificate_product`
--

CREATE TABLE `certificate_product` (
  `No` int(11) NOT NULL,
  `certificate` int(11) NOT NULL,
  `product` varchar(20) COLLATE utf8_unicode_ci NOT NULL
) ENGINE=InnoDB DEFAULT CHARSET=utf8 COLLATE=utf8_unicode_ci;

--
-- Daten für Tabelle `certificate_product`
--

INSERT INTO `certificate_product` (`No`, `certificate`, `product`) VALUES
(14, 2, '0250'),
(15, 2, '0234'),
(17, 2, '0235'),
(18, 2, '0030');

-- --------------------------------------------------------

--
-- Tabellenstruktur für Tabelle `certificate_scope`
--

CREATE TABLE `certificate_scope` (
  `No` int(11) NOT NULL,
  `scope` varchar(100) COLLATE utf8_unicode_ci NOT NULL
) ENGINE=InnoDB DEFAULT CHARSET=utf8 COLLATE=utf8_unicode_ci;

--
-- Daten für Tabelle `certificate_scope`
--

INSERT INTO `certificate_scope` (`No`, `scope`) VALUES
(6, 'Broker'),
(5, 'Cash & Carry'),
(2, 'Food'),
(7, 'Kein'),
(3, 'Logistics'),
(1, 'Production'),
(4, 'Wholesale');

-- --------------------------------------------------------

--
-- Tabellenstruktur für Tabelle `certificate_vendor`
--

CREATE TABLE `certificate_vendor` (
  `No` int(11) NOT NULL,
  `certificate` int(11) NOT NULL,
  `vendor` varchar(20) COLLATE utf8_unicode_ci NOT NULL,
  `reg_id` varchar(20) COLLATE utf8_unicode_ci NOT NULL,
  `cert_id` varchar(20) COLLATE utf8_unicode_ci NOT NULL,
  `scope` int(11) NOT NULL,
  `cert_option` smallint(6) NOT NULL,
  `region` int(11) NOT NULL,
  `due_date` datetime NOT NULL,
  `remark` varchar(255) COLLATE utf8_unicode_ci NOT NULL
) ENGINE=InnoDB DEFAULT CHARSET=utf8 COLLATE=utf8_unicode_ci;

--
-- Daten für Tabelle `certificate_vendor`
--

INSERT INTO `certificate_vendor` (`No`, `certificate`, `vendor`, `reg_id`, `cert_id`, `scope`, `cert_option`, `region`, `due_date`, `remark`) VALUES
(2, 2, '000817', '0', '4049921234567', 1, 1, 0, '2018-08-15 12:15:35', 'test'),
(3, 3, '000817', '0', '4049922345678', 1, 0, 0, '2018-02-15 00:00:00', ''),
(13, 5, '000817', '', 'NRW', 1, 0, 0, '2018-02-15 00:00:00', ''),
(14, 7, '000817', '', '4049921234567', 1, 0, 0, '2017-10-10 00:00:00', ''),
(342, 2, '070122', '', '4050373384470', 1, 1, 0, '2018-01-31 22:22:26', ''),
(343, 2, '073634', '', '4050373702656', 1, 1, 0, '2018-01-19 22:22:26', ''),
(344, 2, '070134', '', '4049928838957', 1, 1, 0, '2018-09-10 22:22:26', ''),
(345, 2, '070088', '', '4050373855963', 1, 1, 0, '2018-07-24 22:22:26', ''),
(346, 2, '070144', '', '4056186679437', 1, 1, 0, '2018-06-29 22:22:26', ''),
(347, 2, '070140', '', '4049928385208', 1, 1, 0, '2018-06-01 22:22:26', ''),
(348, 2, '070142', '', '4052852025218', 1, 1, 0, '2018-05-19 22:22:26', ''),
(349, 2, '070053', '', '4049929291898', 1, 2, 0, '2018-03-10 22:22:26', ''),
(350, 2, '088914', '', '4056186722249', 1, 1, 0, '2018-07-06 22:22:26', ''),
(351, 6, '070038', '', '53550', 2, 0, 0, '2017-10-13 22:22:26', ''),
(352, 3, '070038', '', '', 4, 0, 0, '2017-08-18 22:22:26', ''),
(353, 2, '070038', '', '4056186786807', 1, 2, 0, '2017-10-29 22:22:26', ''),
(354, 4, '070109', '', '', 2, 0, 0, '2017-03-31 22:22:26', ''),
(355, 2, '073537', '', '4052852381864', 1, 1, 0, '2017-12-17 22:22:26', ''),
(356, 2, '086330', '', '4050373913786', 1, 1, 0, '2018-01-25 22:22:26', ''),
(357, 6, '070031', '', '1016', 5, 0, 0, '2018-06-01 22:22:26', ''),
(358, 3, '070031', '', '', 4, 0, 0, '2019-04-06 22:22:26', ''),
(359, 2, '070031', '', '4052852371391', 1, 1, 0, '2017-11-28 22:22:26', ''),
(360, 4, '070031', '', '', 5, 0, 0, '2017-01-31 22:22:26', ''),
(361, 6, '070129', '', '52545', 2, 0, 0, '2018-07-18 22:22:26', ''),
(362, 2, '070129', '', '4056186738332', 1, 1, 0, '2018-07-10 22:22:26', ''),
(363, 6, '086841', '', '2687', 5, 0, 0, '2018-08-03 22:22:26', ''),
(364, 3, '086841', '', '', 4, 0, 0, '2018-06-19 22:22:26', ''),
(365, 4, '086841', '', '', 5, 0, 0, '2017-12-31 22:22:26', ''),
(366, 2, '070110', '', '4050373022709', 1, 1, 0, '2018-07-30 22:22:26', ''),
(367, 2, '070149', '', '4052852223676', 1, 1, 0, '2018-09-18 22:22:26', ''),
(368, 2, '070820', '', '4056186679420', 1, 1, 0, '2018-06-16 22:22:26', ''),
(369, 6, '070824', '', '10201', 2, 0, 0, '2018-08-27 22:22:26', ''),
(370, 4, '070824', '', '', 2, 0, 0, '2017-12-31 22:22:26', ''),
(371, 3, '026507', '', '', 4, 0, 0, '2018-07-25 22:22:26', ''),
(372, 3, '026507', '', '4049929257245', 1, 0, 0, '2018-07-25 22:22:26', ''),
(373, 2, '026507', '', '4049929257245', 1, 3, 0, '2018-07-25 22:22:26', ''),
(374, 4, '026507', '', '', 2, 0, 0, '2019-01-31 00:00:00', ''),
(375, 6, '073503', '', '11272', 2, 0, 0, '2018-09-19 22:22:26', ''),
(376, 3, '070818', '', '', 4, 0, 0, '2018-05-23 22:22:26', ''),
(377, 2, '070818', '', '4049929742161', 1, 1, 0, '2018-05-23 22:22:26', ''),
(378, 3, '077743', '', '', 4, 0, 0, '2018-04-15 22:22:26', ''),
(379, 3, '077743', '', '4049929257474', 1, 0, 0, '2018-04-15 22:22:26', ''),
(380, 2, '077743', '', '4049929257474', 1, 3, 0, '2018-04-15 22:22:26', ''),
(381, 2, '079856', '', '4049929731677', 1, 1, 0, '2017-12-04 22:22:26', ''),
(382, 2, '072156', '', '4056186909527', 1, 1, 0, '2017-12-20 22:22:26', ''),
(383, 2, '070806', '', '4049928831521', 1, 1, 0, '2018-10-02 22:22:26', ''),
(384, 2, '070732', '', '4049928410900', 1, 1, 0, '2018-03-05 22:22:26', ''),
(385, 6, '070767', '', '35172', 2, 0, 0, '2018-02-04 22:22:26', ''),
(386, 2, '095319', '', '4049929232679', 1, 1, 0, '2018-07-10 22:22:26', ''),
(387, 6, '070814', '', '37873', 6, 0, 0, '2017-12-21 22:22:26', ''),
(388, 2, '070814', '', '4052852403115', 1, 1, 0, '2017-11-22 22:22:26', ''),
(389, 4, '070814', '', '', 6, 0, 0, '2017-10-13 00:00:00', ''),
(390, 6, '096127', '', '43326', 5, 0, 0, '2018-01-02 22:22:26', ''),
(391, 6, '090396', '', '31557', 6, 0, 0, '2018-07-20 22:22:26', ''),
(392, 3, '090396', '', '', 4, 0, 0, '2018-06-29 22:22:26', ''),
(393, 2, '070783', '', '8717344160001', 1, 1, 0, '2018-02-19 22:22:26', ''),
(394, 6, '070809', '', '15823', 2, 0, 0, '2018-06-26 22:22:26', ''),
(395, 3, '070809', '', '', 4, 0, 0, '2017-08-01 22:22:26', ''),
(396, 4, '070809', '', '', 2, 0, 0, '2016-12-31 22:22:26', ''),
(397, 6, '070823', '', '5443', 2, 0, 0, '2018-01-03 22:22:26', ''),
(398, 2, '070828', '', '4049929273276', 1, 1, 0, '2017-12-04 22:22:26', ''),
(399, 4, '070828', '', '', 2, 0, 0, '2018-01-31 22:22:26', ''),
(400, 3, '070821', '', '', 4, 0, 0, '2017-10-18 22:22:26', ''),
(401, 3, '070821', '', '4049928855640', 1, 0, 0, '2017-10-18 22:22:26', ''),
(402, 2, '070821', '', '4049928855640', 1, 3, 0, '2017-10-22 16:09:15', ''),
(403, 6, '074223', '', '35222', 6, 0, 0, '2018-02-02 22:22:26', ''),
(404, 6, '071808', '', '46385', 6, 0, 0, '2017-12-18 22:22:26', ''),
(405, 4, '071808', '', '', 6, 0, 0, '2017-10-13 00:00:00', ''),
(406, 2, '078892', '', '4056186512055', 1, 0, 0, '2017-10-13 00:00:00', ''),
(408, 3, '070722', '', '4049928657244', 1, 0, 0, '2018-06-26 22:22:26', ''),
(409, 2, '070722', '', '4049928657244', 1, 3, 0, '2018-06-26 22:22:26', ''),
(410, 2, '071813', '', '4049929972995', 1, 1, 0, '2017-12-23 22:22:26', ''),
(411, 6, '071430', '', '43082', 6, 0, 0, '2018-01-19 22:22:26', ''),
(412, 3, '071430', '', '', 4, 0, 0, '2018-04-26 22:22:26', ''),
(413, 4, '071430', '', '', 6, 0, 0, '2018-12-31 22:22:26', ''),
(414, 6, '071811', '', '6994', 2, 0, 0, '2017-12-30 22:22:26', ''),
(415, 2, '071811', '', '4049929046146', 1, 2, 0, '2017-11-17 22:22:26', ''),
(416, 4, '071811', '', '', 2, 0, 0, '2017-04-30 22:22:26', ''),
(417, 6, '071566', '', '36219', 2, 0, 0, '2018-07-07 22:22:26', ''),
(418, 2, '071566', '', '4049929503571', 1, 2, 0, '2018-05-28 22:22:26', ''),
(419, 6, '072152', '', '28224', 6, 0, 0, '2018-09-18 22:22:26', ''),
(420, 2, '072152', '', '4049928599858', 1, 2, 0, '2018-08-15 22:22:26', ''),
(421, 6, '074227', '', '31966', 2, 0, 0, '2018-04-18 22:22:26', ''),
(422, 4, '074227', '', '', 2, 0, 0, '2017-12-31 22:22:26', ''),
(423, 6, '072136', '', '30129', 6, 0, 0, '2017-12-22 22:22:26', ''),
(424, 6, '072817', '', '3699', 3, 0, 0, '2018-07-01 22:22:26', ''),
(425, 3, '072817', '', '', 4, 0, 0, '2017-11-30 22:22:26', ''),
(426, 4, '072817', '', '', 3, 0, 0, '2017-02-28 22:22:26', ''),
(427, 6, '080554', '', '39877', 2, 0, 0, '2018-05-05 22:22:26', ''),
(428, 2, '080554', '', '4049929498891', 1, 2, 0, '2018-03-10 22:22:26', ''),
(429, 6, '080550', '', '2579', 5, 0, 0, '2018-10-26 22:22:26', ''),
(430, 3, '080550', '', '', 4, 0, 0, '2017-06-27 22:22:26', ''),
(431, 4, '080550', '', '', 5, 0, 0, '2018-02-28 22:22:26', ''),
(432, 6, '072823', '', '2111', 5, 0, 0, '2018-07-27 22:22:26', ''),
(433, 3, '072823', '', '', 4, 0, 0, '2018-03-25 22:22:26', ''),
(434, 2, '072835', '', '4049928431387', 1, 2, 0, '2018-03-13 22:22:26', ''),
(435, 6, '072855', '', '34760', 6, 0, 0, '2017-12-23 22:22:26', ''),
(436, 3, '072855', '', '', 4, 0, 0, '2018-07-20 22:22:26', ''),
(437, 4, '072855', '', '', 6, 0, 0, '2017-04-30 22:22:26', ''),
(438, 2, '072806', '', '4049929011625', 1, 2, 0, '2018-06-07 22:22:26', ''),
(439, 2, '080556', '', '4049928911353', 1, 2, 0, '2017-12-15 22:22:26', ''),
(440, 4, '072847', '', '', 6, 0, 0, '2016-05-29 22:22:26', ''),
(441, 2, '070816', '', '4050373880484', 1, 1, 0, '2018-10-02 22:22:26', ''),
(442, 2, '072862', '', '4049928826459', 1, 1, 0, '2017-10-31 22:22:26', ''),
(443, 2, '082610', '', '4049928826459', 1, 1, 0, '2017-10-31 22:22:26', ''),
(444, 2, '072864', '', '4056186712264', 1, 1, 0, '2018-07-07 22:22:26', ''),
(445, 6, '017527', '', '1865', 3, 0, 0, '2018-08-09 22:22:26', ''),
(446, 3, '017527', '', '', 4, 0, 0, '2018-01-22 22:22:26', ''),
(447, 4, '017527', '', '', 3, 0, 0, '2017-12-31 22:22:26', ''),
(448, 3, '074461', '', '', 4, 0, 0, '2018-06-13 22:22:26', ''),
(449, 3, '074461', '', '4049929938854', 1, 0, 0, '2018-06-13 22:22:26', ''),
(450, 2, '074461', '', '4049929938854', 1, 3, 0, '2018-06-13 22:22:26', ''),
(451, 6, '073637', '', '30396', 6, 0, 0, '2018-02-08 22:22:26', ''),
(452, 4, '073637', '', '', 6, 0, 0, '2017-12-31 22:22:26', ''),
(453, 2, '073590', '', '4049928430564', 1, 2, 0, '2018-01-18 22:22:26', ''),
(454, 2, '073604', '', '4050373066208', 1, 1, 0, '2018-01-31 22:22:26', ''),
(455, 2, '073534', '', '4050373022976', 1, 1, 0, '2018-06-08 22:22:26', ''),
(456, 2, '073618', '', '4050373032692', 1, 1, 0, '2018-04-27 22:22:26', ''),
(457, 6, '073607', '', '14600', 2, 0, 0, '2018-03-14 22:22:26', ''),
(458, 2, '073607', '', '4049929028654', 1, 1, 0, '2018-03-25 22:22:26', ''),
(459, 2, '073540', '', '4056186250261', 1, 2, 0, '2018-05-14 22:22:26', ''),
(460, 6, '071580', '', '39832', 2, 0, 0, '2018-06-05 22:22:26', ''),
(461, 2, '071580', '', '4049929046122', 1, 2, 0, '2018-03-29 22:22:26', ''),
(462, 4, '073558', '', '', 2, 0, 0, '2018-06-28 22:22:26', ''),
(463, 6, '073509', '', '31881', 2, 0, 0, '2018-08-19 22:22:26', ''),
(464, 6, '078438', '', '645', 5, 0, 0, '2017-10-13 00:00:00', ''),
(465, 4, '078438', '', '', 5, 0, 0, '2017-11-30 22:22:26', ''),
(466, 6, '073536', '', '42632', 6, 0, 0, '2018-05-04 22:22:26', ''),
(467, 2, '073536', '', '4050373171254', 1, 1, 0, '2018-09-30 22:22:26', ''),
(468, 2, '073622', '', '4052852632409', 1, 2, 0, '2017-11-28 22:22:26', ''),
(469, 6, '073600', '', '27961', 6, 0, 0, '2018-09-24 22:22:26', ''),
(470, 3, '073600', '', '', 4, 0, 0, '2018-07-22 22:22:26', ''),
(471, 6, '073614', '', '39192', 6, 0, 0, '2018-08-31 22:22:26', ''),
(472, 2, '073614', '', '4050373724542', 1, 1, 0, '2017-12-12 22:22:26', ''),
(473, 6, '073502', '', '36466', 6, 0, 0, '2018-04-08 22:22:26', ''),
(474, 4, '073502', '', '', 6, 0, 0, '2016-12-31 22:22:26', ''),
(475, 2, '070754', '', '4052852173292', 1, 1, 0, '2018-06-28 22:22:26', ''),
(476, 2, '071812', '', '4052852473514', 1, 1, 0, '2018-04-24 22:22:26', ''),
(477, 6, '037560', '', '16613', 5, 0, 0, '2018-03-20 22:22:26', ''),
(478, 3, '037560', '', '', 4, 0, 0, '2019-02-12 22:22:26', ''),
(480, 6, '073626', '', '28279', 6, 0, 0, '2018-06-21 22:22:26', ''),
(481, 3, '073626', '', '', 4, 0, 0, '2019-05-29 22:22:26', ''),
(482, 4, '073626', '', '', 6, 0, 0, '2017-02-18 22:22:26', ''),
(483, 2, '074225', '', '4049929275119', 1, 1, 0, '2017-11-15 22:22:26', ''),
(484, 2, '074470', '', '4050373066208', 1, 1, 0, '2018-01-31 22:22:26', ''),
(485, 3, '074229', '', '', 4, 0, 0, '2017-10-13 00:00:00', ''),
(486, 2, '074471', '', '4050373262075', 1, 1, 0, '2017-11-11 22:22:26', ''),
(487, 2, '074780', '', '4050373954611', 1, 1, 0, '2017-11-28 22:22:26', ''),
(488, 4, '074780', '', '', 6, 0, 0, '2017-10-13 00:00:00', ''),
(489, 4, '074226', '', '', 6, 0, 0, '2017-10-13 00:00:00', ''),
(490, 2, '074795', '', '4056186679444', 1, 1, 0, '2018-07-06 22:22:26', ''),
(491, 6, '074477', '', '54493', 6, 0, 0, '2017-12-15 22:22:26', ''),
(492, 6, '074219', '', '13223', 2, 0, 0, '2018-04-18 22:22:26', ''),
(493, 2, '074219', '', '4050373066123', 1, 2, 0, '2018-03-01 22:22:26', ''),
(494, 4, '074958', '', '', 2, 0, 0, '2017-10-13 00:00:00', ''),
(495, 3, '070787', '', '', 4, 0, 0, '2018-03-23 22:22:26', ''),
(496, 3, '070787', '', '4049929717480', 1, 0, 0, '2018-03-23 22:22:26', ''),
(497, 2, '070787', '', '4049929717480', 1, 3, 0, '2018-03-23 22:22:26', ''),
(498, 3, '077046', '', '', 4, 0, 0, '2017-10-21 22:22:26', ''),
(499, 3, '077046', '', '4049928838445', 1, 0, 0, '2017-10-21 22:22:26', ''),
(500, 2, '077046', '', '4049928838445', 1, 3, 0, '2017-10-21 22:22:26', ''),
(501, 3, '074953', '', '', 4, 0, 0, '2018-06-11 22:22:26', ''),
(502, 3, '074953', '', '4049929484894', 1, 0, 0, '2018-06-11 22:22:26', ''),
(503, 2, '074953', '', '4049929484894', 1, 3, 0, '2018-06-11 22:22:26', ''),
(504, 6, '070124', '', '2093', 2, 0, 0, '2018-01-29 22:22:26', ''),
(505, 3, '070124', '', '', 4, 0, 0, '2018-06-15 22:22:26', ''),
(506, 2, '070124', '', '4049929141841', 1, 1, 0, '2018-06-11 22:22:26', ''),
(507, 3, '074977', '', '', 4, 0, 0, '2017-10-13 00:00:00', ''),
(508, 3, '074977', '', '4056186677853', 1, 0, 0, '2017-10-13 00:00:00', ''),
(509, 2, '074977', '', '4056186677853', 1, 3, 0, '2017-10-13 00:00:00', ''),
(510, 2, '074972', '', '4049928998774', 1, 1, 0, '2018-05-09 22:22:26', ''),
(511, 6, '074939', '', '4242', 2, 0, 0, '2018-06-07 22:22:26', ''),
(512, 2, '074939', '', '4050373038632', 1, 1, 0, '2017-10-13 00:00:00', ''),
(513, 6, '075624', '', '??', 6, 0, 0, '2017-10-13 00:00:00', ''),
(514, 2, '075624', '', '4050373842444', 1, 2, 0, '2018-07-05 22:22:26', ''),
(515, 4, '075624', '', '', 6, 0, 0, '2017-12-31 22:22:26', ''),
(516, 6, '076312', '', '3863', 6, 0, 0, '2018-05-14 22:22:26', ''),
(517, 2, '088913', '', '4056186675750', 1, 1, 0, '2018-06-20 22:22:26', ''),
(518, 2, '088915', '', '4056186268389', 1, 1, 0, '2018-06-05 22:22:26', ''),
(519, 3, '077049', '', '', 4, 0, 0, '2018-04-06 22:22:26', ''),
(520, 3, '077049', '', '4049929028838', 1, 0, 0, '2018-04-06 22:22:26', ''),
(521, 2, '077049', '', '4049929028838', 1, 3, 0, '2018-04-06 22:22:26', ''),
(522, 3, '077013', '', '', 4, 0, 0, '2017-10-21 22:22:26', ''),
(523, 3, '077013', '', '4049929515536', 1, 0, 0, '2017-10-21 22:22:26', ''),
(524, 2, '077013', '', '4049929515536', 1, 3, 0, '2017-10-21 22:22:26', ''),
(525, 6, '077032', '', '15341', 5, 0, 0, '2017-11-08 22:22:26', ''),
(526, 3, '077032', '', '', 4, 0, 0, '2017-10-24 22:22:26', ''),
(527, 4, '077032', '', '', 5, 0, 0, '2017-07-31 22:22:26', ''),
(528, 4, '077033', '', '', 5, 0, 0, '2016-12-31 22:22:26', ''),
(529, 2, '077055', '', '4052852955485', 1, 1, 0, '2018-09-08 22:22:26', ''),
(530, 6, '077035', '', '32536', 2, 0, 0, '2018-09-02 22:22:26', ''),
(531, 4, '077035', '', '', 2, 0, 0, '2017-12-31 22:22:26', ''),
(532, 6, '077024', '', '51443', 5, 0, 0, '2018-06-14 22:22:26', ''),
(533, 3, '077024', '', '', 4, 0, 0, '2018-04-24 22:22:26', ''),
(534, 6, '026531', '', '28285', 6, 0, 0, '2018-05-27 22:22:26', ''),
(535, 3, '026531', '', '', 4, 0, 0, '2017-10-13 00:00:00', ''),
(536, 6, '073597', '', '3256', 5, 0, 0, '2017-11-27 22:22:26', ''),
(537, 3, '073597', '', '', 4, 0, 0, '2018-10-29 22:22:26', ''),
(538, 4, '073597', '', '', 5, 0, 0, '2016-09-30 22:22:26', ''),
(539, 2, '077777', '', '4059883057621', 1, 0, 0, '2018-04-12 22:22:26', ''),
(540, 4, '077777', '', '', 5, 0, 0, '2020-04-13 22:22:26', ''),
(541, 6, '077776', '', '28276', 6, 0, 0, '2018-05-14 22:22:26', ''),
(542, 3, '077776', '', '', 4, 0, 0, '2018-07-14 22:22:26', ''),
(543, 4, '077776', '', '', 6, 0, 0, '2018-01-31 22:22:26', ''),
(544, 3, '078890', '', '', 4, 0, 0, '2018-03-14 22:22:26', ''),
(545, 2, '078890', '', '4049929028746', 1, 3, 0, '2018-04-14 22:22:26', ''),
(546, 2, '079853', '', '4052852265096', 1, 1, 0, '2018-03-24 22:22:26', ''),
(547, 2, '074796', '', '4056186679451', 1, 1, 0, '2018-07-06 22:22:26', ''),
(548, 2, '078460', '', '4050373099862', 1, 1, 0, '2018-03-23 22:22:26', ''),
(549, 2, '078442', '', '4049928164223', 1, 1, 0, '2017-12-07 22:22:26', ''),
(550, 3, '078893', '', '', 4, 0, 0, '2018-03-18 22:22:26', ''),
(551, 3, '078893', '', '4056186679468', 1, 0, 0, '2018-03-18 22:22:26', ''),
(552, 2, '078893', '', '4056186679468', 1, 3, 0, '2018-03-18 22:22:26', ''),
(553, 3, '078482', '', '', 4, 0, 0, '2017-11-08 22:22:26', ''),
(554, 3, '078482', '', '4049929484931', 1, 0, 0, '2017-11-08 22:22:26', ''),
(555, 2, '078482', '', '4049929484931', 1, 3, 0, '2017-11-08 22:22:26', ''),
(556, 6, '079121', '', '44570', 6, 0, 0, '2018-09-06 22:22:26', ''),
(557, 4, '079121', '', '', 6, 0, 0, '2018-12-31 22:22:26', ''),
(558, 2, '079131', '', '4052852911412', 1, 1, 0, '2017-11-18 22:22:26', ''),
(559, 3, '079845', '', '', 4, 0, 0, '2018-04-21 22:22:26', ''),
(560, 3, '079845', '', '4049928626554', 1, 0, 0, '2018-04-21 22:22:26', ''),
(561, 2, '079845', '', '4049928626554', 1, 3, 0, '2018-04-21 22:22:26', ''),
(562, 6, '079825', '', '1858', 5, 0, 0, '2018-05-22 22:22:26', ''),
(563, 3, '079825', '', '', 4, 0, 0, '2018-05-18 22:22:26', ''),
(564, 3, '073616', '', '', 4, 0, 0, '2018-05-26 22:22:26', ''),
(565, 3, '073616', '', '4050373119027', 1, 0, 0, '2018-05-26 22:22:26', ''),
(566, 2, '073616', '', '4050373119027', 1, 3, 0, '2018-05-26 22:22:26', ''),
(567, 2, '079841', '', '4049928627001', 1, 1, 0, '2018-07-20 22:22:26', ''),
(568, 6, '081905', '', '3457', 2, 0, 0, '2018-01-08 22:22:26', ''),
(569, 3, '081905', '', '', 4, 0, 0, '2017-10-29 22:22:26', ''),
(570, 6, '079847', '', '', 6, 0, 0, '2017-10-13 00:00:00', ''),
(571, 3, '079847', '', '', 4, 0, 0, '2017-06-18 22:22:26', ''),
(572, 2, '079847', '', '4049929285163', 1, 1, 0, '2018-07-11 22:22:26', ''),
(573, 6, '079834', '', '48432', 4, 0, 0, '2018-06-04 22:22:26', ''),
(574, 3, '079834', '', '', 4, 0, 0, '2018-04-29 22:22:26', ''),
(575, 4, '079834', '', '', 4, 0, 0, '2017-12-31 22:22:26', ''),
(577, 2, '079842', '', '4050373901783', 1, 1, 0, '2017-11-07 22:22:26', ''),
(578, 2, '080538', '', '4056186263872', 1, 1, 0, '2018-09-27 22:22:26', ''),
(579, 6, '074797', '', '2079', 6, 0, 0, '2018-04-16 22:22:26', ''),
(580, 3, '074797', '', '', 4, 0, 0, '2019-06-03 22:22:26', ''),
(581, 2, '074797', '', '4049928435187', 1, 2, 0, '2017-11-12 22:22:26', ''),
(582, 4, '074797', '', '', 6, 0, 0, '2018-02-28 22:22:26', ''),
(583, 2, '080557', '', '4059883068375', 1, 1, 0, '2018-09-18 22:22:26', ''),
(584, 2, '079855', '', '4049928428493', 1, 1, 0, '2017-11-22 22:22:26', ''),
(585, 3, '082676', '', '', 4, 0, 0, '2017-12-20 22:22:26', ''),
(586, 3, '082676', '', '4049929709409', 1, 0, 0, '2017-12-20 22:22:26', ''),
(587, 2, '082676', '', '4049929709409', 1, 3, 0, '2017-12-20 22:22:26', ''),
(588, 2, '077742', '', '4049929029422', 1, 2, 0, '2018-02-18 22:22:26', ''),
(589, 6, '080586', '', '35157', 6, 0, 0, '2018-05-08 22:22:26', ''),
(590, 3, '080586', '', '', 4, 0, 0, '2018-03-30 22:22:26', ''),
(591, 6, '081956', '', '3238', 5, 0, 0, '2017-12-06 22:22:26', ''),
(592, 2, '081916', '', '4052852904834', 1, 1, 0, '2018-06-29 22:22:26', ''),
(593, 2, '077753', '', '4049928202109', 1, 1, 0, '2018-08-02 22:22:26', ''),
(594, 6, '081960', '', '30115', 6, 0, 0, '2017-12-08 22:22:26', ''),
(595, 4, '081960', '', '', 6, 0, 0, '2017-01-31 22:22:26', ''),
(596, 3, '070725', '', '', 4, 0, 0, '2017-10-13 00:00:00', ''),
(597, 2, '070725', '', '4049928400833', 1, 1, 0, '2018-06-25 22:22:26', ''),
(598, 6, '081961', '', '26354', 2, 0, 0, '2018-03-21 22:22:26', ''),
(599, 4, '081961', '', '', 2, 0, 0, '2016-12-31 22:22:26', ''),
(600, 2, '081971', '', '4056186633194', 1, 1, 0, '2018-07-10 22:22:26', ''),
(601, 3, '081190', '', '', 4, 0, 0, '2018-06-19 22:22:26', ''),
(602, 3, '081190', '', '4049929024694', 1, 0, 0, '2018-06-19 22:22:26', ''),
(603, 2, '081190', '', '4049929024694', 1, 3, 0, '2018-06-19 22:22:26', ''),
(604, 6, '079849', '', '52872', 2, 0, 0, '2017-10-13 00:00:00', ''),
(605, 2, '079849', '', '4052852968423', 1, 1, 0, '2017-10-13 00:00:00', ''),
(606, 2, '082664', '', '4050373567859', 1, 1, 0, '2017-12-05 22:22:26', ''),
(607, 2, '070058', '', '4049929270916', 1, 1, 0, '2017-12-08 22:22:26', ''),
(608, 6, '084664', '', '40316', 6, 0, 0, '2018-07-21 22:22:26', ''),
(609, 2, '072863', '', '4049929244283', 1, 1, 0, '2018-04-19 22:22:26', ''),
(610, 2, '079840', '', '8016364000039', 1, 2, 0, '2018-09-06 22:22:26', ''),
(611, 4, '079840', '', '', 6, 0, 0, '2017-01-17 22:22:26', ''),
(614, 3, '082671', '', '', 4, 0, 0, '2018-07-23 22:22:26', ''),
(615, 3, '082671', '', '4049929486317', 1, 0, 0, '2018-07-23 22:22:26', ''),
(616, 2, '082671', '', '4049929486317', 1, 3, 0, '2018-07-23 22:22:26', ''),
(617, 3, '082692', '', '', 4, 0, 0, '2018-06-09 22:22:26', ''),
(618, 3, '082692', '', '4049929715615', 1, 0, 0, '2018-06-09 22:22:26', ''),
(619, 2, '082692', '', '4049929715615', 1, 3, 0, '2018-06-09 22:22:26', ''),
(620, 3, '082623', '', '', 4, 0, 0, '2018-04-14 22:22:26', ''),
(621, 3, '082623', '', '4049929028746', 1, 0, 0, '2018-04-14 22:22:26', ''),
(622, 2, '082623', '', '4049929028746', 1, 3, 0, '2018-04-14 22:22:26', ''),
(623, 2, '082626', '', '4050373987237', 1, 1, 0, '2017-11-02 22:22:26', ''),
(624, 2, '082688', '', '4056186726292', 1, 1, 0, '2018-07-10 22:22:26', ''),
(625, 3, '082643', '', '', 4, 0, 0, '2018-02-16 22:22:26', ''),
(626, 3, '082643', '', '4049929252448', 1, 0, 0, '2018-02-16 22:22:26', ''),
(627, 2, '082643', '', '4049929252448', 1, 3, 0, '2018-02-16 22:22:26', ''),
(628, 6, '082619', '', '28248', 6, 0, 0, '2018-03-01 22:22:26', ''),
(629, 6, '092692', '', '10304', 2, 0, 0, '2018-03-28 22:22:26', ''),
(630, 2, '084017', '', '4052852208314', 1, 2, 0, '2017-10-13 00:00:00', ''),
(631, 2, '083835', '', '4056186713513', 1, 1, 0, '2018-07-11 22:22:26', ''),
(632, 6, '072146', '', '35806', 6, 0, 0, '2018-05-04 22:22:26', ''),
(633, 3, '077755', '', '', 4, 0, 0, '2018-04-10 22:22:26', ''),
(634, 3, '077755', '', '4049928168153', 1, 0, 0, '2018-04-10 22:22:26', ''),
(635, 2, '077755', '', '4049928168153', 1, 3, 0, '2018-04-10 22:22:26', ''),
(636, 3, '074213', '', '', 4, 0, 0, '2018-03-24 22:22:26', ''),
(637, 3, '074213', '', '4049929475458', 1, 0, 0, '2018-03-24 22:22:26', ''),
(638, 2, '074213', '', '4049929475458', 1, 3, 0, '2018-03-24 22:22:26', ''),
(639, 6, '082608', '', '15180', 2, 0, 0, '2018-08-17 22:22:26', ''),
(640, 3, '082608', '', '', 4, 0, 0, '2017-10-13 00:00:00', ''),
(641, 4, '082608', '', '', 2, 0, 0, '2017-12-31 22:22:26', ''),
(642, 3, '078445', '', '', 4, 0, 0, '2018-02-18 22:22:26', ''),
(643, 3, '078445', '', '4049929488519', 1, 0, 0, '2018-02-18 22:22:26', ''),
(644, 2, '078445', '', '4049929488519', 1, 3, 0, '2018-02-18 22:22:26', ''),
(645, 3, '084025', '', '', 4, 0, 0, '2018-04-02 22:22:26', ''),
(646, 3, '084025', '', '4049928173249', 1, 0, 0, '2018-04-02 22:22:26', ''),
(647, 2, '084025', '', '4049928173249', 1, 1, 0, '2018-04-02 22:22:26', ''),
(648, 2, '082686', '', '4052852207423', 1, 1, 0, '2017-10-13 00:00:00', ''),
(649, 6, '070741', '', '42230', 2, 0, 0, '2018-07-02 22:22:26', ''),
(650, 3, '070741', '', '', 4, 0, 0, '2017-08-01 22:22:26', ''),
(651, 4, '070741', '', '', 2, 0, 0, '2016-12-31 22:22:26', ''),
(652, 2, '095940', '', '4049929029422', 1, 2, 0, '2018-02-18 22:22:26', ''),
(653, 6, '081970', '', '47057', 2, 0, 0, '2018-03-29 22:22:26', ''),
(654, 2, '081970', '', '4049929959774', 1, 2, 0, '2018-03-31 22:22:26', ''),
(655, 2, '080599', '', '4049929926288', 1, 1, 0, '2018-08-24 22:22:26', ''),
(656, 2, '084711', '', '4050373923426', 1, 1, 0, '2018-05-24 22:22:26', ''),
(657, 3, '085015', '', '', 4, 0, 0, '2018-05-09 22:22:26', ''),
(658, 3, '085015', '', '4049928398222', 1, 0, 0, '2018-05-09 22:22:26', ''),
(659, 2, '085015', '', '4049928398222', 1, 3, 0, '2018-05-19 22:22:26', ''),
(660, 6, '077756', '', '37891', 3, 0, 0, '2017-11-14 22:22:26', ''),
(661, 6, '085418', '', '35599', 2, 0, 0, '2018-05-08 22:22:26', ''),
(662, 3, '085418', '', '', 4, 0, 0, '2018-03-21 22:22:26', ''),
(663, 4, '085418', '', '', 2, 0, 0, '2017-03-31 22:22:26', ''),
(664, 2, '086324', '', '4050373022976', 1, 1, 0, '2018-06-08 22:22:26', ''),
(665, 2, '070127', '', '4049928988515', 1, 1, 0, '2018-03-07 22:22:26', ''),
(666, 6, '086106', '', '3825', 6, 0, 0, '2018-05-09 22:22:26', ''),
(667, 3, '086106', '', '', 4, 0, 0, '2017-01-18 22:22:26', ''),
(668, 4, '086106', '', '', 6, 0, 0, '2016-12-31 22:22:26', ''),
(669, 2, '086151', '', '4056186830395', 1, 1, 0, '2017-10-25 22:22:26', ''),
(670, 2, '079852', '', '4052852266260', 1, 1, 0, '2018-03-28 22:22:26', ''),
(671, 6, '079809', '', '1619', 5, 0, 0, '2018-04-24 22:22:26', ''),
(672, 3, '079809', '', '', 4, 0, 0, '2018-04-28 22:22:26', ''),
(673, 4, '079809', '', '', 5, 0, 0, '2017-02-28 22:22:26', ''),
(674, 2, '086329', '', '4050373465704', 1, 1, 0, '2017-12-22 22:22:26', ''),
(675, 2, '086835', '', '4052852983075', 1, 2, 0, '2017-11-24 22:22:26', ''),
(676, 6, '080525', '', '834', 5, 0, 0, '2018-06-28 22:22:26', ''),
(677, 3, '080525', '', '', 4, 0, 0, '2019-03-20 22:22:26', ''),
(678, 4, '080525', '', '', 5, 0, 0, '0217-08-31 22:22:26', ''),
(679, 3, '086819', '', '', 4, 0, 0, '2018-05-03 22:22:26', ''),
(680, 3, '086819', '', '4049929288089', 1, 0, 0, '2018-05-03 22:22:26', ''),
(681, 2, '086819', '', '4049929288089', 1, 3, 0, '2018-05-03 22:22:26', ''),
(682, 6, '086822', '', '1434', 4, 0, 0, '2018-06-01 22:22:26', ''),
(683, 3, '086822', '', '', 4, 0, 0, '2018-06-08 22:22:26', ''),
(684, 4, '086822', '', '', 4, 0, 0, '2019-01-31 22:22:26', ''),
(685, 2, '079850', '', '4056186232526', 1, 1, 0, '2018-05-05 22:22:26', ''),
(686, 3, '086812', '', '', 4, 0, 0, '2017-10-13 00:00:00', ''),
(687, 2, '086812', '', '4049929480254', 1, 1, 0, '2017-10-13 00:00:00', ''),
(688, 6, '086838', '', '3121', 6, 0, 0, '2018-05-06 22:22:26', ''),
(689, 4, '086838', '', '', 6, 0, 0, '2017-12-31 22:22:26', ''),
(690, 6, '086842', '', '28783', 2, 0, 0, '2017-12-05 22:22:26', ''),
(691, 2, '086842', '', '8713783956663', 1, 1, 0, '2018-03-17 22:22:26', ''),
(692, 6, '086826', '', '26370', 6, 0, 0, '2018-04-20 22:22:26', ''),
(693, 3, '086821', '', '', 4, 0, 0, '2017-11-21 22:22:26', ''),
(694, 3, '086821', '', '4049929288140', 1, 0, 0, '2018-05-04 22:22:26', ''),
(695, 2, '086821', '', '4049929288140', 1, 3, 0, '2018-05-04 22:22:26', ''),
(700, 3, '000817', '', 'test wegen Fehler', 2, 0, 0, '2017-10-28 15:57:28', ''),
(701, 2, '070830', '', '', 1, 0, 0, '2017-10-27 00:00:00', '');

-- --------------------------------------------------------

--
-- Tabellenstruktur für Tabelle `certification`
--

CREATE TABLE `certification` (
  `No` int(11) NOT NULL,
  `certificate` varchar(255) COLLATE utf8_unicode_ci NOT NULL,
  `traceability` tinyint(1) NOT NULL,
  `product` tinyint(1) NOT NULL,
  `regionality` tinyint(1) NOT NULL,
  `scope` tinyint(1) NOT NULL,
  `social` tinyint(1) NOT NULL
) ENGINE=InnoDB DEFAULT CHARSET=utf8 COLLATE=utf8_unicode_ci;

--
-- Daten für Tabelle `certification`
--

INSERT INTO `certification` (`No`, `certificate`, `traceability`, `product`, `regionality`, `scope`, `social`) VALUES
(1, 'Kein', 0, 0, 0, 0, 0),
(2, 'Global Gap', 0, 1, 0, 0, 0),
(3, 'QS', 1, 1, 0, 1, 0),
(4, 'BIO', 1, 0, 0, 1, 0),
(5, 'Regionalfenster', 1, 1, 1, 0, 0),
(6, 'IFS', 0, 0, 0, 1, 0),
(7, 'GRASP', 0, 0, 0, 0, 1),
(8, 'FIAS', 0, 0, 0, 0, 1);

-- --------------------------------------------------------

--
-- Stellvertreter-Struktur des Views `cert_status_overview`
--
CREATE TABLE `cert_status_overview` (
`No` int(11)
,`certificate` varchar(255)
,`certificates` bigint(21)
,`over_due` bigint(21)
,`over_due_m` bigint(21)
);

-- --------------------------------------------------------

--
-- Tabellenstruktur für Tabelle `country`
--

CREATE TABLE `country` (
  `Id` varchar(10) COLLATE utf8_unicode_ci NOT NULL,
  `country` varchar(50) COLLATE utf8_unicode_ci NOT NULL,
  `ISO_3` varchar(10) COLLATE utf8_unicode_ci NOT NULL,
  `currency` varchar(30) COLLATE utf8_unicode_ci NOT NULL,
  `currency_code` varchar(10) COLLATE utf8_unicode_ci NOT NULL,
  `CC` int(11) NOT NULL,
  `BTM_code` varchar(10) COLLATE utf8_unicode_ci DEFAULT NULL
) ENGINE=InnoDB DEFAULT CHARSET=utf8 COLLATE=utf8_unicode_ci;

--
-- Daten für Tabelle `country`
--

INSERT INTO `country` (`Id`, `country`, `ISO_3`, `currency`, `currency_code`, `CC`, `BTM_code`) VALUES
('AM', 'Armenien', 'ARM', 'Dram', 'AMD', 374, '077'),
('AR', 'Argentinien', 'ARG', 'Argentinischer Peso', 'ARP', 54, '528'),
('AT', 'Republik Österreich', 'AUT', 'Euro', '€', 43, '038'),
('BA', 'Bosnien-Herzegovina', 'BIH', 'Konvertible Mark', 'BAM', 387, '093'),
('BE', 'Belgien', 'BEL', 'Euro', '€', 32, '017'),
('BG', 'Bulgarien', 'BGR', 'Lew', 'BGN', 359, '068'),
('BO', 'Bolivien', 'BOL', 'Boliviano', 'BOB', 591, '516'),
('BR', 'Brasilien', 'BRA', 'Real', 'BRL', 55, '508'),
('CA', 'Kanada', 'CAN', 'Kanada Dollar', 'CAN$', 999, '404'),
('CH', 'Schweiz', 'CHE', 'Schweizer Franken', 'CHF', 41, '039'),
('CL', 'Chile', 'CHL', 'Euro', '€', 56, '512'),
('CY', 'Cypern Republik', 'CYP', 'Euro', '€', 357, '600'),
('CZ', 'Tschechien', 'CZE', 'Tschechische Kronen', 'CZK', 420, '061'),
('DE', 'Deutschland', 'DEU', 'Euro', '€', 49, '004'),
('EG', 'Ägypten', 'EGY', 'Ägyptisches Pfund', 'EGP', 20, '220'),
('ES', 'Spanien', 'ESP', 'Euro', '€', 34, '011'),
('ET', 'Äthiopien', 'ETH', 'Äthiopischer Birr', 'ETB', 251, '334'),
('FR', 'Frankreich', 'FRA', 'Euro', '€', 33, '001'),
('GB', 'Vereinigtes Königreich', 'GBR', 'Pfund Sterling', 'GBR', 44, '006'),
('GR', 'Griechenland', 'GRC', 'Euro', '€', 30, '009'),
('HR', 'Kroatien', 'HRV', 'Kuna', 'HRV', 385, '092'),
('HU', 'Ungarn', 'HUN', 'Forint', 'HUF', 36, '064'),
('IL', 'Israel', 'ISR', 'Israelischer Shekel', 'ILS', 972, '624'),
('IN', 'Indien', 'IND', 'Rupie', 'INR', 91, '664'),
('IT', 'Italien', 'ITA', 'Euro', '€', 39, '005'),
('LU', 'Luxemburg', 'LUX', 'Euro', '€', 352, '018'),
('MA', 'Marokko', 'MAR', 'Dirham', 'MAD', 212, '204'),
('MK', 'Republik Mazedonien', 'MKD', 'Mazedonischer Denar', 'MKD', 389, '096'),
('MX', 'Mexiko', 'MEX', 'Mexikanischer Peso', 'MXP', 52, '412'),
('NL', 'Niederlande', 'NLD', 'Euro', '€', 31, '003'),
('PE', 'Peru', 'PER', 'Peruanischer Sol', 'PEN', 51, '504'),
('PL', 'Polen', 'POL', 'Zloty', 'PLN', 48, '060'),
('PT', 'Portugal', 'PRT', 'Euro', '€', 351, '010'),
('RO', 'Rumänien', 'ROU', 'Leu', 'RON', 40, '066'),
('RS', 'Serbien', 'SRB', 'Serbische Dinar', 'RSD', 381, '99'),
('SK', 'Slovakei', 'SVK', 'Euro', '€', 421, '063'),
('TR', 'Türkei', 'TUR', 'Türkische Lira', 'TRY', 90, '052'),
('US', 'Vereinigte Staaten von Amerika', 'USA', 'US Dollar', 'US$', 1, '400'),
('UY', 'Uruguay', 'URY', 'Ruguay Peso', 'UYU', 598, '524');

-- --------------------------------------------------------

--
-- Tabellenstruktur für Tabelle `customer`
--

CREATE TABLE `customer` (
  `No` varchar(20) CHARACTER SET utf8 COLLATE utf8_unicode_ci NOT NULL,
  `name` varchar(255) CHARACTER SET utf8 COLLATE utf8_unicode_ci NOT NULL,
  `name_2` varchar(255) CHARACTER SET utf8 COLLATE utf8_unicode_ci NOT NULL,
  `customer_short` varchar(255) CHARACTER SET utf8 COLLATE utf8_unicode_ci NOT NULL,
  `street` varchar(255) CHARACTER SET utf8 COLLATE utf8_unicode_ci DEFAULT NULL,
  `street_2` varchar(255) CHARACTER SET utf8 COLLATE utf8_unicode_ci DEFAULT NULL,
  `PO_code` varchar(20) CHARACTER SET utf8 COLLATE utf8_unicode_ci DEFAULT NULL,
  `city` varchar(255) CHARACTER SET utf8 COLLATE utf8_unicode_ci DEFAULT NULL,
  `country_code` varchar(10) CHARACTER SET utf8 COLLATE utf8_unicode_ci NOT NULL
) ENGINE=InnoDB DEFAULT CHARSET=latin1 COLLATE=latin1_general_cs;

--
-- Daten für Tabelle `customer`
--

INSERT INTO `customer` (`No`, `name`, `name_2`, `customer_short`, `street`, `street_2`, `PO_code`, `city`, `country_code`) VALUES
('10000', 'Barverkäufe                        ', '                                   ', 'Barverkaeufe, Duisburg             ', 'Paul-Rücker-Str. 6 b               ', '', '47059 ', 'Duisburg                     ', 'DE'),
('100003', 'Brabantse B.V. Wal                 ', 'NL 82131571801                     ', 'Brabantse, Ossendrecht             ', 'Molenstraat 60                     ', '', '4641 ', 'BE-Ossendrecht                ', 'DE'),
('10001', 'Transportes Garcia de la Fuente    ', 'S.A.                               ', 'Barverkaeufe ohne MwSt             ', 'Calle Laurel 18                    ', '', '28005 ', 'Madrid                       ', 'DE'),
('10002', 'Hermann Bongards                   ', '                                   ', 'Bongards Hermann, Moers            ', 'Schmale 5                          ', '', '47445 ', 'Moers                        ', 'DE'),
('10003', 'Atlanta Kehl                       ', 'Abt. Frankreich                    ', 'Atlanta Kehl, Kehl                 ', 'Honsellstr. 2                      ', '', '77694 ', 'Kehl                         ', 'DE'),
('10004', 'Mario Andretta & Co.               ', '                                   ', 'Andretta & Co.,Muenchen            ', 'Thalkirchner Str. 81 / Großmarkt   ', '', '81239 ', 'München                      ', 'DE'),
('10005', 'Andretta Fruchtimport GmbH         ', '                                   ', 'Andretta Fruchtimport GmbH,Stuttgar', 'Großmarkt                          ', '', '70327 ', 'Stuttgart                    ', 'DE'),
('100051', 'EXO                                ', '                                   ', 'xxx                                ', '                                   ', '', 'xxx ', '                               ', 'DE'),
('10006', 'Adrialbenga SRL                    ', 'IT 01314210095                     ', 'Adrialbenga SRL, Cisano sul Neva   ', 'Via Benessea 24                    ', '', '17035 ', 'Cisano sul Neva              ', 'DE'),
('10007', 'Fruchtimport Aykan                 ', 'Großmarkt                          ', 'Aykan, Duisburg                    ', 'Auf der Höhe 10                    ', '', '47059 ', 'Duisburg                     ', 'DE'),
('10008', 'AG für Fruchthandel                ', '                                   ', 'AG fuer Fruchthandel, Basel        ', 'Viaduktstrasse 12                  ', '', '4051 ', 'Basel                         ', 'DE'),
('10009', 'Arzum Großhandel GmbH              ', '                                   ', 'Arzum Grosshandel GmbH, Duesseldorf', 'Ulmenstraße 275                    ', '', '40468 ', 'Düsseldorf                   ', 'DE'),
('10010', 'Alessandrini SRL                   ', 'IT 00192130268                     ', 'Alessandrini SRL, Treviso          ', 'M.O.F. Treviso / Localitá Stiore   ', '', '31100 ', 'Treviso                      ', 'DE'),
('10011', 'ASF Holland                        ', '                                   ', 'ASF Holland, RH Helenaveen         ', 'Lage Brugweg 11a                   ', '', '5759 ', 'Helenaveen                    ', 'DE'),
('10012', 'Aldi GmbH & Co. KG                 ', '                                   ', 'Aldi Rheinberg                     ', 'An der Rheinberger Heide 11        ', '', '47495 ', 'Rheinberg                    ', 'DE'),
('10013', 'ALDI GmbH & Co. KG                 ', '                                   ', 'Aldi Schloss-Holte                 ', 'Teutoburger Weg 6-20               ', '', '33758 ', 'Schloß-Holte                 ', 'DE'),
('10014', 'Aldi GmbH & Co. KG                 ', '                                   ', 'Aldi Werl                          ', 'Rüntestr. 11                       ', '', '59457 ', 'Werl                         ', 'DE'),
('10015', 'Aldi GmbH & Co. KG                 ', '                                   ', 'Aldi Moenchengladbach              ', 'Korschenbroicher Str. 605          ', '', '41065 ', 'Mönchengladbach              ', 'DE'),
('10016', 'Aldi GmbH & Co. KG                 ', '                                   ', 'Aldi Muelheim                      ', 'Burgstraße 37 - 39                 ', '', '45476 ', 'Mülheim/Ruhr                 ', 'DE'),
('10017', 'Aldi GmbH & Co. KG                 ', '                                   ', 'Aldi Kerpen                        ', 'Humboldtstraße 38-44               ', '', '50171 ', 'Kerpen                       ', 'DE'),
('10018', 'Aldi GmbH & Co. KG                 ', '                                   ', 'Aldi Koeln-Porz                    ', 'Theodor-Heuss-Straße 80-86         ', '', '51149 ', 'Köln-Porz                    ', 'DE'),
('10019', 'ALDI GmbH & Co. KG                 ', '                                   ', 'Aldi Langenfeld                    ', 'Karl-Benz-Straße 4-6               ', '', '40764 ', 'Langenfeld                   ', 'DE'),
('10020', 'Aldi GmbH & Co. KG                 ', '                                   ', 'Aldi Herten                        ', 'Hohewardstraße 345-349             ', '', '45699 ', 'Herten                       ', 'DE'),
('10021', 'Aldi GmbH & Co KG                  ', '                                   ', 'Aldi Eschweiler                    ', 'Mariadorfer Straße 1               ', '', '52249 ', 'Eschweiler                   ', 'DE'),
('10022', 'Aldi GmbH & Co. KG                 ', '                                   ', 'Aldi Greven                        ', 'Up`n Nien Esch 26-34               ', '', '48268 ', 'Greven                       ', 'DE'),
('10023', 'Albenfruit S.L.                    ', '                                   ', 'Albenfruit S.L., Algemesi          ', 'Avenida Ferrocarril No. 5          ', '', '46680 ', 'Algemesi                     ', 'ES'),
('10024', 'Aldi GmbH & Co. KG                 ', '                                   ', 'Aldi Essen                         ', 'Eckenbergstraße 14                 ', '', '45307 ', 'Essen                        ', 'DE'),
('10025', 'ALDI EINKAUF                       ', 'GmbH & Co. OHG                     ', 'Aldi Einkauf, Essen                ', 'Eckenbergstr. 16                   ', '', '45307 ', 'Essen                        ', 'DE'),
('10026', 'ALDI GmbH & Co. KG                 ', '                                   ', 'Aldi St. Augustin                  ', 'Im Mittelfeld 11                   ', '', '53757 ', 'St. Augustin                 ', 'DE'),
('10027', 'Aldi GmbH & Co. KG                 ', '                                   ', 'Aldi Datteln                       ', 'Emscher-Lippe-Straße 6             ', '', '45711 ', 'Datteln                      ', 'DE'),
('10028', 'Aldi GmbH & Co. KG                 ', '                                   ', 'Aldi Montabaur                     ', 'Am alten Galgen 21                 ', '', '56410 ', 'Montabaur                    ', 'DE'),
('10029', 'Aldi GmbH & Co. KG                 ', '                                   ', 'Aldi Horst                         ', 'Gewerbestraße 10                   ', '', '25358 ', 'Horst                        ', 'DE'),
('10035', 'Hermanos Al Ri S.L.                ', '                                   ', 'Alri S.L., Vitoria - Alava         ', 'Av de Santiago 21 - Piso 8 IZ      ', '', '01003 ', 'Vitoria-Gasteiz              ', 'DE'),
('10036', 'Agruprim S.A.                      ', 'FR 22672013158                     ', 'Agruprim S.A., Rungis Cedex        ', '80/84 Rue de Montpellier           ', '', '94581 ', 'Rungis Cedex                 ', 'DE'),
('10037', 'Allemand                           ', 'FR-39706510955                     ', 'Allemand, Carpentras               ', 'MIN                                ', '', '84200 ', 'Carpentras                   ', 'DE'),
('10038', 'Agruprim                           ', 'FR-15580802924                     ', 'Agruprim, Toulouse                 ', '146, Avenue des Etas Unis          ', '', '31200 ', 'Toulouse                     ', 'DE'),
('10039', 'Klaus Abels                        ', '                                   ', 'Abels, Klaus Duisburg              ', 'Im Schlenk 30                      ', '', '47055 ', 'Duisburg                     ', 'DE'),
('10040', 'Aldi GmbH & Co. KG                 ', '                                   ', 'Aldi Radevormwald                  ', 'Feldmannshaus 6                    ', '', '42477 ', 'Radevormwald                 ', 'DE'),
('10041', 'Aldi GmbH & Co. KG                 ', '                                   ', 'Aldi Schwelm                       ', 'Saarstraße 25                      ', '', '58332 ', 'Schwelm                      ', 'DE'),
('10042', 'F.lli Andolfi srl                  ', '                                   ', 'Andolfi Edoardo SNC, Grugliasco    ', 'Allemano 202/a                     ', '', '', 'Rivoli ', 'IT'),
('10043', 'ABC FRUTTA                         ', 'Alimentarie Ortofr.                ', 'ABC FRUTTA, Roma                   ', 'Via Guido Reni, n. 56              ', '', '00196 ', 'Roma                         ', 'DE'),
('10044', 'Atlantic Warenhandels GmbH         ', '                                   ', 'Atlantic Warenhandels GmbH, Berlin ', 'Beusselstr. 44 n-q                 ', '', '10553 ', 'Berlin                       ', 'DE'),
('10045', 'Aartsenfruit Breda BV              ', 'NL810809370B02                     ', 'Aartsenfruit Breda BV, NR Breda    ', 'Heilaarstraat 240                  ', '', '4814 ', 'NR Breda                      ', 'DE'),
('10046', 'Amoruso & Aurich                   ', 'Fruchthandelsges. mbH              ', 'Amoruso & Aurich, Muenchen         ', 'Thalkirchner Str. 81               ', '', '81371 ', 'München                      ', 'DE'),
('10047', 'Amana S.A.R.L.                     ', 'FR 26 425 081 973                  ', 'Amana S.A.R.L., Perpignan Cedex    ', 'CEED Grand St. Charles - BP 5135   ', '', '66031 ', 'Perpignan Cedex              ', 'DE'),
('10048', 'Artländer                          ', 'Obst- und Gemüseanbau              ', 'Artlaender, Quakenbrueck           ', 'Pater-Dülmen-Str. 19               ', '', '49610 ', 'Quakenbrück                  ', 'DE'),
('10049', 'Frutas Asturias S.A.               ', 'Mercamadrid, s/n                   ', 'Asturias S.A.,                     ', 'Puestos 19 - 21                    ', '', '28053 ', 'Madrid                       ', 'DE'),
('10050', 'Agrodistribuzione Italia SRL       ', '                                   ', 'Agrodistribuzione Italia SRL, Asti ', 'Corso Alfieri 175                  ', '', '14100 ', 'Asti                         ', 'IT'),
('10051', 'Aldi GmbH & Co. KG                 ', '                                   ', 'Aldi Dormagen                      ', 'Edisonstraße 12                    ', '', '41542 ', 'Dormagen                     ', 'DE'),
('10052', 'Agrupaejido S.A.                   ', '                                   ', 'Agrupaejido S.A., Santa Maria del A', 'P.Ind. La Redonda Km 414,73        ', '', '04710 ', 'Santa Maria del Aguila       ', 'DE'),
('10053', 'AMA Trade                          ', 'IT02412840163                      ', 'AMA Trade, Bergamo                 ', 'Via Zelasco 1                      ', '', '24100 ', 'Bergamo                      ', 'DE'),
('10054', 'Aarts Conserven bv                 ', 'NL808026562B01                     ', 'Aarts Conserven, Lottum            ', 'Houthuizerweg 20                   ', '', '5973 ', 'RG Lottum                     ', 'DE'),
('10055', 'Carlo Amoruso                      ', 'Import - Export                    ', 'Amoruso, Carlo, Muenchen           ', 'Lindwurmstrasse 203                ', '', '80337 ', 'München                      ', 'DE'),
('10056', 'Früchte Adam GmbH                  ', '                                   ', 'Adam Fruechte, Koeln               ', 'Marktstr. 10                       ', '', '50968 ', 'Köln                         ', 'DE'),
('10057', 'Allecos GmbH                       ', '                                   ', 'Allecos GmbH, Filderstadt-Bernhause', 'Weichacher Strasse 21              ', '', '70794 ', 'Filderstadt-Bernhausen       ', 'DE'),
('10058', 'ErenAk GmbH                        ', '                                   ', 'Erenak, Berlin                     ', 'Beusselstr. 44 n-q                 ', '', '10553 ', 'Berlin                       ', 'DE'),
('10059', 'AgriBisalta, S.r.l                 ', '                                   ', 'AgriBisalta, S.r.l, Peveragno (CN) ', 'Via Madonna dei Boschi 20          ', '', '12016 ', 'Peveragno (CN)               ', 'DE'),
('1006', 'Netto Krefeld (E)                  ', '                                   ', 'Netto Krefeld (E), Krefeld         ', 'Nirostastr. 15                     ', '', '47807 ', 'Krefeld                      ', 'DE'),
('10060', 'AGRO                               ', 'Przedsiebiorstwo "Handlowe"        ', 'AGRO                               ', 'Janowek 39                         ', '', '05-600 ', 'Grojec                      ', 'DE'),
('10061', 'Les Fraisiers d`Aquitaine          ', 'FR 00394346415                     ', 'Les Fraisiers d`Aquitaine, Lamothe ', 'Saint Martin                       ', '', '33190 ', 'Lamothe Landerron            ', 'DE'),
('10062', 'AL.MA. S.R.L.                      ', 'IT09934620155                      ', 'AL.MA. S.R.L., Milano              ', 'Via C. Lombroso 54                 ', '', '20137 ', 'Milano                       ', 'DE'),
('10063', 'Alimentari Ortofrutticoli          ', 'A.B.C. spa                         ', 'Alimentari Ortofrutticoli          ', 'Guido Reni 56                      ', '', '00195', 'Roma ', 'IT'),
('10064', 'ALDI GmbH & Co. KG                 ', '                                   ', 'Aldi Mittenwalde                   ', 'Zülowstr. 1 - 4                    ', '', '15749 ', 'Mittenwalde                  ', 'DE'),
('10065', 'ALDI GmbH & Co. KG                 ', '                                   ', 'Aldi Grossbeeren                   ', 'Osdorfer Ring 21                   ', '', '14979 ', 'Großbeeren                   ', 'DE'),
('10066', 'ALDI GmbH & Co. KG                 ', '                                   ', 'Aldi Seefeld                       ', 'Kastanienstr. 2 - 4                ', '', '16356 ', 'Seefeld                      ', 'DE'),
('10067', 'ALDI GmbH & Co. KG                 ', 'Berlin-Nord                        ', 'Aldi Berlin-Nord                   ', 'Eichborndamm 141 - 165             ', '', '13403 ', 'Berlin                       ', 'DE'),
('10068', 'ALDI GmbH & Co. KG                 ', '                                   ', 'Aldi Jarmen                        ', 'Anklamer Str. 9                    ', '', '17126 ', 'Jarmen                       ', 'DE'),
('10069', 'Aldi GmbH & Co. KG                 ', '                                   ', 'Aldi Bargteheide                   ', 'Max-Planck-Str. 3                  ', '', '22941 ', 'Bargteheide                  ', 'DE'),
('10070', 'Aldi GmbH & Co. KG                 ', '                                   ', 'Aldi Beverstedt                    ', 'Heerstedter Mühlenweg 22           ', '', '27616 ', 'Beverstedt                   ', 'DE'),
('10071', 'Aldi GmbH & Co. KG                 ', '                                   ', 'Aldi Hesel                         ', 'Wehrden 4                          ', '', '26835 ', 'Hesel                        ', 'DE'),
('10072', 'Aldi GmbH & Co. KG                 ', '                                   ', 'Aldi Nortorf                       ', 'Timmasper Weg 28                   ', '', '24589 ', 'Nortorf                      ', 'DE'),
('10073', 'Aldi GmbH & Co. KG                 ', '                                   ', 'Aldi Scharbeutz-Gleschendorf       ', 'Hinrichskrog 1                     ', '', '23684 ', 'Scharbeutz-Gleschendorf      ', 'DE'),
('10074', 'Aldi GmbH & Co. KG                 ', '                                   ', 'Aldi Seevetal                      ', 'Osterberg 11                       ', '', '21220 ', 'Seevetal                     ', 'DE'),
('10075', 'Aldi GmbH & Co. KG                 ', '                                   ', 'Aldi Muenden                       ', 'Graseweg 4                         ', '', '34346 ', 'Hann. Münden                 ', 'DE'),
('10076', 'Aldi GmbH & Co. KG                 ', '                                   ', 'Aldi Rinteln                       ', 'Am Stumpfen Turm 33                ', '', '31737 ', 'Rinteln                      ', 'DE'),
('10077', 'Aldi GmbH & Co. KG                 ', '                                   ', 'Aldi Wittstock                     ', 'Jabeler Chaussee 23                ', '', '16909 ', 'Wittstock                    ', 'DE'),
('10078', 'Aldi GmbH & Co. KG                 ', '                                   ', 'Aldi Beucha                        ', 'Gebrüder-Helfmann-Str. 8           ', '', '04824 ', 'Beucha                       ', 'DE'),
('10079', 'Aldi  GmbH & Co KG                 ', '                                   ', 'Aldi Langenwetzendorf-Greiz        ', 'Am Daßlitzer Kreuz 19              ', '', '07957 ', 'Langenwetzendorf             ', 'DE'),
('10080', 'Aurorafruit-Consorzio piccoli frutt', '                                   ', 'Aurorafruit, San Giovanni          ', 'Strada dei boschi 99               ', '', '37057 ', 'San Giovanni Lup. VR         ', 'DE'),
('10081', 'AynA Grosshandel                   ', 'Lebensmittel Frucht Import         ', 'AynA Grosshandel, Hamburg          ', 'Bankstr. 28 Stand 121-123          ', '', '20097 ', 'Hamburg                      ', 'DE'),
('10082', 'Aldi GmbH & Co. KG                 ', '                                   ', 'Aldi Meitzendorf                   ', 'Hintern Hecken 2                   ', '', '39179 ', 'Barleben                     ', 'DE'),
('10083', 'Aldi GmbH & Co. KG                 ', 'Gewerbepark U.N.O.                 ', 'Aldi Weimar-Nohra                  ', 'Österholzstr. 12                   ', '', '99428 ', 'Nohra                        ', 'DE'),
('10084', 'Aldi GmbH & Co. KG                 ', '                                   ', 'Aldi Wilsdruff                     ', 'Hühndorfer Höhe 4                  ', '', '01723 ', 'Wilsdruff                    ', 'DE'),
('10085', 'Aldi GmbH & Co. KG                 ', '                                   ', 'Aldi Hoyerswerda                   ', 'Nardter Weg 2                      ', '', '02977 ', 'Hoyerswerda                  ', 'DE'),
('10086', 'Aldi GmbH & Co. KG                 ', '                                   ', 'Aldi Koennern                      ', 'Gewerbegebiet Nord                 ', '', '06420 ', 'Könnern                      ', 'DE'),
('10087', 'Aldi GmbH & Co. KG                 ', '                                   ', 'Aldi Lingen                        ', 'Am Seitenkanal 2-4                 ', '', '49811 ', 'Lingen                       ', 'DE'),
('10088', 'Aldi GmbH & Co. KG                 ', '                                   ', 'Aldi Salzgitter                    ', 'Porschestr. 10                     ', '', '38259 ', 'Salzgitter                   ', 'DE'),
('10089', 'Aldi GmbH & Co. KG                 ', 'Lehrte-Sievershausen               ', 'Aldi Sievershausen                 ', 'Gewerbestrasse 3-9                 ', '', '31275 ', 'Lehrte-Sievershausen         ', 'DE'),
('10090', 'Aldi GmbH & Co. KG                 ', 'Weyhe                              ', 'Aldi Weyhe                         ', 'Industriestraße 16                 ', '', '28844 ', 'Weyhe                        ', 'DE'),
('10091', 'Aldi GmbH & Co. KG                 ', '                                   ', 'Aldi Adelsdorf                     ', 'Holzäckerstr. 1 a                  ', '', '91325 ', 'Adelsdorf                    ', 'DE'),
('10092', 'Aldi GmbH & Co. KG                 ', '                                   ', 'Aldi Aichtal                       ', 'Riedstr. 8-12                      ', '', '72631 ', 'Aichtal                      ', 'DE'),
('10093', 'Aldi GmbH & Co. KG                 ', '                                   ', 'Aldi Altenstadt                    ', 'Illertalstr. 2                     ', '', '89281 ', 'Altenstadt                   ', 'DE'),
('10094', 'Aldi GmbH & Co. KG                 ', '                                   ', 'Aldi Bingen                        ', 'An den Steinäckern 1               ', '', '55411 ', 'Bingen                       ', 'DE'),
('10095', 'Aldi Bous GmbH & Co. KG            ', '                                   ', 'Aldi Bous                          ', 'Am Bommersbacher Hof 1-5           ', '', '66359 ', 'Bous                         ', 'DE'),
('10096', 'Aldi GmbH & Co. KG                 ', '                                   ', 'Aldi Butzbach                      ', 'In der Alböhn 1                    ', '', '35510 ', 'Butzbach                     ', 'DE'),
('10097', 'Aldi GmbH & Co. KG                 ', '                                   ', 'Aldi Donaueschingen                ', 'Pfohrener Str. 50                  ', '', '78166 ', 'Donaueschingen               ', 'DE'),
('10098', 'Aldi GmbH & Co. KG                 ', '                                   ', 'Aldi Ebersberg                     ', 'Anzinger Str. 6                    ', '', '85560 ', 'Ebersberg                    ', 'DE'),
('10099', 'Aldi GmbH & Co. KG                 ', '                                   ', 'Aldi Eichenau                      ', 'Holzkirchner Str. 10               ', '', '82223 ', 'Eichenau                     ', 'DE'),
('10100', 'ALDI Marché Sarl                   ', 'Allée des Cabedans                 ', 'Aldi Cavaillon                     ', 'BP 2                               ', '', '84300 ', 'Cavaillon                    ', 'DE'),
('10101', 'ALDI Marché Bois-Grenier sarl      ', 'Zone Industrielle de la Houssoye   ', 'Aldi Bois-Grenier                  ', 'Rue Louis Pasteur                  ', '', '59280 ', 'Bois-Grenier                 ', 'DE'),
('10102', 'ALDI Marché Beaune sarl            ', '1 Rue Lavoisier                    ', 'Aldi Beaune                        ', 'Zac de la Porte Beaune             ', '', '21200 ', 'Beaune                       ', 'DE'),
('10103', 'ALDI Marché Nord sarl              ', '320 Rue du Champ de Tir            ', 'Aldi Guincy                        ', 'ZA de la Brayelle                  ', '', '59553 ', 'Guincy                       ', 'DE'),
('10104', 'ALDI Marché Colmar sarl            ', '                                   ', 'Aldi Sainte Croix                  ', 'Zone d´Activités Holzackerfeld     ', '', '68127 ', 'STE. CROIX EN PLAINE         ', 'DE'),
('10105', 'ALDI Marché St-Sulpice sarl        ', '                                   ', 'Aldi St. Sulpice                   ', 'ZA e les Cadaux                    ', '', 'F-81370 ', 'ST. SULPICE LA POINTE      ', 'DE'),
('10106', 'ALDI Marché Ennery sarl            ', 'Rue Georges Claude                 ', 'Aldi Ennery                        ', 'Zone Eurotransit Garolor           ', '', '57365 ', 'Ennery                       ', 'DE'),
('10107', 'ALDI Marché S.A.R.L.               ', '13 Rue Clement Ader                ', 'Aldi Dammartin                     ', 'Parc d`activité de la Goele        ', '', '77230 ', 'Dammartin en Goele           ', 'DE'),
('10108', 'ALDI Marché S.A.R.L. Ablis         ', '                                   ', 'Aldi Marché S.A.R.L. Ablis, Ablis  ', 'ZAC de la Porte Ile de France(Nord)', '', '78660 ', 'Ablis                        ', 'DE'),
('10109', 'Aldi GmbH & Co. KG                 ', '                                   ', 'Aldi Geisenfeld                    ', 'Römerstr. 2                        ', '', '85290 ', 'Geisenfeld-Ilmendorf         ', 'DE'),
('10110', 'Aldi GmbH & Co. KG                 ', '                                   ', 'Aldi Helmstadt                     ', 'Würzburger Str. 56                 ', '', '97264 ', 'Helmstadt                    ', 'DE'),
('10111', 'Aldi GmbH & Co. KG                 ', '                                   ', 'Aldi Ketsch                        ', 'Karlsruher Str. 2                  ', '', '68775 ', 'Ketsch                       ', 'DE'),
('10112', 'Aldi GmbH & Co. KG                 ', '                                   ', 'Aldi Kirchheim                     ', 'Rosengartenweg 11                  ', '', '67281 ', 'Kirchheim a.d. Weinstraße    ', 'DE'),
('10113', 'Aldi GmbH & Co. KG                 ', '                                   ', 'Aldi Kleinaitingen                 ', 'Messerschmittstr. 2                ', '', '86507 ', 'Kleinaitingen                ', 'DE'),
('10114', 'Aldi GmbH & Co. KG                 ', '                                   ', 'Aldi Langenselbold                 ', 'Am Seegraben 16                    ', '', '63505 ', 'Langenselbold                ', 'DE'),
('10115', 'Aldi GmbH & Co. KG                 ', '                                   ', 'Aldi Mahlberg                      ', 'Rotacker Str. 19-51                ', '', '77972 ', 'Mahlberg-Orschweier          ', 'DE'),
('10116', 'Aldi GmbH & Co. KG                 ', '                                   ', 'Aldi Moerfelden                    ', 'Hessenring 1                       ', '', '64546 ', 'Mörfelden                    ', 'DE'),
('10117', 'Aldi GmbH & Co. KG                 ', '                                   ', 'Aldi Murr                          ', 'Lehmgrube 5                        ', '', '71711 ', 'Murr                         ', 'DE'),
('10118', 'Aldi GmbH & Co. KG                 ', '                                   ', 'Aldi Rastatt                       ', 'Im Wöhr 7-9                        ', '', '76437 ', 'Rastatt                      ', 'DE'),
('10119', 'Aldi GmbH & Co. KG                 ', '                                   ', 'Aldi Regenstauf                    ', 'Benzstr. 11                        ', '', '93128 ', 'Regenstauf                   ', 'DE'),
('10120', 'Aldi GmbH & Co. KG                 ', '                                   ', 'Aldi Roth                          ', 'Gildestr. 17                       ', '', '91154 ', 'Roth                         ', 'DE'),
('10121', 'Aldi GmbH & Co. KG                 ', '                                   ', 'Aldi Wittlich                      ', 'Röntgenstr. 30                     ', '', '54516 ', 'Wittlich                     ', 'DE'),
('10122', 'Aldi Laasphe GmbH & Co. KG         ', '                                   ', 'Aldi Laasphe                       ', 'Lahnuferstr. 1                     ', '', '57334 ', 'Bad Laasphe                  ', 'DE'),
('10200', 'Aldi Magyarorszag Elemiszer Bt.    ', 'HU22234663                         ', 'Aldi Ungarn                        ', 'Meszarosok utja 2                  ', '', '2051 ', 'Biatorbagy /Ungarn            ', 'DE'),
('10500', 'Asercomex                          ', 'Einlagerung TK                     ', 'Asercomex,Burgos                   ', '                                   ', '', '', 'Burgos ', 'DE'),
('10930', 'Andros                             ', '                                   ', 'Andros, Biars sur Cere             ', 'zone industrielle                  ', '', '46130 ', 'Biars sur Cere               ', 'DE'),
('10931', 'AFC-Fruit Sp. z.o.o.               ', 'PL5242742914                       ', 'AFCo Sp. zo.o.,                    ', 'ul. Tuzycka 8 lok. 6               ', '', '03-683 ', 'Warszawa                    ', 'DE'),
('10932', 'Polish Agro Logistic Sp.zo.o.      ', 'PL8982078981                       ', 'Polish Agro Logistics              ', 'Ul. Piastowska 36/13               ', '', '50-361 ', 'Wroclaw                     ', 'DE'),
('10933', 'LLC Avidia & Co.                   ', 'INN 7736224179                     ', 'Avidia & Co., Moscow               ', 'st. Boicovaya, d. 22, str. 3       ', '', '107150 ', 'Moscow                      ', 'DE'),
('10934', 'Aqui Fruits & Greens BV            ', '                                   ', 'Aqui Fruits & Greens BV, RH-enlo   ', 'Venrayseweg 116a                   ', '', '5928 ', 'RH-enlo                       ', 'DE'),
('10935', 'Andree GbR                         ', 'Großmarkt - Halle 14               ', 'Andree GbR, Duesseldorf            ', 'Ulmenstr. 275                      ', '', '40468 ', 'Düsseldorf                   ', 'DE'),
('10936', 'Agroswiat                          ', 'Import-Export Gemüse               ', 'Agroswiat, Schuelp                 ', 'Mittelstr. 6                       ', '', '25764 ', 'Schülp                       ', 'DE'),
('10938', 'Frutas y Verduras Agrupadas SL     ', 'NIF B43538693                      ', 'Frutas y Verduras Agrupadas SL, Amp', 'CL Avila 27                        ', '', '43870 ', 'Amposta                      ', 'ES'),
('10940', 'Aspergrow Holding B.V.             ', 'NL820070555B01                     ', 'Aspergrow Holding B.V., 4641BI Osse', 'Molenstraat 60                     ', '', '4641BE ', 'Ossendrecht                 ', 'DE'),
('10941', 'Apimex Obst- und Gemüsehandel GmbH ', 'ATU 56323099                       ', 'Apimex, Wels                       ', 'Edisonstr. 2                       ', '', '4600 ', 'Wels                          ', 'DE'),
('10943', 'Nouva Amaglio fungorobica SRL      ', '                                   ', 'Nouva Amaglio fungorobica SRL, Cave', 'Strada Privata delle Orobie n 3    ', '', '20873 ', 'Cavenago Brianza (MB)        ', 'DE'),
('10944', 'Amaglio Fungotrading S.R.L.        ', '                                   ', 'Amaglio Fungotrading S.R.L., Bergam', 'Via Borgo Palazzo 207              ', '', '24125 ', 'Bergamo                      ', 'DE'),
('10945', 'ABB Trading B.V.                   ', '                                   ', 'ABB Trading B.V.,5961              ', 'Fabriekstraat 6                    ', '', '5961 ', 'PK Horst                      ', 'DE'),
('11500', 'BÄKO West eG                       ', '                                   ', 'BAeKO West eG, Bochum              ', 'Linsellesstr. 93                   ', '', '47877 ', 'Willich                      ', 'DE'),
('11501', 'Bremke & Hoerster                  ', 'Service + Logistik                 ', 'Bremke & Hoerster, Werl            ', 'Hansering 1                        ', '', '59457 ', 'Werl                         ', 'DE'),
('11502', 'Heinrich Boquoi & Sohn e.K.        ', 'Inh. Cahit Kerenciler              ', 'Boquoi & Sohn, Hagen/Westf         ', 'Neue Str. 15                       ', '', '58135 ', 'Hagen/Westfalen              ', 'DE'),
('11503', 'Büskens GmbH                       ', '                                   ', 'Bueskens GmbH, Kerken              ', 'Eyller Straße 87                   ', '', '47647 ', 'Kerken                       ', 'DE'),
('11504', 'Ets. Baleux                        ', 'FR 62692008816                     ', 'Baleux, Rungis                     ', '1 Rue d`Agen, BAT B2 Fruileg 609   ', '', '94611 ', 'Rungis                       ', 'DE'),
('11505', 'Beerenland Hohenlohe               ', '                                   ', 'Beerenland Hohenlohe, Langenburg   ', 'Schmiedsgasse 5                    ', '', '74595 ', 'Langenburg                   ', 'DE'),
('11506', 'BÄKO West eG                       ', '                                   ', 'BAEKO West eG, Willich             ', 'Linsellesstr. 93                   ', '', '47877 ', 'Willich                      ', 'DE'),
('11507', 'Blampin Fruits Import              ', 'FR-70384584132                     ', 'Blampin Fruits Import, Rungis Cedex', '25, Rue de Montpellier             ', '', '94622 ', 'Rungis Cedex                 ', 'DE'),
('11508', 'Blampin Fruits Perpignan           ', 'FR-70384584132                     ', 'Blampin Fruits Perpignan, Perpignan', 'St. Charles BP 15044               ', '', '66030 ', 'Perpignan Cedex              ', 'DE'),
('11509', 'Norbert u . Michaela Boekels GbR   ', '                                   ', 'Boekels GbR                        ', 'Oberbenrader Str. 491              ', '', '47804 ', 'Krefeld                      ', 'DE'),
('11510', 'BORNAND Freres                     ', '                                   ', 'BORNAND Freres, Reignier           ', '6, Grande Rue                      ', '', '74930 ', 'Reignier                     ', 'DE'),
('11511', 'Norbert Boekels                    ', '                                   ', 'Boekels, Krefeld                   ', 'Oberbenrader Str. 491              ', '', '47804 ', 'Krefeld                      ', 'DE'),
('11512', 'Bratzler & Co. GmbH                ', '                                   ', 'Bratzler & Co. Gmbh, Karlsruhe     ', 'Weinweg 43                         ', '', '76137 ', 'Karlsruhe                    ', 'DE'),
('11513', 'Backfrucht                         ', '                                   ', 'Backfrucht Heinsberg               ', 'Gladbacher Str. 15                 ', '', '52525 ', 'Heinsberg                    ', 'DE'),
('11514', 'Befer Fruit S.R.L.                 ', 'IT 02168230379                     ', 'Befer Fruit S.R.L., Bologna        ', 'Via Paoli Canali 1, Stand 33       ', '', '40127 ', 'Bologna                      ', 'DE'),
('11515', 'BEW Fruit & Food                   ', 'IT 02561500238                     ', 'BEW Fruit & Food, Verona           ', 'Viale del Lavaro 11 / M.O.F. 64/B65', '', '37135 ', 'Verona                       ', 'DE'),
('11516', 'La Bolognese SRL                   ', '                                   ', 'La Bolognese SRL, Milano           ', 'Via C Lombroso 54 / PAD B - Stand61', '', '20137 ', 'Milano                       ', 'DE'),
('11517', 'Bartoletti SRL                     ', '                                   ', 'Bartoletti SRL, Cisano sul Neva    ', 'Via Piamboschi 70                  ', '', '17035 ', 'Cisano sul Neva              ', 'DE'),
('11518', 'Georg Burgis GmbH                  ', '                                   ', 'Burgis GmbH, Bamberg               ', 'Moosstr. 50                        ', '', '96050 ', 'Bamberg                      ', 'DE'),
('11519', 'Fruchtlogistik Brockmann           ', '                                   ', 'Fruchtlogistik Brockmann, Essen    ', 'Lützowstraße 28b                   ', '', '45141 ', 'Essen                        ', 'DE'),
('11520', 'Bruno Bilan GmbH & Co.KG           ', '                                   ', 'Bruno Bilan GmbH & Co.KG, Berlin   ', 'Beusselstr. 44N-Q , Fruchthof      ', '', '10553 ', 'Berlin                       ', 'DE'),
('11521', 'Böhr & Roos                        ', '                                   ', 'Boehr & Roos, Koeln                ', 'Frankfurter Str. 249               ', '', '51147 ', 'Köln                         ', 'DE'),
('11522', 'Bratigny Odette                    ', '69 Rue de Châteaurenard            ', 'Bratigny Odette, Rungis            ', 'Bât. D2 Fruileg 255                ', '', '94572 ', 'Rungis Cedex                 ', 'DE'),
('11523', 'BEFRU B.V.                         ', 'NL 008901351B01                    ', 'BEFRU B.V., NC Hedel               ', 'Drielseweg 23B                     ', '', '5321 ', 'NC Hedel                      ', 'DE'),
('11524', 'Beca-Fruits, S.L.                  ', '                                   ', 'Beca-Fruits, S.L., Barcelona       ', 'Mercabarna Pabellon 2024           ', '', '8040 ', 'Barcelona                     ', 'DE'),
('11525', 'Brodersen & Schacht GmbH           ', '                                   ', 'Brodersen & Schacht GmbH, Hamburg  ', 'Grossmarkt Stand 402-403           ', '', '20097 ', 'Hamburg                      ', 'DE'),
('11526', 'Birkenheyer                        ', 'Fruchthandelsges. mbH              ', 'Birkenheyer, Koeln                 ', 'Großmarkt, Marktstr. 10            ', '', '50968 ', 'Köln                         ', 'DE'),
('11527', 'Busato S.R.L.                      ', 'IT00217870286                      ', 'Busato S.R.L., Padova              ', '50 Cso Stati Uniti                 ', '', '35100 ', 'Padova                       ', 'DE'),
('11528', 'Brodersen & Schacht Berlin GmbH    ', '                                   ', 'Brodersen & Schacht Berlin         ', 'Beusselstr. 44 n - q               ', '', '10553 ', 'Berlin                       ', 'DE'),
('11529', 'Boni Fructi spol. s r.o.           ', '                                   ', 'Boni Fructi Ltd., Dunajska Luzna   ', 'Lipnicka ulica 3035/162            ', '', '90042 ', 'Dunajska Luzna               ', 'DE'),
('11530', 'Hans-Thomas Beissel                ', '                                   ', 'Beissel, Duesseldorf               ', 'Ulmenstraße 275                    ', '', '40468 ', 'Düsseldorf                   ', 'DE'),
('11532', 'Fruchtunion Bieger GmbH & Co. KG   ', 'Großmarkt                          ', 'Bieger GmbH & Co. KG, Stuttgart    ', 'Langwiesenweg 30                   ', '', '70327 ', 'Stuttgart                    ', 'DE'),
('11533', 'Johannes Buschhüter                ', 'Frischezentrum                     ', 'Buschhueter, Essen                 ', 'Lützowstr. 30                      ', '', '45141 ', 'Essen                        ', 'DE'),
('11534', 'Gebr. Bratzler                     ', '                                   ', 'Bratzler, Karlsruhe                ', 'Großmarkt                          ', '', '76137 ', 'Karlsruhe                    ', 'DE'),
('11535', 'Hans Bohland GmbH                  ', '                                   ', 'Bohland Hans GmbH, Mannheim        ', 'Gottlieb-Daimler-Strasse 14        ', '', '68165 ', 'Mannheim                     ', 'DE'),
('11536', 'Buonato Fruit GmbH                 ', '                                   ', 'Buonato Fruit GmbH, Ulm            ', 'Kronengasse 2                      ', '', '89073 ', 'Ulm                          ', 'DE'),
('11537', 'Bonna - M&T GmbH                   ', '                                   ', 'Bonna, Bonn                        ', 'Franzstr. 32                       ', '', '53111 ', 'Bonn                         ', 'DE'),
('11538', 'Baldovinos Import Export S.A.      ', 'C. Mercabarna Pabellon A 1021      ', 'Baldovinos Import Export S.A., - 08', '1022 Antes 15                      ', '', '08040 ', 'Barcelona                    ', 'DE'),
('11539', 'UNIVEG Import Italia SRL           ', '                                   ', 'Bocchi Import SRL, Verona          ', 'Via Ca` di Cozzi 41                ', '', '37124 ', 'Verona                       ', 'DE'),
('11540', 'Benninger & Streit E.K.            ', '                                   ', 'Benninger & Streit                 ', 'Grüner Brunnenweg 146              ', '', '50827 ', 'Köln                         ', 'DE'),
('11541', 'Heinrich Breuers GmbH & Co KG      ', '                                   ', 'Breuers GmbH & Co KG, Dortmund     ', 'Großmarkt / Heiliger Weg 60        ', '', '44135 ', 'Dortmund                     ', 'DE'),
('11542', 'Bonafruits S.A.R.L.                ', 'Rue Mickaél Faraday                ', 'Bonafruits, Le Mans                ', 'Marché St. Julien                  ', '', '72025 ', 'Le Mans Cedex                ', 'DE'),
('11543', 'Brozulat GmbH                      ', '                                   ', 'Brozulat GmbH, Muenchen            ', 'Thalkirchner Straße 81             ', '', '81371 ', 'München                      ', 'DE'),
('11544', 'H.C.v.Blijderveen Fruit Ingen b.v. ', 'NL804289657B01                     ', 'H.C.v.Blijderveen Fruit Ingen b.v.,', 'Culekampseweg 4                    ', '', '4031 ', 'JG Ingen - Holland            ', 'DE'),
('11545', 'Nic. Breuers                       ', 'NL0021111081B01                    ', 'Breuers,Nic, Venlo                 ', 'Postbus 3131 / Venrayseweg 136B    ', '', '5902 ', 'RC Venlo                      ', 'DE'),
('11546', 'Billa, spol. s r.o.                ', '                                   ', 'Billa, spol. s r.o.,               ', 'Modletice 67 , P.O. Box 26         ', '', '25101 ', 'Ricany u. Prahy              ', 'DE'),
('11547', 'BILLA s.r.o.                       ', 'SK2020312503                       ', 'Billa, Slowakei                    ', 'Bajkalska 19/A, P.O.Box 57         ', '', '820 ', '09 Bratislava                  ', 'DE'),
('11548', 'Edelobst                           ', 'Beata Bellartz                     ', 'Bellartz, Juelich                  ', 'Am Friedhof 1                      ', '', '52428 ', 'Jülich                       ', 'DE'),
('11550', 'BF FRUTTA SRL                      ', '                                   ', 'BF FRUTTA SRL, Firenze             ', 'Piazza Artom, 12 Stand 91-90-89    ', '', '50127 ', 'Firenze                      ', 'DE'),
('11551', 'BRAJON FRERES S.A.R.L.             ', '                                   ', 'Brajon freres                      ', 'Les Landes Hautes                  ', '', '24380 ', 'Cendrieux                    ', 'DE'),
('11552', 'Bella - Fruit GmbH                 ', '                                   ', 'Bella - Fruit GmbH, Berlin         ', 'Beusselstr. 44 n-q                 ', '', '10553 ', 'Berlin                       ', 'DE'),
('11553', 'Früchte-Blust KG                   ', '                                   ', 'Blust KG, Endingen                 ', 'Endingerstraße 10                  ', '', '79346 ', 'Endingen                     ', 'DE'),
('11554', 'Blasco                             ', 'ALROPRIM                           ', 'Blasco, Perpignan Cedex            ', 'MI t. Charles Mag. 25 BP 5051      ', '', '66030 ', 'Perpignan Cedex              ', 'DE'),
('11555', 'Bustani Trading Co Wll             ', '                                   ', 'Bustani Trading Co Wll, - Bahrein  ', 'Road No.1406, Shop No.273          ', '', 'Manama ', '- Bahrein                   ', 'DE'),
('11556', 'Bofrucht                           ', '                                   ', 'Bofrucht, Berlin                   ', 'Klickstr. 25                       ', '', '13403 ', 'Berlin                       ', 'DE'),
('11557', 'Bio-Cambresis                      ', '                                   ', 'Bio-Cambresis, Cambrai             ', '17 Rue Bohain                      ', '', '59400 ', 'Cambrai                      ', 'DE'),
('11558', 'Biofruit GmbH                      ', '                                   ', 'Biofruit GmbH, Dueren              ', 'Am Pletzerturm 1                   ', '', '52349 ', 'Düren                        ', 'DE'),
('11559', 'Giovanni Baroni S.A.R.L.           ', '                                   ', 'Baroni Giovanni, Milano            ', 'Via Cesare Lombroso 54             ', '', '20137 ', 'Milano                       ', 'DE'),
('11560', 'Besson et Alapont SAS              ', '                                   ', 'Besson & Alapont, Rungis Cedex     ', '1 Rue de Carpentras / Fruileg 276  ', '', '94592 ', 'Rungis Cedex                 ', 'DE'),
('11561', 'Bioloklock                         ', 'FR84401990916                      ', 'Biolocklock, Montpezat             ', 'Sauvage                            ', '', '47360 ', 'Montpezat                    ', 'DE'),
('11562', 'Fruitpartners Blom BV              ', '                                   ', 'Blom BV, NL-Dejl                   ', 'Hoojweg 16 a                       ', '', '4158 ', 'LE Dejl                       ', 'DE'),
('11563', 'Bourguignon                        ', '                                   ', 'Bourguignon, Tremuson              ', 'Za du pont rouge                   ', '', '22440 ', 'Tremuson                     ', 'DE'),
('11564', 'BOLU Lebensmittelhandels GmbH      ', '                                   ', 'BOLU, Berlin                       ', 'Beusselstr. 44 n-q                 ', '', '10553 ', 'Berlin                       ', 'DE'),
('11565', 'Bidi GmbH                          ', 'Obst Gemüse Feinkost               ', 'Bidi GmbH, Duesseldorf             ', 'Ulmenstr. 275                      ', '', '40468 ', 'Düsseldorf                   ', 'DE'),
('11566', 'Bunnfrucht GmbH                    ', 'Frischezentrum Frankfurt           ', 'Bunnfrucht GmbH, Frankfurt a.M.    ', 'Josef-Eicher-Str. 10               ', '', '60437 ', 'Frankfurt a. M.              ', 'DE'),
('11567', 'Battaglio S.p.A.                   ', 'Mercato Generali C.A.A.T           ', 'Battaglio S.p.A., Grugliasco       ', 'Strada del Portone 30              ', '', '10095 ', 'Grugliasco (TO)              ', 'DE'),
('11569', 'Brabantse B.V. Wal                 ', 'NL 820070555B01                    ', 'Brabantse,Ossendrecht              ', 'Molenstraat 60                     ', '', '4641 ', 'BE-Ossendrecht                ', 'DE'),
('11570', 'Bio Tropic GmbH                    ', '                                   ', 'Bio Tropic GmbH, Duisburg          ', 'Daimlerstr. 4                      ', '', '47167 ', 'Duisburg                     ', 'DE'),
('11571', 'BNS Biocyclic Network Services Ltd.', 'V.A.T. No. CY 10162557 K           ', 'BNS Biocyclic Network Services Ltd.', 'Raphael Santi 58, Ap. 202          ', '', '6052 ', 'Larnaca, CYPRUS               ', 'DE'),
('11572', 'Confiserie Otto Bittner GmbH       ', '                                   ', 'Bittner, Moers                     ', 'Chemnitzer Str. 24                 ', '', '47441 ', 'Moers                        ', 'DE'),
('11573', 'Bivano GmbH                        ', '                                   ', 'Bivano GmbH, Moenchengladbach      ', 'Marie Bernays Ring 39              ', '', '41199 ', 'Mönchengladbach              ', 'DE'),
('11574', 'b&b regionfruit gmbh               ', '                                   ', 'b&b regionfruit gmbh, Ilz          ', 'Ilz 309                            ', '', '8262 ', 'Ilz                           ', 'DE'),
('11575', 'Büsch GmbH                         ', '                                   ', 'Buesch GmbH, Kamp-Lintfort         ', 'Krummensteg 135                    ', '', '47475 ', 'Kamp-Lintfort                ', 'DE'),
('11576', 'Brima Fruit B.V.                   ', '                                   ', 'Brima Fruit B.V., DA Babberich     ', 'Transito 9                         ', '', '6909 ', 'DA Babberich                  ', 'DE'),
('11577', 'Dieter Derwael Bel´export N.V      ', '                                   ', 'Bel´export N.V, Borgloon           ', 'Neremstraat 2                      ', '', '3840 ', 'Borgloon                      ', 'DE'),
('11578', 'Uwe Buschhaus                      ', 'Pilzgroßhandel                     ', 'Buschhaus, Witten                  ', 'Ruhrstr. 92a                       ', '', '58452 ', 'Witten                       ', 'DE'),
('11579', 'Bakker, s.r.o.                     ', '                                   ', 'Bakker, s.r.o., Divisov            ', 'Mechnov 33                         ', '', '25726 ', 'Divisov                      ', 'DE'),
('11580', 'Beekers Berries bv                 ', '                                   ', 'Beekers Berries bv, 4921 PM Made   ', 'Schanseind 15                      ', '', '4921', 'PM Made', 'NL'),
('11581', 'Kurt Beimel e.U.                   ', 'Inh. Hüsamettin Gemici             ', 'Kurt Beimel e.U., Wien             ', 'Lacenburgerstrasse 365/C10/108-109 ', '', 'A-1230 ', 'Wien                        ', 'DE'),
('11582', 'BLF Logifood GmbH & Co. KG         ', '                                   ', 'BLF Logifood GmbH & Co. KG, Velbert', 'Milchstraße 15                     ', '', '42553 ', 'Velbert                      ', 'DE'),
('13001', 'Casasfruits                        ', 'FR 49334336476                     ', 'Casasfruits, Perpignan Cedex       ', 'Allée Paul Marquillanes - B.P.5029 ', '', '66030 ', 'Perpignan Cedex              ', 'DE'),
('13002', 'SA Jean Casals                     ', 'FR-13972803365                     ', 'SA Jean Casals, Nice Cedex 2       ', 'Min St. Augustin Boxes 20/22       ', '', '06296 ', 'Nice Cedex 2                 ', 'DE'),
('13003', 'Jean Casals SA                     ', 'FR-                                ', 'Casals Jean SA, Nice Cedex         ', 'MIN St Augustus                    ', '', '06200 ', 'Nice Cedex                   ', 'DE'),
('13004', 'Cassou Schneider S.A.              ', 'FR 19542057310                     ', 'Cassou Schneider S.A., Rungis      ', '86, Rue d`Agen, BAT A2 Fruileg 586 ', '', '94591 ', 'Rungis                       ', 'DE'),
('13005', 'CAPE B.V.                          ', 'NL 8004.08.032.B.01                ', 'CAPE B.V., NE Grubbenvorst         ', 'Horsterweg 8                       ', '', '5971 ', 'NE Grubbenvorst               ', 'DE'),
('13006', 'Colas & Cie, S.A.                  ', 'Fruileg 261 F                      ', 'Colas & Cie, S.A., Rungis          ', 'Rue de Chateaurenard, 80/94        ', '', '94582 ', 'Rungis                       ', 'DE'),
('13007', 'Cledor la Provence                 ', '                                   ', 'Cledor la Provence, Corbas Cedex   ', '69, Rue Marcel Merieux - Bat. A    ', '', '69961 ', 'Corbas Cedex                 ', 'DE'),
('13008', 'CIAAD Deutschland GmbH             ', '                                   ', 'CIAAD Deutschland GmbH, Frankfurt /', 'Stadtseestr. 21b                   ', '', '63762 ', 'Grossostheim                 ', 'DE'),
('13011', 'Jean Cazalis                       ', 'Fruileg                            ', 'Cazalis,Rungis                     ', '58 Rue d`Agen - CP 40588           ', '', '94591 ', 'Rungis Cedex                 ', 'DE'),
('13012', 'Cordis Obst und Gemüse             ', 'Grosshandel GmbH                   ', 'Cordis Obst und Gemuese, Ostrau    ', 'Am Feldberg 2                      ', '', '04749 ', 'Ostrau                       ', 'DE'),
('13013', 'De la Cruz Freres                  ', 'Complexe Agricole                  ', 'De la Cruz Freres, Marmande        ', 'Chemin Cazeaux                     ', '', '47200 ', 'Marmande                     ', 'DE'),
('13014', 'Frutas Hnos. Cayo S.L.             ', '                                   ', 'Cayo S.L., 46540 El Puigde Santa Ma', 'Mercovasa Puestos 6y 7             ', '', '46540 ', 'El Puigde Santa Maria        ', 'DE'),
('13015', 'Cimpex S.A.                        ', '                                   ', 'Cimpex S.A., Rungis Cedex          ', '51, rue de Perpignan - BAT D 3     ', '', '94632 ', 'Rungis Cedex                 ', 'DE');
INSERT INTO `customer` (`No`, `name`, `name_2`, `customer_short`, `street`, `street_2`, `PO_code`, `city`, `country_code`) VALUES
('13016', 'Cedit SRL                          ', 'Via Delle Colline Livornesi 5/6    ', 'Cedit SRL, Livorno (LI)            ', 'Interporto a Vespucci              ', '', '57010 ', 'Livorno (LI)                 ', 'DE'),
('13017', 'CTK                                ', '                                   ', 'CTK, Konin                         ', '                                   ', '', 'Konin ', '                             ', 'DE'),
('13018', 'Cerozfrucht                        ', 'CZ62908278                         ', 'Cerozfrucht, 00 Praha 10           ', 'NA Vysluni 765/23                  ', '', '10000 ', 'Praha 10                     ', 'DE'),
('13019', 'Canavese SA                        ', '                                   ', 'Canaveze, Aubagne                  ', 'La Muscatelle                      ', '', '13400 ', 'Aubagne                      ', 'IT'),
('13020', 'Catafruit, S.A.                    ', 'A38105532                          ', 'Catafruit                          ', 'Mercabarna PAD B 2032              ', '', '08040 ', 'Barcelona                    ', 'DE'),
('13021', 'Chronoprimeurs sarl                ', '                                   ', 'Chronoprimeurs                     ', '10 bis Route de Barbizon           ', '', '77930-Chailly ', 'en Biere             ', 'DE'),
('13022', 'Cofruly SA                         ', 'FR65382309060                      ', 'Cofruly SA, Corbas Cedex           ', '69 rue Marcel Meyrieux             ', '', '69961 ', 'Corbas Cedex                 ', 'DE'),
('13023', 'Cezo GmbH                          ', '                                   ', 'Cezo GmbH, Berlin                  ', 'Beusselstr. 44n-44q                ', '', '10553 ', 'Berlin                       ', 'DE'),
('13024', 'Cruzilles                          ', '                                   ', 'Cruzilles, Clermont-Ferrand Cedex 2', '226 AV Jean Mermoz / B.P. 5        ', '', '63014 ', 'Clermont-Ferrand Cedex 2     ', 'DE'),
('13025', 'Cammas Freres et Cie.              ', '                                   ', 'Cammas, Rungis Cedex               ', '94 Av. de Bretagne                 ', '', '94562 ', 'Rungis Cedex                 ', 'DE'),
('13026', 'Coteaux Nantais                    ', '                                   ', 'Coteaux Nantais, Vertou            ', 'Les Ajoncs                         ', '', '44120 ', 'Vertou                       ', 'DE'),
('13027', 'Cena GmbH                          ', 'Großmarkthalle München/Tor 25      ', 'Cena GmbH, Muenchen                ', 'Schäftlarnstr. 10                  ', '', '81371 ', 'München                      ', 'DE'),
('13028', 'Cruchaudet Grandjean               ', '                                   ', 'Cruchaudet Grandjean, Rungis Cedex ', '80 Rue D´Avignon / BAT B2          ', '', '94621 ', 'Rungis Cedex                 ', 'DE'),
('13029', 'Cobana Fruchtring                  ', 'GmbH & Co KG                       ', 'Cobana Fruchtring , Hamburg        ', 'Neue Burg 2                        ', '', '20457 ', 'Hamburg                      ', 'DE'),
('13030', 'Coop Danmark A/S                   ', 'Finansbogholderiet                 ', 'Coop Danmark A/S, Albertslund      ', 'Roskildevej 45                     ', '', '2620 ', 'Albertslund                   ', 'DK'),
('13031', 'Calliari Carmelo                   ', '                                   ', 'Calliari Carmelo, Carano (TN)      ', 'Via Belvedere 4                    ', '', '38033 ', 'Carano (TN)                  ', 'DE'),
('13032', 'Castellino di Castellino Valter eC.', '                                   ', 'Castellino di Castellino Valter eC.', 'Loc. Torre Bongiovanni, 1          ', '', '12089 ', 'Villanova Mondovi            ', 'DE'),
('13033', 'PPHU Coldex Marek Krawczyk         ', 'PL 8380009849                      ', 'Coldex , PL 96-323 Osuchow         ', 'UL. Strazacka 22                   ', '', '96-323 ', 'Osuchow                     ', 'DE'),
('13034', 'Granero Cataluna, S.L.             ', 'B96271135                          ', 'Granero Cataluna, S.L., Barcelona  ', 'C/Longitudinal 2,Pabellon D-4056/61', '', '08040 ', 'Barcelona Mercabarna         ', 'DE'),
('13035', 'Calliari Carmelo                   ', 'IT00635910227                      ', 'Calliari Carmelo, Carano           ', 'Via Belvedere 4                    ', '', '38033 ', 'Carano                       ', 'DE'),
('13036', 'CONTI-Frucht Busam GmbH            ', '                                   ', 'CONTI-Frucht Busam GmbH, Oberkirch ', 'Raiffeisenstr. 20                  ', '', '77704 ', 'Oberkirch                    ', 'DE'),
('13037', 'Coprimex SAS                       ', 'FR82304749062                      ', 'Coprimex SAS, Chevilly Larue       ', '34  Rue de Montpellier             ', '', '94622 ', 'Chevilly Larue               ', 'DE'),
('13038', 'Continental Fruit S.R.L.           ', '                                   ', 'Continental Fruit S.R.L., Verona   ', 'Via Sommacampagna 63               ', '', '37137 ', 'Verona                       ', 'DE'),
('13039', 'Katopé Champaris S.A.              ', '                                   ', 'Katopé Champaris S.A., Rungis (Cede', '51, rue de Montpellier - BAT D2    ', '', '94622 ', 'Rungis (Cedex)               ', 'DE'),
('13040', 'Cuppen Logistics BV                ', '                                   ', 'Cuppen Logistics BV, Horst         ', 'Venrayseweg 143                    ', '', '5961 ', 'NS Horst                      ', 'DE'),
('13041', 'Fruchtwarenhandel                  ', 'Ciaciuch GmbH & Co.KG              ', 'Ciaciuch, Wittstock                ', 'Jägerstr. 1-4                      ', '', '16909 ', 'Wittstock                    ', 'DE'),
('13042', 'Cafe Museum Duisburg               ', '                                   ', 'Cafe Museum Duisburg, Duisburg     ', 'Friedrich-Wilhelm-Straße 64        ', '', '47051 ', 'Duisburg                     ', 'DE'),
('14501', 'Doego Fruchthandel u. Import eG    ', '                                   ', 'Doego Fruchthandel u. Import eG, Do', 'Postfach 10 09 51                  ', '', '44009 ', 'Dortmund                     ', 'DE'),
('14502', 'D.A.S. International B.V.          ', 'NL 808941240B01                    ', 'D.A.S. International B.V., LN Baren', 'Koopliedenweg 29                   ', '', '2991 ', 'LN Barendrecht                ', 'DE'),
('14503', 'Tarpinian Midi Fruits              ', '                                   ', 'Tarpinian Midi Fruits, 13323 Marsei', 'M.I.N. des Arnavaux BOX 201/202    ', '', '13323 ', 'Marseille Cedex 14           ', 'DE'),
('14504', 'Dani-Frucht GmbH                   ', 'Importvermittlung                  ', 'Dani Frucht,Kehl                   ', 'Leutesheimer Str. 71               ', '', '77694 ', 'Kehl-Bodersweier             ', 'DE'),
('14505', 'Distrimex                          ', '                                   ', 'Distrimex, Avignon                 ', 'M.I.N. Bat. T                      ', '', '84000 ', 'Avignon                      ', 'FR'),
('14507', 'Van Dijk Foods Belgium             ', 'BE 448.097.240                     ', 'Van Dijk Foods Belgium             ', 'Kempenarestraat 50                 ', '', '2860 ', 'St.-Katelijne Waver           ', 'DE'),
('14508', 'Defi Prim                          ', 'FR 57 350 428 132                  ', 'Defi Prim, Perpignan Cedex         ', 'BP  5126 Saint-Charles             ', '', '66031 ', 'Perpignan Cedex              ', 'DE'),
('14509', 'Hof Dehlfing                       ', '                                   ', 'Dehlfing, Rehden                   ', 'Nienburger Str. 68                 ', '', '49453 ', 'Rehden                       ', 'DE'),
('14510', 'Frutas DUC-SOL                     ', 'Vicente Soler Fayos, S.L.          ', 'DUC-SOL, Pobla del Duc (Valencia)  ', 'C/ José Antonio Perelló, 11        ', '', '46840 ', 'Pobla del Duc (Valencia)     ', 'DE'),
('14511', 'Soc a Duchamp et Cie               ', '                                   ', 'Duchamp et Cie, Lomme              ', 'Marche d´Interet National          ', '', '59160 ', 'Lomme                        ', 'DE'),
('14512', 'Direkt Frucht Import GmbH          ', '                                   ', 'Direkt Frucht Import GmbH, Hamburg ', 'Grossmarkt Hamburg Stand K407      ', '', '20097 ', 'Hamburg                      ', 'DE'),
('14513', 'Kö-Cafe Dobbelstein e.K.           ', '                                   ', 'Dobbelstein GmbH, Duisburg         ', 'Paul-Rücker-Str. 14                ', '', '47059 ', 'Duisburg                     ', 'DE'),
('14514', 'Doego Fruchthandel u.Import eG     ', '                                   ', 'Doego, Dortmund                    ', 'Feldstrasse 84                     ', '', '44141 ', 'Dortmund                     ', 'DE'),
('14515', 'Ömer Delice                        ', '                                   ', 'Oemer Delice, Duisburg             ', 'Wörthstraße 39                     ', '', '47053 ', 'Duisburg                     ', 'DE'),
('14516', 'Denscheilmann & Wellein GmbH       ', '                                   ', 'Denscheilmann & Wellein GmbH, Bambe', 'Kirschäckerstraße 26               ', '', '96502 ', 'Bamberg                      ', 'DE'),
('14517', 'Doego Fruchthandel u.Import eG     ', '                                   ', 'Doego, Leergut                     ', 'Feldstrasse 84                     ', '', '44141 ', 'Dortmund                     ', 'DE'),
('14518', 'Petr Durdik                        ', '                                   ', 'Petr Durdik, Praha 5               ', 'K. Radotinu 462                    ', '', '15600', 'Praha 5', 'CZ'),
('14519', '3D - Donabedian                    ', 'FR 44 562 128 041                  ', '3D Donabedian                      ', '121, Rue de Montpellier, Bat D 2   ', '', '94622 ', 'Rungis Cedex                 ', 'DE'),
('14520', 'RA Struck als Insverw.             ', 'DSV Deutsche Spargel Vertriebs AG  ', 'DSV AG, Parchen                    ', 'Steinstr. 29                       ', '', '19053 ', 'Schwerin                     ', 'DE'),
('14521', 'Jean & Hch. Derkum                 ', 'Nachfolger GmbH                    ', 'Derkum, Koeln                      ', 'Marktstr. 10                       ', '', '50968 ', 'Köln                         ', 'DE'),
('14522', 'Dole Fresh Fruit Europe OHG        ', '                                   ', 'Dole, Hamburg                      ', 'Stadtdeich 7                       ', '', '20097 ', 'Hamburg                      ', 'DE'),
('14523', 'UNIVEG Direct Fruit Marketing      ', 'DFM GmbH                           ', 'Direkt Fruit Marketing GmbH, Bremen', 'Am Winterhafen 5                   ', '', '28195 ', 'Bremen                       ', 'DE'),
('14524', 'Luigi di Lenardo GmbH & Co. KG     ', '                                   ', 'di Lenardo, Luigi                  ', 'Schäftlarnstr. 10                  ', '', '81371 ', 'München                      ', 'DE'),
('14525', 'Delta Prim                         ', '                                   ', 'Delta Prim, Rungis                 ', '123, Avenue de Lyonnais, BAT A2    ', '', '94571 ', 'Rungis                       ', 'DE'),
('14526', 'DIVA GmbH                          ', 'Frische-Zentrum                    ', 'DIVA GmbH, Frankfurt/Main          ', 'Josef-Eicher-Str. 10               ', '', '60437 ', 'Frankfurt/Main               ', 'DE'),
('14527', 'Dittmeyers Frucht-Plantagen        ', '                                   ', 'Dittmeyers, Hamburg                ', 'Dörpfeldstr. 48                    ', '', '22609 ', 'Hamburg                      ', 'DE'),
('14528', 'Delexim                            ', '                                   ', 'Delexim, Antwerpen                 ', '8/20 Rubenslei                     ', '', '2018 ', 'Antwerpen                     ', 'NL'),
('14530', 'De-Sa Fruchthandels GmbH           ', '                                   ', 'De-Sa Fruchthandels GmbH, Muenchen ', 'Oberländerstr. 2                   ', '', '81371 ', 'München                      ', 'DE'),
('14531', 'Willem Dijk A.G.F.BV               ', '                                   ', 'Dijk, Willem BV                    ', 'Het Wolbert I-II                   ', '', '7547 ', 'RA Enschede                   ', 'DE'),
('160001', 'EDEKA AG - Fruchtkontor            ', 'RE-ILN 4311502000006               ', 'EDEKA Hamm (S)                     ', 'Im Sutenkamp 2                     ', '', '59069 ', 'Hamm                         ', 'DE'),
('160002', 'EDEKA AG - Fruchtkontor            ', 'RE-ILN 4311502000006               ', 'EDEKA Gochsheim (S)                ', 'Industriestr. 9                    ', '', '97469 ', 'Gochsheim                    ', 'DE'),
('160003', 'EDEKA AG - Fruchtkontor            ', 'RE-ILN 4311502000006               ', 'EDEKA Schwabach                    ', 'Falbenholzweg                      ', '', '91126 ', 'Schwabach                    ', 'DE'),
('160004', 'EDEKA Balingen                     ', 'RE-ILN 4313920000002               ', 'EDEKA Balingen (S)                 ', 'Weidenweg 34                       ', '', '72336 ', 'Balingen                     ', 'DE'),
('160005', 'EDEKA Garching                     ', '                                   ', 'EDEKA Garching (S)                 ', 'Dieselstr. 30                      ', '', '85748 ', 'Garching                     ', 'DE'),
('160006', 'EDEKA Borna                        ', 'RE-ILN 4314319000009               ', 'EDEKA Borna (S)                    ', 'Stauffenbergstr. 16                ', '', '04552 ', 'Borna                        ', 'DE'),
('160007', 'EDEKA Buseck                       ', 'RE-ILN 4313822000001               ', 'EDEKA Buseck (S)                   ', 'Edekastr. 4                        ', '', '35418 ', 'Großen-Buseck                ', 'DE'),
('160008', 'EDEKA Ellhofen                     ', 'RE-ILN 4313920000002               ', 'EDEKA Ellhofen                     ', 'Im Holderbusch 3                   ', '', '74189 ', 'Weinsberg / Ellhofen         ', 'DE'),
('160009', 'EDEKA Essen                        ', 'RE-ILN 4313705000005               ', 'EDEKA Essen                        ', 'Deilbachtal 101 - 103              ', '', '45257 ', 'Essen                        ', 'DE'),
('16001', 'EDEKA Aktiengesellschaft           ', '                                   ', 'Edeka Fruchtkontor                 ', 'Großmarkt, Marktstr. 10            ', '', '50968 ', 'Köln                         ', 'DE'),
('160010', 'EDEKA Freienbrink                  ', 'RE-ILN 4313101000005               ', 'EDEKA Freienbrink                  ', 'Birkenstraße 4                     ', '', '15537 ', 'Grünheide (Mark)             ', 'DE'),
('160011', 'EDEKA Heddesheim                   ', 'RE-ILN 4313920000002               ', 'EDEKA Heddesheim                   ', 'Edekastr.                          ', '', '68542 ', 'Heddesheim                   ', 'DE'),
('160012', 'EDEKA Ingolstadt Gaimersheim       ', 'RE-ILN 4314214000005               ', 'EDEKA Ingolstadt Gaimersheim       ', 'Ingolstaedter Str. 120             ', '', '85080 ', 'Gaimersheim                  ', 'DE'),
('160013', 'EDEKA Landsberg                    ', 'RE-ILN 4313515000004               ', 'EDEKA Landsberg (S)                ', 'Zörbiger Str.                      ', '', '06188 ', 'Landsberg                    ', 'DE'),
('160014', 'EDEKA Lüneburg                     ', 'RE-ILN 4313280000001               ', 'EDEKA Lueneburg                    ', 'Lüner Rennbahn                     ', '', '21339 ', 'Lüneburg                     ', 'DE'),
('160015', 'EDEKA Marktredwitz                 ', 'RE-ILN 4314319000009               ', 'EDEKA Marktredwitz (S)             ', 'Klepperstr. 2                      ', '', '95615 ', 'Marktredwitz                 ', 'DE'),
('160016', 'EDEKA Meckenheim                   ', 'RE-ILN 4313705000005               ', 'EDEKA Meckenheim                   ', 'Am Pannacker                       ', '', '53340 ', 'Meckenheim                   ', 'DE'),
('160017', 'EDEKA Melsungen                    ', 'RE-ILN 4313822000001               ', 'EDEKA Melsungen (S)                ', 'Industriegel. Pfieffe              ', '', '34212 ', 'Melsungen                    ', 'DE'),
('160018', 'Fruchthof Minden                   ', 'RE-ILN 4313515000004               ', 'Fruchthof Minden                   ', 'Hahler Str.                        ', '', '32427 ', 'Minden                       ', 'DE'),
('160019', 'EDEKA Moers                        ', '                                   ', 'EDEKA Moers (S)                    ', 'Chemnitzer Str. 24                 ', '', '47441 ', 'Moers                        ', 'DE'),
('16002', 'Europe Fruits SA                   ', 'FR-                                ', 'Europe Fruits SA, Toulon           ', 'Marché de 8te Musse                ', '', '83100 ', 'Toulon                       ', 'DE'),
('160020', 'Netto Dettingen                    ', '                                   ', 'Netto Dettingen                    ', 'Rudolf-Schels-Str. 6               ', '', '89547 ', 'Gerstetten-Dettingen         ', 'DE'),
('160021', 'Netto Guteborn                     ', '                                   ', 'Netto Guteborn                     ', 'Altenburger Str. 12                ', '', '04639 ', 'Ponitz                       ', 'DE'),
('160022', 'Netto Hodenhagen                   ', '                                   ', 'Netto Hodenhagen                   ', 'Lindenberghstr. 8                  ', '', '29693 ', 'Hodenhagen                   ', 'DE'),
('160023', 'Netto Thiendorf                    ', '                                   ', 'Netto Thiendorf                    ', 'Am Fiebig 15                       ', '', '01561 ', 'Thiendorf                    ', 'DE'),
('160024', 'Netto Worms                        ', '                                   ', 'Netto Worms                        ', 'Mittelrheinstr. 36                 ', '', '67550 ', 'Worms                        ', 'DE'),
('160025', 'EDEKA Neumünster                   ', 'RE-ILN 4313280000001               ', 'EDEKA Neumuenster (S)              ', 'Gadelander Str. 120                ', '', '24539 ', 'Neumünster                   ', 'DE'),
('160026', 'EDEKA Offenburg                    ', 'RE-ILN 4313920000002               ', 'EDEKA Offenburg (S)                ', 'Edekastr. 1                        ', '', '77656 ', 'Offenburg                    ', 'DE'),
('160027', 'EDEKA Penzberg                     ', 'RE-ILN 4314214000005               ', 'EDEKA Penzberg                     ', 'Nonnenwaldstraße                   ', '', '82377 ', 'Penzberg                     ', 'DE'),
('160028', 'EDEKA Roisdorf                     ', 'RE-ILN 4314214000005               ', 'EDEKA Roisdorf                     ', 'Raiffeisenstr. 8                   ', '', '53332 ', 'Bornheim-Roisdorf            ', 'DE'),
('160029', 'EDEKA Schenefeld                   ', 'RE-ILN 4313280000001               ', 'EDEKA Schenefeld                   ', 'Osterbrooksweg 35 - 45             ', '', '22867 ', 'Schenefeld                   ', 'DE'),
('16003', 'EDEKA Traunstein                   ', 'RE-ILN: 4314214000005              ', 'EDEKA Traunstein                   ', 'Industriestr. 8                    ', '', '83278 ', 'Traunstein                   ', 'DE'),
('160030', 'EDEKA St. Ingbert                  ', 'RE-ILN 4313920000002               ', 'EDEKA St. Ingbert                  ', 'Im Schiffelland                    ', '', '66386 ', 'St. Ingbert                  ', 'DE'),
('160031', 'EDEKA Staucha                      ', 'RE-ILN 4314319000009               ', 'EDEKA Staucha                      ', 'Stauchaer Str. 1                   ', '', '04758 ', 'Hof                          ', 'DE'),
('160032', 'EDEKA Straubing                    ', 'RE-ILN 4314214000005               ', 'EDEKA Straubing                    ', 'Schlesische Str. 226               ', '', '94315 ', 'Straubing                    ', 'DE'),
('160033', 'EDEKA Straußfurt                   ', 'RE-ILN 4313822000001               ', 'EDEKA Straussfurt                  ', 'Industriegebiet                    ', '', '99634 ', 'Straußfurt                   ', 'DE'),
('160034', 'EDEKA Wiefelstede                  ', 'RE-ILN 4313515000004               ', 'EDEKA Wiefelstede                  ', 'Edekastr. 1                        ', '', '26215 ', 'Wiefelstede                  ', 'DE'),
('160035', 'Netto Wustermark                   ', 'RE-ILN 4314799000001               ', 'Netto Wustermark                   ', 'Magdeburger Str. 2                 ', '', '14641 ', 'Wustermark                   ', 'DE'),
('160036', 'Netto Stavenhagen                  ', 'RE-ILN 4314799000001               ', 'Netto Stavenhagen                  ', 'Preetzer Straße 22                 ', '', '17153 ', 'Stavenhagen                  ', 'DE'),
('160037', 'Globus Bingen                      ', 'RE-ILN 4311502000006               ', 'Globus Bingen (West)               ', 'Globusallee                        ', '', '55411 ', 'Bingen                       ', 'DE'),
('160038', 'EDEKA Minden-Hannover mbH          ', 'RE-ILN 4313515913274               ', 'EDEKA Minden                       ', 'Wittelsbacher Allee 61             ', '', '32427 ', 'Minden                       ', 'DE'),
('160039', 'Netto Coswig                       ', 'RE-ILN 4311502000006               ', 'Netto Coswig                       ', 'Am Brennickel                      ', '', '06869 ', 'Coswig                       ', 'DE'),
('16004', 'EDEKA AG - Fruchtkontor West       ', '                                   ', 'EDEKA AG Roisdorf                  ', 'Raiffeisenstr. 8                   ', '', '53332 ', 'Bornheim-Roisdorf            ', 'DE'),
('160040', 'Netto Maxhütte                     ', 'RE-ILN 431636800000                ', 'Netto Maxhuette, Maxhuette         ', 'Industriepark Ponholz 1            ', '', '93142 ', 'Maxhütte                     ', 'DE'),
('160041', 'Netto Kitzingen                    ', 'RE-ILN 4316268900003               ', 'Netto Kitzingen, Kitzingen         ', 'Am Dreistock 14                    ', '', '97318 ', 'Kitzingen                    ', 'DE'),
('160042', 'EDEKA Traunstein                   ', 'RE-ILN 4314285 000010              ', 'EDEKA Traunstein                   ', 'Industriestr. 8                    ', '', '83278 ', 'Traunstein                   ', 'DE'),
('160043', 'EDEKA - Fruchtkontor Nord          ', 'RE-ILN 4311502000006               ', 'EDEKA Hamburg                      ', 'Dessauer Strasse 12                ', '', '20457 ', 'Hamburg                      ', 'DE'),
('160044', 'EDEKA Traunstein                   ', 'RE-ILN: 4314285 000010             ', 'EDEKA Traunstein (S)               ', 'Industriestr. 8                    ', '', '83278 ', 'Traunstein                   ', 'DE'),
('160045', 'EDEKA Roisdorf                     ', 'RE-ILN 4314214000005               ', 'EDEKA Roisdorf Direktlieferung     ', 'Raiffeisenstr. 8                   ', '', '53332 ', 'Bornheim-Roisdorf            ', 'DE'),
('160046', 'EDEKA Valluhn                      ', '                                   ', 'EDEKA Valluhn (S)                  ', 'Am Heisterbusch                    ', '', '19246 ', 'Valluhn                      ', 'DE'),
('160047', 'EDEKA AG Fruchtkontor Süd          ', '                                   ', 'EDEKA Sued Direktlieferung         ', 'Dieselstr. 30                      ', '', '85748 ', 'Garching                     ', 'DE'),
('160048', 'Globus Löbichau                    ', 'RE-ILN 4311502000006               ', 'Globus Loebichau                   ', 'Neue Str. 4                        ', '', '04626 ', 'Löbichau                     ', 'DE'),
('160049', 'EDEKA Benteler                     ', '                                   ', 'EDEKA Benteler, Langenberg         ', 'Dieselstr. 11                      ', '', '33449 ', 'Langenberg                   ', 'DE'),
('16005', 'EXA Fruchtimport GmbH & Co. KG     ', '                                   ', 'EXA Fruchtimport GmbH & Co. KG, Dor', 'Max-von-Laue-Straße 2              ', '', '59423 ', 'Unna                         ', 'DE'),
('160050', 'EDEKA Malchow                      ', 'RE-ILN 4313280000001               ', 'EDEKA Malchow                      ', 'Bahnhofstr. 42                     ', '', '17213 ', 'Malchow                      ', 'DE'),
('160051', 'Landgard Obst & Gemüse GmbH        ', 'Chemnitz Dresden                   ', 'Landgard, Dresden (E)              ', 'Spitzhausstrasse 74                ', '', '01139 ', 'Dresden                      ', 'DE'),
('160052', 'EDEKA Neumünster                   ', 'RE-ILN 4313280000001               ', 'EDEKA Neumuenster                  ', 'Gadelander Str. 120                ', '', '24539 ', 'Neumünster                   ', 'DE'),
('160053', 'EDEKA Gaimersheim                  ', '                                   ', 'EDEKA Gaimersheim                  ', 'Ingolstädter Str. 120              ', '', '85080 ', 'Gaimersheim                  ', 'DE'),
('160054', 'EDEKA Ellhofen                     ', '                                   ', 'EDEKA Ellhofen (S)                 ', 'Im Holderbusch 3                   ', '', '74189 ', 'Weinsberg / Ellhofen         ', 'DE'),
('160055', 'EDEKA St. Ingbert                  ', '                                   ', 'EDEKA St. Ingbert (S)              ', 'Im Schiffelland                    ', '', '66386 ', 'St. Ingbert                  ', 'DE'),
('160056', 'EDEKA Heddesheim                   ', '                                   ', 'EDEKA Heddesheim (S)               ', 'Edekastr. 1                        ', '', '68542 ', 'Heddesheim                   ', 'DE'),
('16006', 'Franz Eckenfels                    ', 'Fruchthandel GmbH                  ', 'Eckenfels, Oberkirch               ', 'St. Urbanstr. 1                    ', '', '77704 ', 'Oberkirch                    ', 'DE'),
('16007', 'Erra Luigi SNC                     ', 'IT 00896601002                     ', 'Erra Luigi SNC, Guidona Roma       ', 'Via Tenuta del Cavaliere No. 1     ', '', '03012 ', 'Guidona Roma                 ', 'DE'),
('16008', 'EXO GmbH                           ', '                                   ', 'Exo Saarbruecken                   ', 'An der Römerbrücke 17              ', '', '66121 ', 'Saarbrücken                  ', 'DE'),
('16009', 'EXO Frucht GmbH                    ', '                                   ', 'EXO Loebichau                      ', 'Neue Str. 4                        ', '', '04626 ', 'Löbichau                     ', 'DE'),
('1601', 'EDEKA AG - Fruchtkontor            ', 'RE-ILN 4311502000006               ', 'EDEKA Hamm                         ', 'Im Sutenkamp 2                     ', '', '59069 ', 'Hamm                         ', 'DE'),
('16010', 'Harry Erhorn                       ', 'Fruchtimport                       ', 'Erhorn, Hamburg                    ', 'Grossmarkt Stand 413 / 435         ', '', '20097 ', 'Hamburg                      ', 'DE'),
('16011', 'Eurologistic                       ', '                                   ', 'Eurologistic                       ', '                                   ', '', 'FR- ', '                               ', 'DE'),
('16012', 'EDEKA AG - Fruchtkontor            ', 'RE-ILN 4311502000006               ', 'EDEKA Gochsheim                    ', 'Industriestr. 9                    ', '', '97469 ', 'Gochsheim                    ', 'DE'),
('16013', 'EDEKA Borna                        ', 'RE-ILN 4314319000009               ', 'EDEKA Borna                        ', 'Stauffenbergstr. 16                ', '', '04552 ', 'Borna                        ', 'DE'),
('16014', 'EHG Hessenring mbH                 ', 'Lieferanten-Konto-Nr. 01/81014     ', 'EHG Hessenring mbH, Melsungen      ', 'Postfach 1165                      ', '', '34201 ', 'Melsungen                    ', 'DE'),
('16015', 'EDEKA AG - Fruchtkontor            ', 'RE-ILN 4311502000006               ', 'Edeka Fruchtkontor Hamburg         ', 'New-York-Ring 6                    ', '', '22297 ', 'Hamburg                      ', 'DE'),
('16016', 'EDEKA AG Fruchtkontor Süd          ', 'RE-ILN: 4311502000006              ', 'EDEKA AG Fruchtkontor Sued, Garchin', 'Dieselstr. 30                      ', '', '85748 ', 'Garching                     ', 'DE'),
('16017', 'Edeka Handelsgesellschaft          ', 'Hessenring mbH                     ', 'Edeka Handelsgesellschaft, Melsunge', 'Industriegelände Pfieffe           ', '', '34212 ', 'Melsungen                    ', 'DE'),
('16018', 'EDEKA Meckenheim                   ', 'RE-ILN 4313705000005               ', 'EDEKA Meckenheim  (S)              ', 'Am Pannacker                       ', '', '53340 ', 'Meckenheim                   ', 'DE'),
('16019', 'EDEKA Landsberg                    ', 'RE-ILN 4313515000004               ', 'EDEKA Landsberg, Landsberg         ', 'Zörbiger Str.                      ', '', '06188 ', 'Landsberg                    ', 'DE'),
('16020', 'Edeka Minden-Hannover              ', 'Logistik Service GmbH              ', 'EDEKA Lauenau                      ', 'Peugeotstr. 1                      ', '', '31867 ', 'Lauenau                      ', 'DE'),
('16021', 'EDEKA Handelsgesellschaft          ', 'Minden-Hannover GmbH               ', 'EDEKA Handelsgesellschaft, Minden  ', 'Wittelsbacher Allee 61             ', '', '32427 ', 'Minden                       ', 'DE'),
('16022', 'Estivin Tours                      ', 'BP 4309                            ', 'Estivin Tours, Tours Cedex 1       ', 'Avenue Vatel                       ', '', '37043 ', 'Tours Cedex 1                ', 'DE'),
('16024', 'HBG . Import                       ', '                                   ', 'HBG . Import, Hamburg              ', 'Dessauer Str. 12                   ', '', '20457 ', 'Hamburg                      ', 'DE'),
('16025', 'EDEKA Freienbrink                  ', 'RE-ILN 4313101000005               ', 'EDEKA Freienbrink (S)              ', 'Birkenstraße 4                     ', '', '15537 ', 'Grünheide-Mark               ', 'DE'),
('16026', 'Europ Consult                      ', '                                   ', 'Europ Consult, Perpignan           ', '434 Rue de Lisbonne / BP 5315      ', '', '66033 ', 'Perpignan                    ', 'DE'),
('16027', 'EXPO EUROFRUT                      ', '                                   ', 'EXPO EUROFRUT, La Font d`en Carros ', 'Avda. La Safor, no. 28             ', '', '46717 ', 'La Font d`en Carros (Val.)   ', 'DE'),
('16028', 'Esteve Hnos. S.L.                  ', 'Mercasantander                     ', 'Esteve Hnos. S.L., 39011 Santander ', 'Puestos 29 y 30                    ', '', '39011 ', 'Santander                    ', 'DE'),
('16029', 'Esfruimar SA                       ', 'FR644443794870                     ', 'Esfruimar                          ', 'BP 55440 / MIN Saint Charles       ', '', '66034 ', 'Perpignan Cedex              ', 'DE'),
('16030', 'EfeFirat Impex GmbH                ', '                                   ', 'EfeFirat, Bremen                   ', 'Neue Finien 9                      ', '', '28832 ', 'Achim                        ', 'DE'),
('16031', 'EXPA-Frucht GmbH                   ', '                                   ', 'EXPA-Frucht GmbH, Muenchen         ', 'Kochelseestr. 10 / Rgb.            ', '', '81371 ', 'München                      ', 'DE'),
('16032', 'Eurogroup Italia S.r.l.            ', '                                   ', 'Eurogroup Italia S.r.l., Verona    ', 'Via Sommacampagna, 63h             ', '', '37137 ', 'Verona                       ', 'DE'),
('16033', 'Congelados Elite SL                ', '                                   ', 'Elite, Alguazas                    ', 'Camino del Olivar                  ', '', '30560 ', 'Alguazas                     ', 'ES'),
('16034', 'EDEKA Wiefelstede                  ', 'RE-ILN 4313515000004               ', 'EDEKA Wiefelstede (S)              ', 'Edekastr. 1                        ', '', '26215 ', 'Wiefelstede                  ', 'DE'),
('16035', 'EDEKA Buseck                       ', 'RE-ILN 4313822000001               ', 'EDEKA Buseck, Grossen-Buseck       ', 'Edekastr. 4                        ', '', '35418 ', 'Großen-Buseck                ', 'DE'),
('16036', 'Erzeugergroßmarkt NRW GmbH         ', '                                   ', 'Erzeugergrossmarkt NRW, Weeze      ', 'Niederhelsum 12                    ', '', '47652 ', 'Weeze                        ', 'DE'),
('16037', 'Globus Bingen                      ', 'RE-ILN 4311502000006               ', 'Globus Bingen (Sued)               ', 'Globusallee                        ', '', '55411 ', 'Bingen                       ', 'DE'),
('16038', 'EDEKA Minden-Hannover mbH          ', 'RE-ILN 4313515913274               ', 'EDEKA Minden (S)                   ', 'Wittelsbacher Allee 61             ', '', '32427 ', 'Minden                       ', 'DE'),
('16039', 'EDEKA Malchow (S)                  ', '                                   ', 'EDEKA Malchow (S)                  ', 'Bahnhofstr. 42                     ', '', '17213 ', 'Malchow                      ', 'DE'),
('16040', 'EUfrugA Fruchthandels GmbH         ', '                                   ', 'EUfrugA Fruchthandels GmbH, Duessel', 'Grafenberger Allee 120             ', '', '40237 ', 'Düsseldorf                   ', 'DE'),
('16041', 'Eurogroup Espana Frutas y Verduras ', 'CIF A97695183                      ', 'Eurogroup Espana                   ', 'Ronda Narciso Monturiol, 6-208B    ', '', '46980 ', 'Paterna Valencia             ', 'DE'),
('16042', 'Euro-Foods Polska Sp.z.o.o.        ', '                                   ', 'Euro-Foods Polska Sp.z.o.o., Ozarow', 'ul. Piastowska 38, Bronisze        ', '', '05-850 ', 'Ozarow Mazowiecki           ', 'DE'),
('16043', 'Erden Market IV GmbH               ', '                                   ', 'Erden Market IV GmbH, Hamburg      ', 'Bornheide 23                       ', '', '22549 ', 'Hamburg                      ', 'DE'),
('16044', 'EDEKA AG-Hamburg-FK Hamburg        ', '                                   ', 'EDEKA Hamburg (S)                  ', 'Dessauer Str. 12                   ', '', '20457 ', 'Hamburg                      ', 'DE'),
('16045', 'Max Lüning GmbH & Co. KG           ', 'Logistikzentrum                    ', 'Max Luening, Langenberg (E)        ', 'Dieselstr. 11                      ', '', '33449 ', 'Langenberg                   ', 'DE'),
('16046', 'EDEKA Valluhn                      ', '                                   ', 'EDEKA Valluhn, Valluhn             ', 'Am Heisterbusch                    ', '', '19246 ', 'Valluhn                      ', 'DE'),
('16047', 'EDEKA Straußfurt                   ', 'RE-ILN 4313822000001               ', 'EDEKA Straussfurt (S)              ', 'Industriegebiet                    ', '', '99634 ', 'Straußfurt                   ', 'DE'),
('16048', 'Edeka Minden-Hannover              ', 'Logistik Service GmbH              ', 'Edeka Lauenau (S)                  ', 'Peugeotstr. 1                      ', '', '31867 ', 'Lauenau                      ', 'DE'),
('16049', 'Ernteband Fruchtsaft GmbH          ', '                                   ', 'Ernteband Fruchtsaft GmbH, Winnende', 'Marbacher Str. 12                  ', '', '71364 ', 'Winnenden                    ', 'DE'),
('16050', 'Everest Impex Ltd.                 ', '                                   ', 'Everest Impex Ltd.,Island          ', 'Ajeltake Road, Trust Company Comple', '', 'Majuro ', 'Ajeltake Island MH 96960    ', 'DE'),
('16051', 'Edelbrennerei Dirker               ', '                                   ', 'Edelbrennerei Dirker, Moembris     ', 'Alzenauer Str. 108                 ', '', '63776 ', 'Mömbris                      ', 'DE'),
('16052', 'Kaiser`s Tengelmann GmbH           ', 'Lager Viersen                      ', 'Kaiser`s , Viersen (S)             ', 'Ernst-Moritz-Arndt-Str. 10         ', '', '41747 ', 'Viersen                      ', 'DE'),
('16053', 'Elisa Berry HB Doo                 ', '                                   ', 'Elisa Berry HB Doo, Zivinice       ', 'ul Zivinicke ose bb                ', '', '75270 ', 'Zivinice                     ', 'DE'),
('16054', 'Evers-Koenigschulte                ', 'Obst und Spargel                   ', 'Evers-Koenigschulte,49832 Freren   ', 'Königsstr. 32                      ', '', '49832 ', 'Freren                       ', 'DE'),
('1609', 'EDEKA Essen                        ', 'RE-ILN 4313705000005               ', 'EDEKA Essen                        ', 'Deilbachtal 101-103                ', '', '45257 ', 'Essen                        ', 'DE'),
('1615', 'EDEKA Marktredwitz                 ', 'RE-ILN 4314319                     ', 'EDEKA Marktredwitz                 ', 'Klepperstr. 2                      ', '', '95615 ', 'Marktredwitz                 ', 'DE'),
('1616', 'EDEKA Meckenheim                   ', 'RE-ILN 4313705000005               ', 'EDEKA Meckenheim                   ', 'Am Pannacker                       ', '', '53340 ', 'Meckenheim                   ', 'DE'),
('1617', 'EDEKA Melsungen                    ', 'RE-ILN 4313822000001               ', 'EDEKA Melsungen                    ', 'Industriegel. Pfieffe              ', '', '34212 ', 'Melsungen                    ', 'DE'),
('1619', 'EDEKA Moers                        ', 'RE-ILN 4313705000005               ', 'EDEKA Moers                        ', 'Chemnitzer Str. 24                 ', '', '47441 ', 'Moers                        ', 'DE'),
('1620', 'Netto Dettingen                    ', 'RE-ILN 4331261000000               ', 'NETTO Dettingen                    ', 'Rudolf-Schels-Str. 6               ', '', '89547 ', 'Gerstetten-Dettingen         ', 'DE'),
('1621', 'Netto Guteborn                     ', 'RE-ILN 4316108000009               ', 'NETTO Guteborn                     ', 'Altenburger Str. 12                ', '', '04639 ', 'Ponitz                       ', 'DE'),
('1623', 'Netto Thiendorf                    ', 'RE-ILN 4332051000002               ', 'NETTO Thiendorf                    ', 'Am Fiebig 15                       ', '', '01561 ', 'Thiendorf                    ', 'DE'),
('1624', 'Netto Worms                        ', 'RE-ILN 4324318700008               ', 'NETTO Worms                        ', 'Mittelrheinstr. 36                 ', '', '67550 ', 'Worms                        ', 'DE'),
('1628', 'EDEKA Roisdorf                     ', 'RE_ILN 4314214000005               ', 'EDEKA Roisdorf                     ', 'Raiffeisenstr. 8                   ', '', '53332 ', 'Bornheim-Roisdorf            ', 'DE'),
('1639', 'Netto Coswig                       ', 'RE-ILN 431626880006                ', 'NETTO Coswig                       ', 'Am Brennickel                      ', '', '06869 ', 'Coswig                       ', 'DE'),
('1640', 'Netto Maxhütte                     ', 'RE-ILN 431636800000                ', 'NETTO Maxhuette                    ', 'Industriepark Ponholz 1            ', '', '93142 ', 'Maxhütte                     ', 'DE'),
('1641', 'Netto Kitzingen                    ', 'RE-ILN 4316268900003               ', 'NETTO Kitzingen                    ', 'Am Dreistock 14                    ', '', '97318 ', 'Kitzingen                    ', 'DE'),
('1642', 'Netto Erfurt                       ', 'RE-ILN 4316268000000               ', 'NETTO Erfurt                       ', 'Erfurter Landstr. 61               ', '', '99095 ', 'Erfurt                       ', 'DE'),
('1647', 'EDEKA AG Fruchtkontor Süd          ', 'Re-ILN:4311502000006               ', 'EDEKA Sued Direktlieferung         ', 'Dieselstr. 30                      ', '', '85748 ', 'Garching                     ', 'DE'),
('1648', 'EDEKA Valluhn                      ', '                                   ', 'EDEKA Valluhn                      ', 'Am Heisterbusch                    ', '', '19246 ', 'Valluhn                      ', 'DE'),
('1698', 'Netto Kitzingen                    ', '                                   ', 'Netto Kitzingen (E)                ', 'Am Dreistock 14                    ', '', '97318 ', 'Kitzingen                    ', 'DE'),
('1699', 'Netto Hodenhagen                   ', '                                   ', 'Netto Hodenhagen (E)               ', 'Lindberghstrasse 8                 ', '', '29693 ', 'Hodenhagen                   ', 'DE'),
('1700', 'Netto Worms                        ', '                                   ', 'Netto Worms (E)                    ', 'Mittelrheinstraße 36               ', '', '67550 ', 'Worms                        ', 'DE'),
('170001', 'Netto Hodenhagen                   ', '                                   ', 'Netto Hodenhagen, Hodenhagen       ', 'Lindberghstr. 8                    ', '', '29693 ', 'Hodenhagen                   ', 'DE'),
('170002', 'Netto Bielefeld                    ', '                                   ', 'Netto Bielefeld, Bielefeld         ', 'Fuggerstr. 11                      ', '', '33689 ', 'Bielefeld                    ', 'DE'),
('1701', 'Netto Hodenhagen                   ', '                                   ', 'NETTO Hodenhagen                   ', 'Lindberghstr. 8                    ', '', '29693 ', 'Hodenhagen                   ', 'DE'),
('1702', 'Netto Bad Wünnenberg               ', 'Zufahrt Bürener Str. /Tor 15-22    ', 'NETTO Bad Wuennenberg              ', 'Piepenberg 2                       ', '', '33181 ', 'Bad Wünnenberg               ', 'DE'),
('1703', 'Netto Thiendorf                    ', '                                   ', 'Netto Thiendorf (E)                ', 'Am Fiebig 15                       ', '', '01561 ', 'Thiendorf                    ', 'DE'),
('1704', 'Netto Berlin                       ', '                                   ', 'Netto Berlin (E)                   ', 'Arkenberger Damm 1                 ', '', '13127 ', 'Berlin                       ', 'DE'),
('1705', 'Netto Verden                       ', '                                   ', 'Netto Verden (E)                   ', 'Max-Planck-Str. 104                ', '', '27283 ', 'Verden                       ', 'DE'),
('1706', 'Netto Bottrop                      ', '                                   ', 'Netto Bottrop (E)                  ', 'Weusterstr. 4                      ', '', '46240 ', 'Bottrop                      ', 'DE'),
('1707', 'Netto Dettingen                    ', '                                   ', 'Netto Dettingen (S)                ', 'Rudolf-Schels-Str. 6               ', '', '89547 ', 'Gerstetten-Dettingen         ', 'DE'),
('1708', 'Netto Wörth                        ', '                                   ', 'Netto Woerth (E)                   ', 'Am Oberwald 17                     ', '', '76744 ', 'Wörth am Rhein               ', 'DE'),
('1709', 'Netto Bad Wünnenberg               ', 'Zufahrt Bürener Str.               ', 'Netto Bad Wuennenberg (E)          ', 'Piepenberg 2                       ', '', '33181 ', 'Bad Wünnenberg               ', 'DE'),
('1710', 'Netto Hamm                         ', 'RE-ILN 4316268110006               ', 'Netto Hamm (E)                     ', 'Oberster Kamp 16                   ', '', '59069 ', 'Hamm-Rhynern                 ', 'DE'),
('1711', 'Netto Kerpen                       ', '                                   ', 'Netto Kerpen (E)                   ', 'Röntgenstr. 70-74                  ', '', '50169 ', 'Kerpen                       ', 'DE'),
('1712', 'Netto Maxhütte                     ', '                                   ', 'Netto Maxhuette (E)                ', 'Industriepark Ponholz 1            ', '', '93142 ', 'Maxhütte                     ', 'DE'),
('1713', 'Netto Tuningen                     ', '                                   ', 'Netto Tuningen (E)                 ', 'Vor dem Haldenwald                 ', '', '78609 ', 'Tuningen                     ', 'DE'),
('1714', 'Netto Hodenhagen                   ', '                                   ', 'Netto Hodenhagen, Hodenhagen       ', 'Lindberghstr. 8                    ', '', '29693 ', 'Hodenhagen                   ', 'DE'),
('1715', 'Netto Krefeld                      ', 'RE-ILN 4316268210003               ', 'NETTO Krefeld                      ', 'Nirostastr. 2                      ', '', '47807 ', 'Krefeld                      ', 'DE'),
('1716', 'Netto Krefeld                      ', '                                   ', 'Netto Krefeld (S)                  ', 'Nirostastr. 15                     ', '', '47807 ', 'Krefeld                      ', 'DE'),
('1717', 'Netto Erfurt                       ', '                                   ', 'Netto Erfurt (E)                   ', 'Erfurter Landstr. 61               ', '', '99195 ', 'Erfurt-Stotternheim          ', 'DE'),
('1718', 'Netto Lager Verden (ES)            ', '                                   ', 'Netto Lager Verden (ES), Verden    ', 'Max-Planck-Str. 104                ', '', '227283 ', 'Verden                      ', 'DE'),
('1719', 'Netto Lager Guteborn (ES)          ', '                                   ', 'Netto Lager Guteborn (ES), Guteborn', 'Altenburger Str. 11                ', '', '04639 ', 'Guteborn B. Goess            ', 'DE'),
('1720', 'Netto Coswig                       ', '                                   ', 'Netto Coswig (E)                   ', 'Am Brennickel                      ', '', '06869 ', 'Coswig                       ', 'DE'),
('1721', 'Netto Guteborn (E)                 ', '                                   ', 'Netto Guteborn (E)                 ', 'Altenburger Str. 11                ', '', '04639 ', 'Ponitz / Gößnitz             ', 'DE'),
('1722', 'Netto Ganderkesee                  ', '                                   ', 'Netto Ganderkesee (E)              ', 'Am Rennfeuer 7                     ', '', '27777 ', 'Ganderkesee                  ', 'DE'),
('1723', 'Netto Dettingen                    ', '                                   ', 'Netto Dettingen (E)                ', 'Rudolf-Schels-Str. 6               ', '', '89547 ', 'Gerstetten                   ', 'DE'),
('17501', 'Feldenkirchen GmbH                 ', '                                   ', 'Feldenkirchen GmbH, Dortmund       ', 'Heiliger Weg 60                    ', '', '44135 ', 'Dortmund                     ', 'DE'),
('17502', 'Alfons Fähnrich Frucht-Import      ', 'u. Großhandel GmbH                 ', 'Faehnrich                          ', 'Beusselstr. 44 N - Q               ', '', '10553 ', 'Berlin-Moabit                ', 'DE'),
('17503', 'Fruchthansa GmbH                   ', '                                   ', 'Fruchthansa GmbH, Koeln            ', 'Urfelder Strasse 65                ', '', '50389 ', 'Wesseling                    ', 'DE'),
('17504', 'Fruchthof Hannover GmbH            ', '                                   ', 'Fruchthof Hannover GmbH, Hannover  ', 'Am Tönniesberg 16-18               ', '', '30453 ', 'Hannover                     ', 'DE'),
('17505', 'Fruchthof Northeim GmbH            ', '& Co. KG                           ', 'Fruchthof Northeim GmbH, Northeim  ', 'Postfach 15 63                     ', '', '37145 ', 'Northeim                     ', 'DE'),
('17506', 'Fruchtbörse G. Limberg GmbH        ', 'S 625                              ', 'Fruchtboerse G. Limberg GmbH, Dortm', 'Heiliger Weg 60                    ', '', '44135 ', 'Dortmund                     ', 'DE'),
('17507', 'Thomas Fabre                       ', '                                   ', 'Fabre, Rungis                      ', '1 Av. du Lyonnaise / Fruileg 504   ', '', '94571 ', 'Rungis                       ', 'DE'),
('17508', 'France Food                        ', '                                   ', 'France Food, Rungis                ', '98 Rue de Bordeaux / BAT D6C       ', '', '94619 ', 'Rungis                       ', 'DE'),
('17509', 'France Food                        ', 'M.I.N. 51 / Box 31-32              ', 'France Food, Cavaillon             ', 'Av. Pierre Grand                   ', '', '84300 ', 'Cavaillon                    ', 'DE'),
('17510', 'Fruchtpartner GmbH                 ', '                                   ', 'Fruchtpartner GmbH, Oldenburg      ', 'Großmarktstr. 6-8                  ', '', '26127 ', 'Oldenburg                    ', 'DE'),
('17511', 'France Food Nantes                 ', 'Zone d´extension Case n. 4         ', 'France Food Nantes, Nantes Cedex 2 ', '58 Bd Gustave Roch/MIN de Nantes   ', '', '44261 ', 'Nantes Cedex 2               ', 'DE'),
('17512', 'Frutas Imaz S.L.                   ', '                                   ', 'Imaz S.L., ZUBIETA - San Seb       ', 'Paseo de Arrapide, 75              ', '', '20160 ', 'ZUBIETA - San Sebastian      ', 'DE'),
('17513', 'Fleuron d´Anjou                    ', '                                   ', 'Fleuron d´Anjou, Allones           ', '                                   ', '', '49650 ', 'Allones                      ', 'DE'),
('17514', 'Heinz Funken GmbH & Co KG          ', '                                   ', 'Funken KG, Kempen                  ', 'Industriering Ost 91               ', '', '47906 ', 'Kempen                       ', 'DE'),
('17515', 'France Fresh                       ', '                                   ', 'France Fresh, Kehl                 ', 'Honsellstr. 2                      ', '', '77694 ', 'Kehl                         ', 'DE'),
('17516', 'Frisch-Frucht GmbH                 ', '                                   ', 'Frisch-Frucht GmbH, Ingelheim      ', 'Am Großmarkt 1                     ', '', '55218 ', 'Ingelheim                    ', 'DE'),
('17518', 'Frutania GmbH                      ', '                                   ', 'Frutania GmbH, Grafschaft          ', 'Heinrich-Lanz-Strasse 3            ', '', '53501 ', 'Grafschaft-Ringen            ', 'DE'),
('17519', 'ETS Foissier                       ', '                                   ', 'ETS Foissier,  - 14000 Caen        ', '15 Rue de Cardiff / Marché de gros ', '', '14000 ', 'Caen                         ', 'DE');
INSERT INTO `customer` (`No`, `name`, `name_2`, `customer_short`, `street`, `street_2`, `PO_code`, `city`, `country_code`) VALUES
('17520', 'Fruit de Monde GmbH                ', '                                   ', 'Fruit de Monde GmbH, Muelheim a. d.', 'Friedhofstr. 31 - 35               ', '', '45478 ', 'Mülheim a. d. Ruhr           ', 'DE'),
('17521', 'Fruchtexpress GmbH                 ', '                                   ', 'Fruchtexpress GmbH, Windischleuba  ', 'Am Fünfminutenweg 11               ', '', '04603 ', 'Windischleuba                ', 'DE'),
('17522', 'Fruchtunion Duisburg               ', '                                   ', 'Fruchtunion Duisburg, Duisburg     ', 'Am Churkamp 20                     ', '', '47059 ', 'Duisburg                     ', 'DE'),
('17523', 'Fruchtunion Hamburg GmbH           ', '                                   ', 'Fruchtunion Hamburg GmbH, Hamburg  ', 'Bredowstr. 18                      ', '', '22113 ', 'Hamburg                      ', 'DE'),
('17524', 'Faurie Alain                       ', 'Produits Frais                     ', 'Faurie Alain, Boulazac             ', '                                   ', '', '24750 ', 'Boulazac                     ', 'DE'),
('17527', 'Faby Fruchtgrosshandel             ', 'GmbH + Co. KG                      ', 'Faby Fruchtgrosshandel GmbH, Steink', 'Sandhörn 1                         ', '', '21720 ', 'Steinkirchen                 ', 'DE'),
('17528', 'FrüchteService                     ', 'Inhaberin Jutta Krause             ', 'FruechteService, Luenen            ', 'Zum Gewerbepark 3                  ', '', '44532 ', 'Lünen                        ', 'DE'),
('17529', 'Frutas Sanchez, S.A.               ', 'FR 43315547380                     ', 'Frutas Sanchez, S.A., Lyon Cedex 02', '34 Rue Casimir Perrier             ', '', '69297 ', 'Lyon Cedex 02                ', 'DE'),
('17530', 'Obst und Gemüse                    ', 'Frischeservice GmbH                ', 'Frischeservice, Essen              ', 'Lützowstr. 29                      ', '', '45141 ', 'Essen                        ', 'DE'),
('17532', 'Werder Frucht GmbH                 ', 'Import/Export                      ', 'Werder Frucht GmbH , Gross Kreutz  ', 'Am Frucht- und Frachthof 6         ', '', '14550 ', 'Groß Kreutz                  ', 'DE'),
('17533', 'Foissier                           ', 'Marche de Gros                     ', 'Foissier, Caen                     ', '15 Rue de Cardiff                  ', '', '14000 ', 'Caen                         ', 'DE'),
('17534', 'Frutas Fidalgo S.L.                ', '                                   ', 'Fidalgo S.L., 28053 Madrid         ', 'Mercamadrid - Puestos 8 y10        ', '', '28053 ', 'Madrid                       ', 'DE'),
('17535', 'F.F. Fumagalli Funghi s.r.l.       ', 'IVA 01695770162                    ', 'Fumagalli Funghi s.r.l., Bergamo   ', 'Via Polaresco, 31                  ', '', '24129 ', 'Bergamo                      ', 'DE'),
('17536', 'Fraise Import                      ', '                                   ', 'Fraise Import, Perigueux           ', '28 Impasse des Courtes             ', '', '24430 ', 'Marsac sur Isle              ', 'DE'),
('17537', 'Fruits Rouges du Perigord          ', '                                   ', 'Fruits Rouges du Perigord, Capdrot ', 'La Chune                           ', '', '24540 ', 'Capdrot                      ', 'DE'),
('17538', 'Y & P Fresca Import-Exports Ltd.   ', 'CY10090482K                        ', 'Y & P Fresca Import-Exports Ltd., N', 'P.O. Box 27867                     ', '', '2433 ', 'Nicosia                       ', 'DE'),
('17539', 'Landgard Obst & Gemüse GmbH        ', 'Chemnitz-Dresden                   ', 'Fruchthof Dresden, Dresden         ', 'Spitzhausstr. 74                   ', '', '01139 ', 'Dresden                      ', 'DE'),
('17541', 'Frigorificos Falcon S.A.           ', '                                   ', 'Falcon S.A., Andosilla (Navarra)   ', 'C/Del Soto, 20                     ', '', '31261 ', 'Andosilla (Navarra)          ', 'DE'),
('17542', 'Salvatore Ferrauto GmbH            ', 'Halle 4 / Stand 25                 ', 'Ferrauto, Muenchen                 ', 'Schäftlarnstr. 10                  ', '', '81371 ', 'München                      ', 'DE'),
('17543', 'Fyffes Produce Distribution        ', 'GB-429792311                       ', 'Fyffes Produce Distribution, TN1 1X', '85 High Street / Pantiles BusinessC', '', 'GB-Kent ', 'TN1 1XP                    ', 'DE'),
('17544', 'Friedersdorfer Fruchthandel GmbH   ', '                                   ', 'Friedersdorfer Fruchthandel        ', 'Wilhelmstr. 26                     ', '', '15754 ', 'Heidesee                     ', 'DE'),
('17545', 'Friedrich Fandler                  ', 'Obst - Gemüse - Südfrüchte         ', 'Fandler, Hartberg                  ', 'Löffelbach 173                     ', '', '8230 ', 'Hartberg                      ', 'DE'),
('17546', 'Fresh Fruit s.r.o.                 ', '                                   ', 'Fresh Fruit s.r.o., 04 Bratislava  ', 'Elektrárenská 1/12091              ', '', 'SK-831 ', '04 Bratislava               ', 'DE'),
('17547', 'Elit Service SARL                  ', 'LU 21163077                        ', 'Frais AL, Elit Service             ', '23, rue de Stadtbredimus           ', '', '5570 ', 'Remich                        ', 'DE'),
('17548', 'Stefan Frey GmbH                   ', 'Obst u. Gemüsegroßhandel           ', 'Frey GmbH, Steinfeld               ', 'Albrechtser Ring 1                 ', '', '76889 ', 'Steinfeld                    ', 'DE'),
('17549', 'Fruvital Fruchthandelsges. mbH     ', '                                   ', 'Fruvital, Willich                  ', 'Hanns-Martin-Schleyer Str. 35      ', '', '47877 ', 'Willich                      ', 'DE'),
('17550', 'R. Ferrand                         ', 'BAT A3 Fruileg 576                 ', 'Ferrand, Rungis Cedex              ', '15 Avenue de bourgogne             ', '', '94581 ', 'Rungis Cedex                 ', 'DE'),
('17551', 'Landgard Obst & Gemüse GmbH        ', 'Chemnitz Dresden                   ', 'Landgard Obst & Gem. GmbH, Chemnitz', 'Hermann-Pöge-Str. 15               ', '', '09120 ', 'Chemnitz                     ', 'DE'),
('17552', 'France Fresh GmbH                  ', '                                   ', 'Mack u. Gerstner, Mannheim         ', 'Honsellstraße 2                    ', '', '77694 ', 'Kehl                         ', 'DE'),
('17553', 'Fred Fruit SARL                    ', 'FR58309646099                      ', 'Fred Fruit SARL, Toulouse          ', 'Boite 68-H! Cases 15 a 18          ', '', '31200 ', 'Toulouse                     ', 'DE'),
('17554', 'Kramer                             ', '                                   ', 'Markant, Soeren Egeln              ', 'Genthiner Str. 19                  ', '', '39435 ', 'Egeln                        ', 'DE'),
('17555', 'Fruchtquelle Maxheimer             ', '                                   ', 'Fruchtquelle Maxheimer, Parchen    ', 'Große Milower Strasse 16           ', '', '14712 ', 'Rathenau                     ', 'DE'),
('17556', 'Frutina Fruchthandel               ', 'Fritz Gütinger e.K.                ', 'Frutina Fruchthandel, Tuttlingen   ', 'Brückenstr. 4                      ', '', '78532 ', 'Tuttlingen                   ', 'DE'),
('17557', 'Favols                             ', '                                   ', 'Favols, Villeneuve sur Lot         ', 'Bias                               ', '', '47300 ', 'Villeneuve sur Lot           ', 'DE'),
('17558', 'Frankort & Koning B.V.             ', '                                   ', 'Frankort & Koning B.V., RH Venlo   ', 'Venrayseweg 126                    ', '', '5928 ', 'RH Venlo                      ', 'DE'),
('17559', 'Fresh Service                      ', '                                   ', 'Fresh Service, Rungis Cedex        ', '81, Rue d`Agen                     ', '', '94611 ', 'Rungis Cedex                 ', 'DE'),
('17560', 'Frugales GmbH                      ', '                                   ', 'Frugales GmbH, Koeln               ', 'Marktstr. 10-12                    ', '', '50968 ', 'Köln                         ', 'DE'),
('17561', 'FraisAl                            ', 'FR 52 380 708 885                  ', 'Fraisal, Wissembourg               ', 'Lieu-dit Schafbusch 116            ', '', '67160 ', 'Wissembourg                  ', 'DE'),
('17562', 'Fruttital Espana S.A.              ', '                                   ', 'Fruttital S.r.l., Milano           ', 'C/Ramon y Cajal no 57 piso 1 pta 2 ', '', '46240 ', 'Carlet (Valencia)            ', 'DE'),
('17563', 'Feldbacher Fruit Partners GmbH     ', 'ATU 27414704                       ', 'Feldbacher Fruit Partners, Feldbach', 'Europastr. 26                      ', '', '8330 ', 'Feldbach                      ', 'DE'),
('17564', 'Commerciale Fungorobica SRL        ', '                                   ', 'Commerciale Fungorobica SRL, Casazz', 'Via Dante Alighieri 7              ', '', '24060 ', 'Casazza (BG)                 ', 'DE'),
('17565', 'Freshlandia s.r.o.                 ', '                                   ', 'Freshlandia s.r.o., Bratislava     ', 'Elektrarenska 1/12091              ', '', '83104 ', 'Bratislava                   ', 'DE'),
('17566', 'FRUITness International GmbH       ', '                                   ', 'FRUITness GmbH, Schifferstadt      ', 'Ketzerweg 29                       ', '', '67105 ', 'Schifferstadt                ', 'DE'),
('17567', 'Frutiko Group d.o.o.               ', '                                   ', 'Frutiko Group d.o.o., Zagreb       ', 'Slavonska Avenija 7                ', '', '10000 ', 'Zagreb                       ', 'DE'),
('17568', 'Fruchthof-Nürnberg GmbH & Co. KG   ', '                                   ', 'Fruchthof-Nuernberg GmbH & Co. KG, ', 'Leyher Straße 107                  ', '', '90431 ', 'Nürnberg                     ', 'DE'),
('17569', 'Fruta Novesia                      ', 'Fruchthandels GmbH                 ', 'Fruta Novesia, Willich             ', 'Hanns-Martin-Schleyer-Str. 35      ', '', '47877 ', 'Willich                      ', 'DE'),
('17570', 'Frutima                            ', 'Fruchthandel und Logistik GmbH     ', 'Frutima, Erbach                    ', 'Nelkenweg 2                        ', '', '89155 ', 'Erbach                       ', 'DE'),
('17571', 'Fresh Fruit Handelsgesellschaft mbH', '                                   ', 'Fresh Fruit Handelsgesellschaft mbH', 'Am Umfluter 3                      ', '', '04862 ', 'Mockrehna                    ', 'DE'),
('17572', 'FRESAL S.A.R.L.                    ', '                                   ', 'FRESAL S.A.R.L., Rungis Cedex      ', 'Rue de la Tour 229 Centra 280      ', '', '94576 ', 'Rungis Cedex                 ', 'DE'),
('17573', 'FeSa Obst- und Gemüsehan.GmbH&CoKG ', '                                   ', 'FeSa Obst- und Gemuesehan.GmbH&CoKG', 'Im Grund 2                         ', '', '67112 ', 'Mutterstadt                  ', 'DE'),
('19', 'Kaisers Berlin                     ', '                                   ', 'Kaisers Berlin (E)                 ', 'Ringstr. 24                        ', '', '12105 ', 'Berlin                       ', 'DE'),
('19001', 'Fruchthof Gleichmann GmbH          ', '                                   ', 'Gleichmann GmbH, Koblenz           ', 'Hans-Böckler-Str. 17               ', '', '56070 ', 'Koblenz                      ', 'DE'),
('19002', 'v.Gelder & Gubbels BV i.o.         ', 'BTWnr. NL809472934B01              ', 'v.Gelder & Gubbels BV i.o., PN Venl', 'Hagerhofweg 2                      ', '', '5912 ', 'PN Venlo                      ', 'DE'),
('19003', 'la Goele                           ', 'FR-47692041791                     ', 'la Goele , Rungis Cedex            ', 'Rue de Chateaurenard, Bat. D2      ', '', '94582 ', 'Rungis Cedex                 ', 'DE'),
('19004', 'Gamundi S.A.R.L. Grand Fruit       ', '                                   ', 'Gamundi S.A.R.L. Grand Fruit, Montp', '281 Ave du Marché Caen             ', '', '34070 ', 'Montpellier                  ', 'DE'),
('19005', 'Gogoll                             ', 'Fruchthandel-Import GmbH           ', 'Gogoll, Rheinberg                  ', 'An der Landwehr 41                 ', '', '47495 ', 'Rheinberg                    ', 'DE'),
('19006', 'Garden Frutta Srl.                 ', 'IT01988630230                      ', 'Garden Frutta, Verona              ', 'Via Sommacampagna 63d/e            ', '', '37137 ', 'Verona                       ', 'DE'),
('19007', 'van Gelder b.v.                    ', 'NL 8132.92,037.B01                 ', 'v. Gelder & Gubbels, PN Venlo      ', 'Postbus 3317                       ', '', '5902 ', 'RH Venlo                      ', 'DE'),
('19008', 'Guidex Transports S.A.             ', '                                   ', 'Guidex Transports S.A., Arras      ', 'Zone Artipole - Monchy Le Preux    ', '', '62060 ', 'Arras                        ', 'DE'),
('19009', 'Goldfrucht Grosshandel GmbH        ', '                                   ', 'Goldfrucht Grosshandel GmbH, Berlin', 'Beusselstr. 44 n-q                 ', '', '10553 ', 'Berlin                       ', 'DE'),
('19010', 'Günfood Lebensmittel GmbH          ', '                                   ', 'Guenfood Lebensmittel GmbH, Duessel', 'Ulmenstraße 275                    ', '', '40468 ', 'Düsseldorf                   ', 'DE'),
('19011', 'GUIDO N.V.                         ', 'BE 415315297                       ', 'GUIDO N.V., Brussel                ', 'Werkhuizenkaai 112/154 / Mag. 61-62', '', '1000 ', 'Brussel                       ', 'DE'),
('19012', 'Heinrich Grohmann                  ', '                                   ', 'Grohmann, Frankfurt / Main         ', 'Großmarkthalle                     ', '', '60314 ', 'Frankfurt / Main             ', 'DE'),
('19013', 'Guanter Rodriguez                  ', 'Grand Saint Charles                ', 'Guanter Rodriguez, Perpignan / Cede', 'B.P. 15356                         ', '', '66031 ', 'Perpignan / Cedex            ', 'DE'),
('19014', 'The Greenery B.V.                  ', 'NL805273852B01                     ', 'Greenery, Barendrecht NL           ', 'Spoorwegemplacement 1              ', '', '2991 ', 'VT Barendrecht                ', 'DE'),
('19015', 'Josef Goldstein                    ', 'Fruchtimport-Export GmbH           ', 'Goldstein, Muenchen                ', 'Thalkirchner Str. 81               ', '', '81371 ', 'München                      ', 'DE'),
('19016', 'Gautier Primex SAS                 ', '                                   ', 'Gautier Primex SAS, Brive          ', 'Le Griffolet                       ', '', '19270 ', 'Brive                        ', 'DE'),
('19017', 'Grupo Agricola Grupac, S.A.        ', '                                   ', 'Grupac, S.A., El Puig de Santa Mari', 'CL Orden de la Merced No. 25-2     ', '', '46540 ', 'El Puig de Santa Maria       ', 'DE'),
('19018', 'Gervifrais                         ', 'Fr04399035849                      ', 'Gervifrais                         ', '77 Rue du carpentras               ', '', '94612 ', 'Rungis                       ', 'DE'),
('19019', 'GRABHER GmbH & Co. KG              ', '                                   ', 'GRABHER GmbH & Co. KG, Frastanz    ', 'Sonnenbergerstr. 11                ', '', '6820 ', 'Frastanz                      ', 'DE'),
('19020', 'Karl Goetzens                      ', 'Spargelhof                         ', 'Goetzens, Kempen                   ', 'Escheln 3                          ', '', '47906 ', 'Kempen                       ', 'DE'),
('19021', 'Gauthier Poitiers                  ', 'Marché de gros                     ', 'Gauthier Poitiers                  ', 'Rue Carreau                        ', '', '86000 ', 'Poitiers                     ', 'DE'),
('19022', 'G.S.M.                             ', 'Import-Export GmbH                 ', 'GSM, Berlin                        ', 'Fruchthof, Beusselstr. 44 n-q      ', '', '10553 ', 'Berlin                       ', 'DE'),
('19023', 'SARL Gautier Lerbet Importation    ', 'FR-78453641086                     ', 'Gautier Lerbet Importation, Bordeau', 'M.I.N. de Brienne / B.P. 33        ', '', '33076 ', 'Bordeaux Cedex               ', 'DE'),
('19024', 'GHS - Handels GmbH                 ', '                                   ', 'GHS - Handels GmbH, Ganacker       ', 'Wiesenstr.6                        ', '', '94431 ', 'Ganacker                     ', 'DE'),
('19025', 'Globus Logistik GmbH & Co. KG      ', 'RE-ILN: 4333453000003              ', 'Globus Loebichau                   ', 'Leipziger Str. 8                   ', '', '66606 ', 'St. Wendel                   ', 'DE'),
('19026', 'Grundhöfer GmbH                    ', '                                   ', 'Grundhoefer, Frankfurt             ', 'Johann-Georg-Fahr-Anlage 1         ', '', '60437 ', 'Frankfurt/Main               ', 'DE'),
('19027', 'Görger & Zorn GmbH                 ', '                                   ', 'Goerger & Zorn, Karlsruhe          ', 'Weinweg 43                         ', '', '76137 ', 'Karlsruhe                    ', 'DE'),
('19028', 'Mario Gomez                        ', '                                   ', 'Gomez, Mario                       ', 'Alte Brauerei 1                    ', '', '33098 ', 'Paderborn                    ', 'DE'),
('19029', 'GEMA Trade SP.Z O.O.               ', '                                   ', 'Gema Trade                         ', 'UL. Hoza 66/68                     ', '', '00-682 ', 'Warszawa                    ', 'DE'),
('19030', 'Heinrich Goetschkes                ', '                                   ', 'Goetschkes, Kaarst                 ', 'Rottes 139                         ', '', '41564 ', 'Kaarst                       ', 'DE'),
('19031', 'Del Gaudio France S.A.             ', '                                   ', 'Del Gaudio , Rungis                ', '10, Avenue de Bourgogne            ', '', '94581 ', 'Rungis Cedex                 ', 'DE'),
('19032', 'Gold Impex Agraria                 ', 'FR22402620199                      ', 'Gold Impex Agraria, Cavaillon Cedex', 'BP 80230                           ', '', '84306 ', 'Cavaillon Cedex              ', 'DE'),
('19033', 'GLOBUS Logistik GmbH & Co. KG      ', '                                   ', 'GLOBUS Bingen                      ', 'Leipziger Str. 8                   ', '', '66606 ', 'St. Wendel                   ', 'DE'),
('19034', 'GLOBUS Logistik GmbH & Co. KG      ', '                                   ', 'GLOBUS Loebichau                   ', 'Leipziger Str. 8                   ', '', '66606 ', 'St. Wendel                   ', 'DE'),
('19035', 'SAS Lucien Georgelin               ', '                                   ', 'Georgelin Lucien , Virazeil        ', 'La Prairie de Londres              ', '', '47200 ', 'Virazeil                     ', 'DE'),
('19036', 'Godeland Vermarktungs-GmbH         ', '                                   ', 'Godeland, Kronprinzenkoog          ', 'Grillchaussee 126                  ', '', '25348 ', 'Glückstadt                   ', 'DE'),
('19037', 'Grimmel Manfred                    ', 'Handelsagentur                     ', 'Grimmel, Lueneburg                 ', 'Streitmoor Nr. 6                   ', '', '21339 ', 'Lüneburg                     ', 'DE'),
('19038', 'Dino Gobbi                         ', '                                   ', 'Dino Gobbi, Gambetolla             ', 'Via Verdi 41-43                    ', '', '47035 ', 'Gambetolla                   ', 'DE'),
('19039', 'Ludwvik Kacer Gastrofresh          ', 'CZ7405130095                       ', 'Gastrofresh, 5 - Lipence           ', 'K. Radotínu 492                    ', '', '15-600 ', 'Praha 5 - Lipence           ', 'DE'),
('19040', 'Globus CR                          ', 'CZ63473291                         ', 'Globus CR, Praha 9 - Cakovice      ', 'Kostelecká 822/75                  ', '', '19600 ', 'Praha 9 - Cakovice           ', 'DE'),
('19041', 'Grünewald Fruchtsaft GmbH          ', 'ATU 27346501                       ', 'Gruenewald Fruchtsaft GmbH, Stainz ', 'Grazer Str. 20                     ', '', '8510 ', 'Stainz                        ', 'DE'),
('19042', 'Gastrofresh, s.r.o.                ', 'CZ24682756                         ', 'Gastrofresh, s.r.o., Prague 5 - Lip', 'K Radotínu 492                     ', '', '15600 ', 'Prague 5 - Lipence           ', 'DE'),
('19043', 'Geil                               ', '                                   ', 'Geil, Harthausen                   ', 'Weidenseehof                       ', '', '67376 ', 'Harthausen                   ', 'DE'),
('19044', 'greenstar GmbH                     ', 'Großmarkt Stand 262+263            ', 'greenstar GmbH,20097               ', 'Banksstraße 28                     ', '', '20097 ', 'Hamburg                      ', 'DE'),
('20', 'Kaisers Viersen                    ', '                                   ', 'Kaisers Viersen (E)                ', 'Ernst-Moritz-Arndt-Str. 10         ', '', '41747 ', 'Viersen                      ', 'DE'),
('20058', 'Früchte Kühn                       ', '                                   ', 'Fruechte Kuehn, Velbert            ', 'Zur Abtsküche 22                   ', '', '42549 ', 'Velbert                      ', 'DE'),
('20500', 'Harder, Meiser & Co.               ', '                                   ', 'Harder, Meiser & Co., Dortmund     ', 'Grossmarkt                         ', '', '44135 ', 'Dortmund                     ', 'DE'),
('20501', 'Matthias Hartmann GmbH             ', '                                   ', 'Hartmann, Dortmund                 ', 'Heiliger Weg 60                    ', '', '44135 ', 'Dortmund                     ', 'DE'),
('20502', 'Hartmann GmbH                      ', '                                   ', 'Hartmann GmbH, Essen               ', 'Großmarkt                          ', '', '45141 ', 'Essen                        ', 'DE'),
('20503', 'Halles Mandar                      ', 'FR 89311051122                     ', 'Halles Mandar, Rungis Cedex        ', 'Rue de Perpignan, 27 à 109 / Bat D3', '', '94632 ', 'Rungis Cedex                 ', 'DE'),
('20504', 'Hart & Friedman LTD                ', 'TVA No. GB 713881038               ', 'Hart & Friedman,London             ', 'Trading Estate Rd., Park Royal Rd. ', '', 'NW ', '10 /LY London                   ', 'DE'),
('20505', 'Himbert  GmbH                      ', 'DE138375048                        ', 'Himbert GmbH                       ', 'Saarbrücker Strasse 162            ', '', '66333 ', 'Völklingen                   ', 'DE'),
('20506', 'Hübler Fruchthandels-GmbH          ', 'O+G-Großmarkt                      ', 'Huebler Fruchthandels-GmbH, Leipzig', 'Zum Frischemarkt 1 A               ', '', '04158 ', 'Leipzig                      ', 'DE'),
('20507', 'Hans Hölting Fruchtimport GmbH     ', '                                   ', 'Hoelting,Berlin                    ', 'Beusselstr. 44 N-Q                 ', '', '10553 ', 'Berlin                       ', 'DE'),
('20508', 'Hausladen Fruchthandelsges. mbH    ', '                                   ', 'Hausladen Fruchthandelsges. mbH, Mu', 'Schäftlarnstr. 8 / Großmarkt       ', '', '81371 ', 'München                      ', 'DE'),
('20509', 'Hoko Fruchthandel GmbH             ', '                                   ', 'Hoko Fruchthandel GmbH, Krefeld    ', 'Oppumer Straße 175                 ', '', '47799 ', 'Krefeld                      ', 'DE'),
('20510', 'Heck Gbr.                          ', '                                   ', 'Heck , Swisstal                    ', 'Kitzstr. 1                         ', '', '53913 ', 'Swisstal                     ', 'DE'),
('20511', 'Heinz Hausmann Fruchthandels GmbH  ', '                                   ', 'Hausmann GmbH, Duesseldorf         ', 'Ulmenstr. 275                      ', '', '40468 ', 'Düsseldorf                   ', 'DE'),
('20512', 'Hey, Hinrich                       ', '                                   ', 'Hey, Hinrich, Muenchen             ', 'Thalkirchner Str. 81               ', '', '81371, ', 'München                     ', 'DE'),
('20513', 'A. Holzer Fruchtimport GmbH        ', '                                   ', 'Holzer Fruchtimport GmbH, Stuttgart', 'Langwiesenweg 30 - Großmarkt       ', '', '70327 ', 'Stuttgart - Wangen           ', 'DE'),
('20514', 'Heltra Spargel GmbH                ', 'Produktions und Vertrieb           ', 'Heltra Spargel GmbH, Parchen       ', 'Steinstraße 30                     ', '', '39307 ', 'Parchen                      ', 'DE'),
('20516', 'Willy van der Hamm GmbH & Co       ', '                                   ', 'van der Hamm GmbH & Co, Stutt      ', 'Langwiesenweg 32                   ', '', '70327 ', 'Stuttgart                    ', 'DE'),
('20517', 'UNIVEG Bremen                      ', 'Zweigniederlassung der             ', 'UNIVEG, Bremen                     ', 'Am Winterhafen 5                   ', '', '28217 ', 'Bremen                       ', 'DE'),
('20518', 'Hameico Köln                       ', 'Zweign.d.Atlanta AG                ', 'Hameico, Koeln                     ', 'Marktstr. 10                       ', '', '50968 ', 'Köln                         ', 'DE'),
('20519', 'Hars & Hagebauer Markt GmbH        ', '                                   ', 'Hars & Hagebauer Markt GmbH, Hambur', 'Großmarkt / Banksstr.              ', '', '20097 ', 'Hamburg                      ', 'DE'),
('20520', 'Hars & Hagebauer Markt GmbH        ', '                                   ', 'Hars & Hagebauer Markt GmbH, Berlin', 'Fruchthof / Beusselstr. 44 n-q     ', '', '10553 ', 'Berlin                       ', 'DE'),
('20522', 'Früchte Heep GmbH                  ', 'Großhandel & Import                ', 'Heep, Koeln                        ', 'Großmarkt / Marktstr. 10           ', '', '50968 ', 'Köln                         ', 'DE'),
('20523', 'H & E Frischdienst                 ', '                                   ', 'H & E Frischdienst, Duisburg       ', 'Hochstraße 29                      ', '', '47228 ', 'Duisburg                     ', 'DE'),
('20524', 'Hellas Fruchtimport GmbH           ', '                                   ', 'Hellas Fruchtimport GmbH, Muenchen ', 'Würzstr. 1                         ', '', '81371 ', 'München                      ', 'DE'),
('20526', 'van der Hamm                       ', 'Fruchthandelsges. mbH              ', 'van der Hamm, Mannheim             ', 'Gottlieb-Daimler-Str. 14           ', '', '68165 ', 'Mannheim                     ', 'DE'),
('20527', 'Josef Hesse GmbH                   ', '                                   ', 'Hesse GmbH, Essen                  ', 'Lützowstraße 26                    ', '', '45141 ', 'Essen                        ', 'DE'),
('20528', 'HOPI                               ', 'Industriaini Zona                  ', 'HOPI, Jazlovice                    ', 'Zdebradska ul. 74                  ', '', '25101 ', 'Jazlovice                    ', 'DE'),
('20530', 'H.G. Heij                          ', 'NL 064-545-209-B.01                ', 'H.G. Heij, AK Houten               ', 'Het Spoor 24                       ', '', '3994 ', 'AK Houten                     ', 'DE'),
('20531', 'RA Struck als Insverw.             ', 'Margaretenhof H.&M Helfrich GbR    ', 'Hellfrich  (Insolvenz)             ', 'Steinstrasse 29                    ', '', '19053 ', 'Schwerin                     ', 'DE'),
('20532', 'Früchte Heißenberg GmbH            ', '                                   ', 'Heissenberg, Detmold               ', 'Ehrentruper Str. 67                ', '', '32758 ', 'Detmold                      ', 'DE'),
('20533', 'Reimer Hauschildt GmbH             ', '                                   ', 'Reimer Hauschildt GmbH, Hamburg    ', 'Grillchaussee 126                  ', '', '25348 ', 'Engelbrechtsche Wildnis      ', 'DE'),
('20534', 'Friedrich Hesse GmbH               ', 'Großmarkt                          ', 'Hesse, Friedrich, Duesseldorf      ', 'Ulmenstr. 275                      ', '', '40468 ', 'Düsseldorf                   ', 'DE'),
('20535', 'Fruchthof Hochgürtel GmbH          ', '                                   ', 'Fruchthof Hochguertel, Bonn        ', 'Drachenburgstr. 5                  ', '', '53179 ', 'Bonn                         ', 'DE'),
('20536', 'UNIVEG Frankfurt                   ', 'Zweigniederlassung d.UNIVEG D GmbH ', 'UNIVEG, Dietzenbach                ', 'Robert-Bosch-Str. 7                ', '', '63128 ', 'Dietzenbach                  ', 'DE'),
('20537', 'UNIVEG Neunkirchen                 ', 'Zweigniederlassung d. UNIVEG D GmbH', 'UNIVEG , Neunkirchen               ', 'Am Ochsenwald 7                    ', '', '66539 ', 'Neunkirchen                  ', 'DE'),
('20538', 'UNIVEG Siegen                      ', 'Zweigniederlassung d. UNIVEG D GmbH', 'UNIVEG Siegen                      ', 'Billweg 3                          ', '', '57076 ', 'Siegen                       ', 'DE'),
('20539', 'Ingo Helfrich                      ', '                                   ', 'Helfrich, Weiterstadt              ', 'Hinterweg 11                       ', '', '64331 ', 'Weiterstadt                  ', 'DE'),
('20540', 'HORTIM SK, spol. s r.o.            ', '                                   ', 'HORTIM, Bratislava                 ', 'Röntgenova 10                      ', '', '85101 ', 'Bratislava                   ', 'DE'),
('20541', 'Hartmann                           ', 'Spedition und Logistik GmbH        ', 'Hartmann Spedition                 ', 'Dissener Str. 1 - 3                ', '', '49201 ', 'Dissen a. T. W.              ', 'DE'),
('20542', 'HORTIM INTERNATIONAL spol.sr.o.    ', 'CZ699002069                        ', 'HORTIM INTERNATIONAL spol.sr.o., Br', 'Ksirova 242                        ', '', '61900 ', 'Brno                         ', 'DE'),
('20543', 'Herwi NV                           ', '                                   ', 'Herwi., Borgloon                   ', 'Leuvensesteenweg 22/3              ', '', '1910 ', 'Kampenhout                    ', 'DE'),
('20544', 'Georges Helfer SA                  ', '                                   ', 'Helfer SA, Gland                   ', 'Ch. de Fontenailles                ', '', '1196 ', 'Gland                         ', 'DE'),
('20545', 'HFL                                ', 'David Rognon                       ', 'HFL, Vevey                         ', 'Avenue de Reller 5                 ', '', '1800 ', 'Vevey                         ', 'DE'),
('20546', 'Rolf Hermsen                       ', 'Obst-, Gemüsegroßhandlung          ', 'Hermsen, Wachtendonk               ', 'Tommweg 4                          ', '', '47669 ', 'Wachtendonk-Wankum           ', 'DE'),
('20547', 'Hennessen & Potthoff GmbH          ', '                                   ', 'Hennessen & Potthoff, Toenisvorst  ', 'Tempelsweg 22                      ', '', '47918 ', 'Tönisvorst                   ', 'DE'),
('20548', 'Henning Broscheit GmbH             ', '                                   ', 'Broscheit GmbH, Muelheim / Ruhr    ', 'Alexanderstr. 55                   ', '', '45472 ', 'Mülheim a.d. Ruhr            ', 'DE'),
('20549', 'Hero Espana S.A.                   ', '                                   ', 'Hero Espana S.A., Alcantarilla     ', '1 AV Murcia                        ', '', '30820 ', 'Alcantarilla                 ', 'DE'),
('20550', 'Wilhelm Hartmann GmbH & Co. KG     ', 'Obst & Gemüse Fachgroßhandlung     ', 'Hartmann, Bornheim                 ', 'Kreuzstr. 42                       ', '', '53332 ', 'Bornheim-Roisdorf            ', 'DE'),
('20551', 'Hinz Obsthandel KG                 ', 'Agentur - Import                   ', 'Hinz Obsthandel KG, Friedrichshafen', 'Königsberger Str. 15               ', '', '88045 ', 'Friedrichshafen              ', 'DE'),
('20552', 'Hortofruticola Fresss SL           ', '                                   ', 'Hortofruticola Fresss SL, El Ejido ', 'C/Agricultores 25                  ', '', '04700 ', 'El Ejido (Almeria)           ', 'DE'),
('20600', 'Hofer KG                           ', 'ATU24963706                        ', 'Hofer KG, Sattledt                 ', 'Hofer Str. 2                       ', '', '4642 ', 'Sattledt                      ', 'DE'),
('20601', 'Hofer KG                           ', 'ATU24963706                        ', 'Hofer KG, Sattledt                 ', 'Hofer Str. 3                       ', '', '4642 ', 'Sattledt                      ', 'DE'),
('20602', 'Hofer KG                           ', 'ATU24963706                        ', 'Hofer KG, Hausmannstaetten         ', 'Grazer Str. 60                     ', '', '8071 ', 'Hausmannstätten               ', 'DE'),
('20603', 'Hofer KG                           ', 'ATU24963706                        ', 'Hofer KG, Rietz                    ', 'Hofer Str. 1                       ', '', '6421 ', 'Rietz                         ', 'DE'),
('20604', 'Hofer KG                           ', 'ATU24963706                        ', 'Hofer KG, Trumau                   ', 'Hofer Str. 1                       ', '', '2521 ', 'Trumau                        ', 'DE'),
('20605', 'Hofer KG                           ', 'ATU24963706                        ', 'Hofer KG, Stockerau                ', 'Rudolf-Hirsch-Str. 2               ', '', '2000 ', 'Stockerau                     ', 'DE'),
('20606', 'Hofer KG                           ', 'ATU24963706                        ', 'Hofer KG, Weissenbach              ', 'Am Drautalkreis 1                  ', '', '9722 ', 'Weißenbach                    ', 'DE'),
('20607', 'Hofer KG                           ', 'ATU24963706                        ', 'Hofer KG, Loosdorf                 ', 'Hofer Str. 1                       ', '', '3382 ', 'Loosdorf                      ', 'DE'),
('20610', 'Hofer trgovina d.o.o.              ', '                                   ', 'Hofer Slowenien                    ', 'Kranjska cesta 1                   ', '', '1225 ', 'Lukovica / Slowenien          ', 'DE'),
('20621', 'Sandra Heibach                     ', 'Obst und Gemüse                    ', 'Sandra Heibach, Essen              ', 'Kettwiger Straße 3-5               ', '', '45127 ', 'Essen                        ', 'DE'),
('21', 'Kaisers Eching                     ', '                                   ', 'Kaisers Eching (E)                 ', 'Dieselstr. 5                       ', '', '85386 ', 'Eching                       ', 'DE'),
('22', 'EDEKA Wiefelstede                  ', '                                   ', 'EDEKA Wiefelstede (Fruvital)       ', 'Edekastr. 1                        ', '', '26215 ', 'Wiefelstede                  ', 'DE'),
('23', 'EDEKA Landsberg                    ', '                                   ', 'EDEKA Landsberg (Fruvital)         ', 'Zörbiger Str.                      ', '', '06188 ', 'Landsberg                    ', 'DE'),
('23000', 'S.A. Interfraise                   ', 'FR 6134 8653 486                   ', 'Interfraise, Vergt                 ', 'Le Fraysse                         ', '', '24380 ', 'Vergt                        ', 'DE'),
('23001', 'Iseppi Frutta SA                   ', '                                   ', 'Iseppi Frutta SA, Campascio        ', 'Kantonsstrasse 229a                ', '', '7748 ', 'Campascio                     ', 'DE'),
('23002', 'Interprim                          ', 'Magasins 37,38 et 39 / BP 5133     ', 'Interprim, Perpignan               ', 'MIN St. Charles/Allee de Marqu.    ', '', '66031 ', 'Perpignan                    ', 'DE'),
('23003', 'IMEXCO                             ', '                                   ', 'IMEXCO,  Perpignan                 ', 'M.I. St. Charles / Mag.67 BP 5124  ', '', '66031Perpignan ', 'Cedex               ', 'DE'),
('23004', 'IMAGO                              ', 'TUTTIVERDI                         ', 'Imago                              ', 'BP 65129 Marché Saint Charles      ', '', '66031 ', 'Perpignan Cedex              ', 'DE'),
('23005', 'IMEX-Lykos Obst, Gemüse,           ', 'Südfrüchte,griechische Spezialität,', 'IMEX-Lykos                         ', 'Beusselstr. 44n-44q                ', '', '10553 ', 'Berlin                       ', 'DE'),
('23006', 'Italfrutta SNC                     ', 'Di Viglio Franco & Antonella       ', 'Italfrutta SNC,Turin               ', 'Corso alamano 202/A                ', '', '40129 ', 'Turin                        ', 'DE'),
('23007', 'Italcanditi S.p.A.                 ', '                                   ', 'Italcanditi S.p.A., Pedrengo       ', 'Via Cavour, 10                     ', '', '24066 ', 'Pedrengo                     ', 'DE'),
('23008', 'Iberfruta-Muerza S.A.              ', '                                   ', 'Iberfruta-Muerza S.A., Azagra      ', 'Par A PG Industrial Parcela A      ', '', '31560 ', 'Azagra                       ', 'DE'),
('23009', 'Imperial Group Sp. z.o.o           ', 'NIP 7972026002                     ', 'Imperial Group Sp. z.o.o,05-600    ', 'Mogielnicka 28/415                 ', '', '05-600 ', 'Grojec                      ', 'DE'),
('23501', 'Jourdan et Marze Successeurs       ', 'FR-86412552697                     ', 'Jourdan et Marze, Lyon             ', '34, Rue de Casimir Perier          ', '', '69002 ', 'Lyon 02                      ', 'DE'),
('23502', 'Junro Frucht                       ', 'B 17627712                         ', 'Junro frucht                       ', 'Calle Lasauca 21 6 C               ', '', '17600 ', 'Figueres Gerona              ', 'DE'),
('23503', 'Erdbeer-Hof Janssen GbR            ', '                                   ', 'Janssen GbR, Wittmund-Updorf       ', 'In den Kämpen 5                    ', '', '26409 ', 'Wittmund-Updorf              ', 'DE'),
('23504', 'Josef Jenniges GmbH & Co KG        ', '                                   ', 'Jenniges GmbH & Co KG, Wupper      ', 'Benrather Strasse 31               ', '', '42115 ', 'Wuppertal                    ', 'DE'),
('23507', 'JH Ets.                            ', 'FR27327832457                      ', 'JH Ets., Rungis                    ', '105 Rue de Chateaurenard           ', '', '94572 ', 'Rungis                       ', 'DE'),
('23508', 'Claude Janvier S.E.E.              ', '                                   ', 'Janvier  S.E.E., Vernou en Sologne ', 'Rue de Romorantin 27               ', '', '41230 ', 'Vernou en Sologne            ', 'DE'),
('23509', 'JOVIMER S.L.                       ', '                                   ', 'JOVIMER S.L., Xeraco (Valencia)    ', 'Avenida de Valencia, 37            ', '', '46770 ', 'Xeraco (Valencia)            ', 'DE'),
('23510', 'Jover B.V.                         ', '                                   ', 'Jover B.V., RB Breda               ', 'I.A.B.C. 5325 / Postfach 9523      ', '', '4814 ', 'RB Breda                      ', 'DE'),
('23511', 'Janiprim                           ', 'Import / Export                    ', 'Janiprim, Marseilles               ', 'Marche des Arnavaux                ', '', '13014 ', 'Marseilles                   ', 'DE'),
('23512', 'Jütro Tiefkühlkost GmbH            ', '                                   ', 'Juetro Tiefkuehlkost, Jessen       ', 'Alte Wittenberger Str. 21          ', '', '06917 ', 'Jessen                       ', 'DE'),
('23513', 'JMF Partenariat                    ', 'FR81478148331                      ', 'JMF Partenariat , Perpignan        ', '67 Rue de Provence                 ', '', '66000 ', 'Perpignan                    ', 'DE'),
('23514', 'Isolde Schäfer Jürgens             ', '                                   ', 'Isolde Schaefer Juergens, Moers    ', 'Römerstraße 649                    ', '', '47443 ', 'Moers                        ', 'DE'),
('23592', 'Fresh Concept B.V.                 ', '                                   ', 'Fresh Concept B.V., RC Breda       ', 'IABC 5375                          ', '', '4814 ', 'RC Breda                      ', 'DE'),
('24', 'EDEKA Freienbrink                  ', '                                   ', 'EDEKA Freienbrink (Fruvital)       ', 'Birkenstr. 4                       ', '', '19537 ', 'Grünheide                    ', 'DE'),
('25', 'EDEKA Minden-Hannover (Fruvital)   ', '                                   ', 'EDEKA Lauenau (Fruvital), Lauenau  ', 'Peugeotstr. 1                      ', '', '31867 ', 'Lauenau                      ', 'DE'),
('25001', 'Kaiser´s Tengelmann  AG            ', 'Obsteinkaufstelle Köln             ', 'Kaiser´s Tengelmann AG, Koeln      ', 'Grossmarkt/Marktstraße 10          ', '', '50968 ', 'Köln                         ', 'DE'),
('25002', 'Kaiser´s - Tengelmann GmbH         ', 'ZL-Rechnungsprüfung                ', 'Kaiser´s Viersen                   ', 'Wissolstr. 5 - 43                  ', '', '45478 ', 'Mülheim an der Ruhr          ', 'DE'),
('25003', 'Kaiser´s Tengelmann GmbH           ', 'Rechnungsprüfung                   ', 'Kaiser´s Viersen (eh. Muenchen)    ', 'Wissolstr. 5 -43                   ', '', '45478 ', 'Mülheim an der Ruhr          ', 'DE'),
('25004', 'Landgard Obst & Gemüse GmbH & Co.KG', 'Rechnungseingang                   ', 'Landgard, Straelen                 ', 'Veilingstr. A1                     ', '', '47638 ', 'Straelen                     ', 'DE'),
('25005', 'Karl Kiermaier EK                  ', '                                   ', 'Kiermaier EK, Kerken               ', 'Industriestr. 13                   ', '', '47647 ', 'Kerken                       ', 'DE'),
('25006', 'Johann Köpke GmbH & Co. KG         ', '                                   ', 'Koepke GmbH & Co. KG, Berlin       ', 'Grossmarkt                         ', '', '10553 ', 'Berlin                       ', 'DE'),
('25007', 'Kaiser´s Tengelmann AG             ', 'Rechnungsabteilung                 ', 'Kaiser´s Tengelmann AG, Berlin     ', 'Grossbeerenstr. 46-52              ', '', '12107 ', 'Berlin                       ', 'DE'),
('25009', 'Früchteservice Niederrhein UG      ', 'Inh.: Carsten Krumpholz            ', 'Fruechteservice Niederrhein        ', 'Groenlandstr. 14                   ', '', '46446 ', 'Emmerich                     ', 'DE'),
('25010', 'Kaufland                           ', 'Herrn Rütten                       ', 'Kaufland                           ', 'Auf dem Wall 15                    ', '', '47574 ', 'Goch                         ', 'DE'),
('25011', 'Hans Kobert GmbH                   ', '                                   ', 'Kobert GmbH, Fahrland              ', 'Ketziner Str. 32 d                 ', '', '14476 ', 'Fahrland                     ', 'DE'),
('25012', 'Gebr. Kleier                       ', '                                   ', 'Kleier, Gebr.                      ', 'Auf der Höhe 10                    ', '', '47051 ', 'Duisburg                     ', 'DE'),
('25016', 'J.A. Kahl GmbH & Co.               ', 'Südfrüchte-Obst-Gemüse             ', 'Kahl, Muenchen                     ', 'Bauernbräuweg 1                    ', '', '81369 ', 'München                      ', 'DE'),
('25017', 'Josef Kruse                        ', '                                   ', 'Kruse, Essen                       ', 'Paterdülmer Str. 19                ', '', '49610 ', 'Quakenbrück                  ', 'DE'),
('25018', 'Andreas Kupfer & Sohn GmbH         ', '                                   ', 'Kupfer & Sohn GmbH, Nuernberg      ', 'Leyher Str. 107                    ', '', '90431 ', 'Nürnberg                     ', 'DE'),
('25019', 'Andreas Kupfer & Sohn GmbH         ', '                                   ', 'Kupfer & Sohn GmbH, Bergkirchen    ', 'Apothekerstr. 3                    ', '', '85232 ', 'Bergkirchen                  ', 'DE'),
('25021', 'RHG Kaiser & Kellermann            ', '                                   ', 'Kaiser & Kellermann, Kirchhundem   ', 'Industriestr. 10                   ', '', '57399 ', 'Kirchhundem                  ', 'DE'),
('25022', 'Joachim Heucke GmbH                ', '(Fruchthof Hannover)               ', 'Joachim Heucke GmbH, Braunschweig  ', 'Broitzemer str. 202                ', '', '38118 ', 'Braunschweig                 ', 'DE'),
('25030', 'Kaiser´s                           ', 'Kaiser´s Tengelmann AG             ', 'Kaiser´s Tengelmann AG, Bottrop-Boy', 'Weuster Straße 4                   ', '', '46240 ', 'Bottrop-Boy                  ', 'DE'),
('25032', 'Ka-Rs Obst-Gemüse                  ', 'Feinkosthandelsgesellschaft        ', 'KA-RS GmbH, Berlin                 ', 'Prinzenallee 51                    ', '', '13359 ', 'Berlin                       ', 'DE'),
('25033', 'Paul Kempowski GmbH & Co. KG       ', '                                   ', 'Kempowski GmbH & Co. KG, Luebeck   ', 'Reepschlägerstr. 3                 ', '', '23556 ', 'Lübeck                       ', 'DE'),
('25034', 'Kaufland Ceská republika v.o.s.    ', 'CZ25110161                         ', 'Kaufland Prag                      ', 'Belohorska 2428/203                ', '', '16900 ', 'Praha 6/ Czech Republic      ', 'DE'),
('25035', 'Kaufland Ceská republika v.o.s.    ', 'D.C. Olomouc                       ', 'Kaufland Olomouc                   ', 'Holice 814                         ', '', '77900 ', 'Olomouc-Holice               ', 'DE'),
('25036', 'Körbelitzer Fruchtmarkt            ', '                                   ', 'Koerbelitzer Fruchtmarkt           ', 'Dünnhauptstr. 10                   ', '', '06847 ', 'Dessau                       ', 'DE'),
('25037', 'Karl-Heinz Klötergens              ', '                                   ', 'Kloetergens, Willich               ', 'Anna-Rütten-Weg 25                 ', '', '47877 ', 'Willich                      ', 'DE'),
('25038', 'Volker Kühn                        ', '                                   ', 'Kuehn, Volker, Velbert-Birth       ', 'Zur Abtsküche 22                   ', '', '42549 ', 'Velbert-Birth                ', 'DE'),
('25039', 'Kaufland Slovenská republika v.o.s.', 'SK2020234216                       ', 'Kaufland Slovenska                 ', 'Trnavská Cesta 41/A                ', '', '83104 ', 'Bratislava                   ', 'DE'),
('25040', 'Peter Keuthmann GmbH & Co. KG      ', 'Großmarkt                          ', 'Keuthmann GmbH & Co. KG, Berlin    ', 'Beusselstraße 44 n - q             ', '', '10553 ', 'Berlin                       ', 'DE'),
('25041', 'Kaufland DC Ilava                  ', '                                   ', 'Kaufland Ilava                     ', 'Trencianska 400/80                 ', '', '01901 ', 'Ilava - Klobusice            ', 'DE'),
('25042', 'Kaiser´s - Tengelmann AG           ', '                                   ', 'Kaiser´s Viersen Leergut           ', 'Lichtenberg 44                     ', '', '41747 ', 'Viersen                      ', 'DE'),
('25043', 'Karadag GmbH                       ', '                                   ', 'Karadag GmbH, Koeln                ', 'Marktstr. 10                       ', '', '50968 ', 'Köln                         ', 'DE'),
('25044', 'Früchte Karahan GmbH               ', 'Obst- und Gemüsegroßhandel         ', 'Karahan GmbH, Koeln                ', 'Marktstr. 10                       ', '', '50968 ', 'Köln                         ', 'DE'),
('25045', 'Kies GmbH                          ', '                                   ', 'Kies GmbH, Ettlingen               ', 'Zeppelinstr. 6                     ', '', '76275 ', 'Ettlingen                    ', 'DE'),
('25050', 'Kölla München GmbH                 ', '                                   ', 'Koella, Muenchen                   ', 'Schäftlarnstr. 10                  ', '', '81371 ', 'München                      ', 'DE'),
('25051', 'MACALEA Natura GmbH & Co.KG        ', '                                   ', 'Koella Natura, Hamburg             ', 'Oberhafenstr. 1                    ', '', '20097 ', 'Hamburg                      ', 'DE'),
('25052', 'Karl Klees GmbH                    ', 'Fruchtimport                       ', 'Klees GmbH, Duesseldorf            ', 'Ulmenstr. 275                      ', '', '40468 ', 'Düsseldorf                   ', 'DE'),
('25053', 'Kärcher GmbH & Co. KG              ', '                                   ', 'Kaercher, Stuttgart                ', 'Langenwiesenweg 30                 ', '', '70327 ', 'Stuttgart                    ', 'DE'),
('25054', 'P.H.U Ka Ma Kamil Celinski         ', 'PL7971936713                       ', 'Kamakamil Celinski, 05-600 Grojec  ', 'Ulica Olimpijska 9/60              ', '', '05-600 ', 'Grojec                      ', 'DE'),
('25055', 'Kopiostal Constructions Ltd.       ', '                                   ', 'Kopiostal Constructions Ltd., Makar', '155 Proteas House 5th floor        ', '', 'Arch. ', 'Makariou III                 ', 'DE'),
('25056', 'Cranberry-Hof KLingemann           ', '                                   ', 'Cranberry-Hof KLingemann, Grethem  ', 'An der Alten Leine 1               ', '', '29690 ', 'Grethem                      ', 'DE'),
('25057', 'Kühlwarentransport und -logistik   ', '                                   ', 'Kuehlwarentransport und -logistik, ', 'Wachaustr. 45                      ', '', '3385 ', 'Prinzersdorf                  ', 'DE'),
('25058', 'Hans Kuffer Fruchthandel           ', 'DE129855230                        ', 'Kuffer, Hans Fruchthandel, Muenchen', 'Schäftlarnstr. 10 (Großmarkthalle) ', '', '81371 ', 'München                      ', 'DE'),
('26', 'EDEKA Minden                       ', '                                   ', 'EDEKA Minden (Fruvital)            ', 'Wittelsbacher Allee 61             ', '', '32427 ', 'Minden                       ', 'DE'),
('26501', 'Leila Distribution                 ', 'FR 30444342844                     ', 'Leila Distribution, Perpignan Cedex', 'Rue de Lisbonne / B.P. 5345        ', '', '66033 ', 'Perpignan Cedex              ', 'DE'),
('26502', 'Lunafroid                          ', 'FR-60026320093                     ', 'Lunafroid, Rungis Cedex            ', '13, rue de Toulouse, Fruileg 444   ', '', '94642 ', 'Rungis Cedex                 ', 'DE');
INSERT INTO `customer` (`No`, `name`, `name_2`, `customer_short`, `street`, `street_2`, `PO_code`, `city`, `country_code`) VALUES
('26503', 'La Controise                       ', '                                   ', 'La Controise, Contres              ', 'B.P. 600-12                        ', '', '41700 ', 'Contres                      ', 'DE'),
('26504', 'Landgard Obst & Gemüse             ', 'GmbH & Co. KG                      ', 'Landgard,                          ', 'Postfach 12 30                     ', '', '53309 ', 'Bornheim                     ', 'DE'),
('26505', 'Landgard Frischeservice GmbH       ', '                                   ', 'Landgard, Bergkamen                ', 'Marie-Curie-Str. 13                ', '', '59192 ', 'Bergkamen                    ', 'DE'),
('26506', 'Landgard Obst&Gemüse GmbH          ', '                                   ', 'Landgard Kehl                      ', 'Am Yachthafen 2                    ', '', '77694 ', 'Kehl                         ', 'DE'),
('26507', 'Bauernmarkt Lindchen GmbH          ', '                                   ', 'Bauernmarkt Lindchen, Uedem        ', 'Am Lindchen 3                      ', '', '47589 ', 'Uedem                        ', 'DE'),
('26508', 'Lacin                              ', '                                   ', 'Lacin, Duisburg                    ', '                                   ', '', '47059 ', 'Duisburg                     ', 'DE'),
('26509', 'Langfruit B.V.                     ', 'NL 0030.86.100.B.01                ', 'Langfruit B.V., AA Grubbenvorst    ', 'Postbus 8526                       ', '', '5970 ', 'AA Grubbenvorst               ', 'DE'),
('26511', 'Lacour Exotic S.A.                 ', '                                   ', 'Lacour Exotic S.A., Rungis Cedex   ', '94-106 Rue de Montpellier BAT C2   ', '', '94581 ', 'Rungis Cedex                 ', 'DE'),
('26512', 'Les Fruits Rouges de l`aisne       ', '                                   ', 'Les Fruits Rouges                  ', 'Rue Jean Bodin 1                   ', '', '2000 ', 'Laon                          ', 'DE'),
('26513', 'S.A.R.L. Lemonnier                 ', '                                   ', 'Lemonnier, Caen                    ', 'Halles Centrales-Rue de Cardiff    ', '', '14000 ', 'Caen                         ', 'DE'),
('26514', 'Lajolo Filli S.R.L.                ', 'C.A.A.T Centro Agroalimentare      ', 'Lajolo Filli S.R.L., Grugliasco (TO', 'Strada del Portono 10              ', '', '10095 ', 'Grugliasco (TO)              ', 'DE'),
('26515', 'Helmut Leussler                    ', '                                   ', 'Leussler, Gross-Gerau              ', 'Hirsländer Weg 3                   ', '', '64521 ', 'Groß-Gerau                   ', 'DE'),
('26516', 'Lührs                              ', 'Fruchtgroßhandel GmbH              ', 'Luehrs, Hamburg                    ', 'Issendorfer Weg 8                  ', '', '21739 ', 'Dollern                      ', 'DE'),
('26517', 'Lujovi S.A.                        ', '                                   ', 'Lujovi S.A., Rociana del Condado   ', 'C./ San Bartolomé, 8               ', '', '21720 ', 'Rociana del Condado          ', 'DE'),
('26518', 'Lacour René S.A.S.                 ', 'Grand Saint Charles B.P. 214       ', 'Lacour, Perpignan                  ', 'Avenue de Francfort                ', '', '66002 ', 'Perpignan Cedex              ', 'DE'),
('26519', 'Juan Garcia Lax GmbH               ', 'Frucht-Import-Agentur              ', 'Garcia Lax, Juan, Koeln            ', 'Höninger Weg 139                   ', '', '50969 ', 'Köln                         ', 'DE'),
('26520', 'Johann Lührs                       ', 'Obstversand GmbH                   ', 'Luehrs, Hollern                    ', 'Am Deich 62                        ', '', '21723 ', 'Hollern-Twielenfleth         ', 'DE'),
('26521', 'lehmann natur GmbH                 ', '                                   ', 'Lehmann Natur GmbH, Duesseldorf    ', 'Marie-Bernays-Ring 39              ', '', '41199 ', 'Mönchengladbach              ', 'DE'),
('26522', 'Latbana Baltic SLA                 ', 'LV40003803260                      ', 'Latbana Baltic SLA, Riga           ', 'Katlakalna iela 13                 ', '', '1073 ', 'Riga                          ', 'DE'),
('26523', 'Lotus Fruit GmbH                   ', 'Stand S 26                         ', 'Lotus Fruit GmbH, Berlin           ', 'Beusselstr. 44 n-q                 ', '', '10553 ', 'Berlin                       ', 'DE'),
('26524', 'Leko Import GmbH                   ', 'Großmarkt                          ', 'Leko Import GmbH, Hannover         ', 'Am Tönniesberg 16-18               ', '', '30453 ', 'Hannover                     ', 'DE'),
('26525', 'Lomme Primeurs                     ', '                                   ', 'Lomme Primeurs, Lomme              ', 'Marche de Gros Cases 18/19 BAT D1  ', '', '59160 ', 'Lomme                        ', 'DE'),
('26526', 'LEFOULON                           ', 'FR06308875061                      ', 'LEFOULON, Rungis                   ', '86 AV DE LORRAINE                  ', '', '94512 ', 'Rungis                       ', 'DE'),
('26527', 'Lyon Select                        ', 'Marche de gros Lyon Corbas         ', 'Lyon Select, Corbas Cedex          ', '69 Rue Marcel Merieux              ', '', '69961 ', 'Corbas Cedex                 ', 'DE'),
('26528', 'Lindner GmbH                       ', 'Fruchtimport und Handelsges.       ', 'Lindner GmbH, Frankfurt            ', 'Josef-Eicher-Str. 10               ', '', '60437 ', 'Frankfurt                    ', 'DE'),
('26529', 'Beerenhof Lohse                    ', '                                   ', 'Beerenhof Lohse, Gilten-Nienhagen  ', 'Rodewalder Str. 36                 ', '', '29690 ', 'Gilten-Nienhagen             ', 'DE'),
('26530', 'Hnos Fernández López               ', '                                   ', 'Lopez Fernandez, Barcelona         ', 'Longitudinal 7 , 16-A              ', '', '08040 ', 'Barcelona                    ', 'DE'),
('26532', 'Gerard  Lallinger                  ', 'Fruchthandels GmbH                 ', 'Lallinger, Wallersdorf             ', 'Industriegelände 7                 ', '', '94522 ', 'Wallersdorf                  ', 'DE'),
('28', 'Fruchtexpress GmbH                 ', '                                   ', 'Fruchtexpress GmbH, Leipzig-Radefel', 'Zum Frischemarkt 1a                ', '', '04158 ', 'Leipzig-Radefeld             ', 'DE'),
('28001', 'Mazzoni                            ', '                                   ', 'Mazzoni, Tresigallo                ', 'Via del mare 4                     ', '', 'Tresigallo ', '(Ferrara)               ', 'DE'),
('28003', 'la Mer Delikatessen              ', 'Handelsgesellschaft mbH            ', 'La Mer                             ', 'Hofsteder Straße 174               ', '', '44809 ', 'Bochum                       ', 'DE'),
('28004', 'Marais Nantes                      ', 'FR14310530498                      ', 'Marais Nantes, Les Soriniéres      ', 'B.P. 12                            ', '', '44840 ', 'Les Soriniéres               ', 'DE'),
('28005', 'Manss Fruchtimport KG              ', '                                   ', 'Manss Fruchtimport KG, Hamm        ', 'Gallberger Weg 34                  ', '', '59063 ', 'Hamm                         ', 'DE'),
('28006', 'Wilhelm Marleaux GmbH              ', '                                   ', 'Marleaux, Duesseldorf              ', 'Ulmenstraße 275                    ', '', '40468 ', 'Düsseldorf                   ', 'DE'),
('28007', 'Morin SA                           ', 'FR-59957502859                     ', 'Morin SA, Lyon Cedex               ', 'BAT C 1 Cases 11-14                ', '', '69297 ', 'Lyon Cedex                   ', 'DE'),
('28008', 'Merz + Ewenz Import GmbH           ', '                                   ', 'Merz + Ewenz Import GmbH, Koeln (Ba', 'Großmarkt                          ', '', '50968 ', 'Köln (Bayenthal)             ', 'DE'),
('28009', 'Manss Fruchtimport GmbH & Co. KG   ', 'Kred.-Nr. 6 7 1 0 7                ', 'Manss Fruchtimport  Bochum GmbH    ', 'Freudenbergstraße 45 s             ', '', '44809 ', 'Bochum                       ', 'DE'),
('28010', 'SA Mora Freres                     ', 'FR-51467500922                     ', 'Mora Freres, Lomme Cedex           ', 'Cedex 22D 1 , Sac Postal N° 5      ', '', '59465 ', 'Lomme Cedex                  ', 'DE'),
('28011', 'Midi-Prim S.A.                     ', 'FR 61302000948                     ', 'Midi-Prim S.A., Rungis             ', '45, Rue de Carpentras, Bat E 3     ', '', '94592 ', 'Rungis                       ', 'DE'),
('28012', 'MAGELIS                            ', '                                   ', 'MAGELIS, Perpignan Cedex           ', 'Marché St.Charles / B.P. 5350      ', '', '66033 ', 'Perpignan Cedex              ', 'DE'),
('28013', 'Obsthof Mertens GbR                ', '                                   ', 'Frank Mertens, Willich Schiefbahn  ', 'Werkeln 1                          ', '', '47877 ', 'Willich                      ', 'DE'),
('28014', 'Fritz Möss                         ', 'Fruchthandels GmbH                 ', 'Moess,Muenchen                     ', 'Kochelseestr.13                    ', '', '81371 ', 'München                      ', 'DE'),
('28015', 'Metral Fruits                      ', 'FR 31 324 489 806                  ', 'Metral Fruits, Chanas              ', 'Rte de Lyon - B.P. 614             ', '', '38150 ', 'Chanas                       ', 'DE'),
('28017', 'MGE Warenhandels GmbH & Co KG      ', '                                   ', 'MGE Warenhandels GmbH & Co KG, Dues', 'Schlüterstr. 3                     ', '', '40235 ', 'Düsseldorf                   ', 'DE'),
('28018', 'Macoo GmbH                         ', 'Obst-Gemüse- und Blumenhandel      ', 'Macoo GmbH                         ', 'Spitzhausstr. 74                   ', '', '01139 ', 'Dresden                      ', 'DE'),
('28019', 'MONDI Foods NV                     ', 'BE 474.104.821                     ', 'MONDI Foods, 2310 Rijkevorsel      ', 'Gammel 91                          ', '', '2310 ', 'Rijkevorsel                   ', 'DE'),
('28020', 'Manss GmbH & Co. KG                ', '                                   ', 'Manss Fruchtimport GmbH, Dortmund  ', 'Heiliger Weg 60 / Großmarkt        ', '', '44135 ', 'Dortmund                     ', 'DE'),
('28021', 'Helmut Münchehofe                  ', 'Fruchthof Berlin                   ', 'Muenchehofe, Berlin                ', 'Beusselstr. 44 n-q, Stand 198      ', '', '10553 ', 'Berlin                       ', 'DE'),
('28022', 'Marmara GmbH                       ', '                                   ', 'Marmara,Duesseldorf                ', 'Ulmenstr. 275 (Großmarkt)          ', '', '40468 ', 'Düsseldorf                   ', 'DE'),
('28023', 'Mourgues Fruits                    ', '                                   ', 'Mourgues Fruits, Moissac           ', 'B.P. 10 / Zone Industrielle        ', '', '82201 ', 'Moissac                      ', 'DE'),
('28024', 'Marlene Meya GmbH                  ', '                                   ', 'Marlene Meya GmbH , Dortmund       ', 'Grossmarkt (Stand 28-30 )          ', '', '44135 ', 'Dortmund                     ', 'DE'),
('28025', 'Nardonne et Fils                   ', 'FR-38682022561                     ', 'Nardonne et Fils, Rungis - Cedex   ', '2 et 6 Rue de Carpentras           ', '', '94612 ', 'Rungis - Cedex               ', 'DE'),
('28026', 'NBV / UGA GmbH                     ', '                                   ', 'NBV, Uedem                         ', 'Molkereistr. 94                    ', '', '47589 ', 'Uedem                        ', 'DE'),
('28027', 'J. Montag-Frucht GmbH              ', '                                   ', 'Montag-Frucht GmbH, Koeln          ', 'Marktstraße 10                     ', '', '50968 ', 'Köln                         ', 'DE'),
('28028', 'Medifruit Ltd.                     ', '                                   ', 'Medifruit Ltd., W 53 LG (GB)       ', '9 Bd. Wolverton Garden             ', '', 'London ', 'W 53 LG (GB)                ', 'DE'),
('28029', 'Fermin Montaner GmbH & Co. OHG     ', 'Großmarkt                          ', 'Montaner, Koeln                    ', 'Markstr. 10                        ', '', '50968 ', 'Köln                         ', 'DE'),
('28030', 'Matthies & Söhne                   ', 'Fruchtimport GmbH                  ', 'Matthies & Soehne , Braunschweig   ', 'Broitzemer Strasse 202             ', '', '38118 ', 'Braunschweig                 ', 'DE'),
('28031', 'Mopiprim                           ', '                                   ', 'Mopiprim, Perpignan                ', '20 Quai de Hanovre                 ', '', '66000 ', 'Perpignan                    ', 'DE'),
('28032', 'Meywex GmbH                        ', 'Obst & Gemüse Agentur              ', 'Meywex GmbH, Bochum                ', 'Harpener Hellweg 13                ', '', '44805 ', 'Bochum                       ', 'DE'),
('28033', 'Mega-Frucht GmbH                   ', '                                   ', 'Mega-Frucht GmbH, Dortmund         ', 'Heiliger Weg 60                    ', '', '44135 ', 'Dortmund                     ', 'DE'),
('28034', 'Wilhelm Marleaux GmbH              ', '                                   ', 'Marleaux GmbH, Duesseldorf         ', 'Großmarkt / Ulmenstr. 275          ', '', '40468 ', 'Düsseldorf                   ', 'DE'),
('28035', 'MO-TA Kft.                         ', 'HU10807932-2-43                    ', 'MO-TA Kft., Budapest Nagyhani      ', 'Nagykörösi u. 353                  ', '', '1239 ', 'Budapest Nagyhani             ', 'DE'),
('28036', 'Mugui                              ', '                                   ', 'Mugui, Perpignan Cedex             ', 'Rue de Lisbonne / BP 5354          ', '', '66033 ', 'Perpignan Cedex              ', 'DE'),
('28037', 'Macagno S.R.L.                     ', 'IT259880045                        ', 'Macagno                            ', '3 Str Madonna                      ', '', '12016 ', 'Peveragno                    ', 'DE'),
('28038', 'Monloup                            ', 'MIN de Paris / Rungis              ', 'Monloup, Rungis Cedex              ', '17 Rue de Montpellier              ', '', '94622 ', 'Rungis Cedex                 ', 'DE'),
('28039', 'Maurer Parat GmbH                  ', '                                   ', 'Maurer, Dannstadt                  ', 'Ludwigshafener Str. 1              ', '', '67125 ', 'Dannstadt-Schauernheim       ', 'DE'),
('28040', 'Maver S.r.l.                       ', '                                   ', 'Maver S.r.l., Monteforte D´Alpona V', 'Via XX Settembre 26                ', '', '37032 ', 'Monteforte D´Alpona Verona   ', 'DE'),
('28041', 'M+A Gemüseversand GmbH             ', '                                   ', 'M+A Gemueseversand GmbH, Koeln     ', 'Marktstr. 10                       ', '', '50968 ', 'Köln                         ', 'DE'),
('28042', 'Marlene Meya GmbH                  ', '                                   ', 'Meya GmbH, Dortmund                ', 'Heiliger Weg 60                    ', '', '44135 ', 'Dortmund                     ', 'DE'),
('28043', 'Messe Niederrhein GmbH             ', '                                   ', 'Messe Niederrhein, Rheinberg       ', 'An der Rheinberger Heide 5         ', '', '47495 ', 'Rheinberg                    ', 'DE'),
('28044', 'Messe Berlin                       ', '                                   ', 'Messe Berlin, Berlin               ', 'Halle 1.1                          ', '', '14055 ', 'Berlin                       ', 'DE'),
('28046', 'Mainfrucht GmbH & Co. KG           ', '                                   ', 'Mainfrucht, Gochsheim              ', 'Julius-Hofmann-Str. 2              ', '', '97469 ', 'Gochsheim                    ', 'DE'),
('28047', 'Mibusa fruit GmbH & Co. KG         ', '                                   ', 'Mibusa fruit, Frankfurt            ', 'Josef-Eicher-Str. 10               ', '', '60437 ', 'Frankfurt                    ', 'DE'),
('28048', 'Sarl Andre Monteil Maison          ', '                                   ', 'Monteil, Largentiere               ', 'Le Berjoux                         ', '', '07110 ', 'Uzer                         ', 'DE'),
('28049', 'Manss GmbH Frischeservice          ', '                                   ', 'Manss GmbH Frischeservice, Hamm    ', 'Gallberger Weg 34                  ', '', '59063 ', 'Hamm                         ', 'DE'),
('28050', 'Materne                            ', '                                   ', 'Materne, Floreffe                  ', 'Allee de Cerisiers, 1              ', '', '5150 ', 'Floreffe                      ', 'DE'),
('28051', 'Mühlhäuser GmbH                    ', '                                   ', 'Muehlhaeuser GmbH, Muehlhausen     ', 'Mühlstr. 2                         ', '', '99974 ', 'Mühlhausen                   ', 'DE'),
('28052', 'Diego Martinez e Hijos S.L.        ', 'ESB58794512                        ', 'Martinez e Hijos S.L., Mercabarna  ', 'Pabellón F Puestos 6004-6009       ', '', '08040 ', 'Mercabarna                   ', 'DE'),
('28053', 'Magli & Noel GmbH                  ', 'Grossmarkt                         ', 'Magli & Noel GmbH, Karlsruhe       ', 'Weinweg 43                         ', '', '76137 ', 'Karlsruhe                    ', 'DE'),
('28080', 'MERCATO Frische-                   ', 'Dienstleistungen GmbH              ', 'MERCATO Frische-, Sinsheim         ', 'Neulandstr. 25 a                   ', '', '74889 ', 'Sinsheim                     ', 'DE'),
('28081', 'Metro Cash&Carry Deutschland GmbH  ', '- Lager -                          ', 'Metro Cash&Carry Deutschland GmbH, ', 'Metro Str. 8                       ', '', '40235 ', 'Düsseldorf                   ', 'DE'),
('28082', 'Metro C&C Deutschland GmbH         ', '                                   ', 'METRO, Altlandsberg                ', 'Seeberger Str. 10                  ', '', '15345 ', 'Altlandsberg                 ', 'DE'),
('28083', 'Metro C&C Deutschland GMBH         ', '                                   ', 'METRO, Essen                       ', 'Pferdebahnstr. 40                  ', '', '45141 ', 'Essen                        ', 'DE'),
('28084', 'Metro C&C Deutschland GmbH         ', '                                   ', 'METRO, Bergkirchen                 ', 'Gadastr. 23 b-c                    ', '', '85232 ', 'Bergkirchen                  ', 'DE'),
('28085', 'Mighirian Freres                   ', 'FR13552018335                      ', 'Mighirian Freres, Rungis Cedex     ', '38 Av. de Lorraine BAT E 2         ', '', '94512 ', 'Rungis Cedex                 ', 'DE'),
('28086', 'Maxime Bvba                        ', '                                   ', 'Maxime, Belgien                    ', 'Postelweg 18                       ', '', '2490 ', 'Balen                         ', 'DE'),
('28087', 'Maxime BVBA                        ', '                                   ', 'Maxime BVBA, Essen                 ', 'Lützowstr. 30                      ', '', '45141 ', 'Essen                        ', 'DE'),
('28089', 'MAB Quality GmbH & Co. KG          ', '                                   ', 'MAB Quality, Dortmund              ', 'Hugo-Pork-Str. 21                  ', '', '44141 ', 'Dortmund                     ', 'DE'),
('28090', 'Macalea GmbH & Co. KG              ', '                                   ', 'Macalea GmbH & Co. KG, Hamburg     ', 'Oberhafenstr.1                     ', '', '20097 ', 'Hamburg                      ', 'DE'),
('28091', 'Irene Mikus                        ', 'DE301846100                        ', 'Irene Mikus, Herne                 ', 'Kanalstraße 50                     ', '', '44628 ', 'Herne                        ', 'DE'),
('28093', 'Marktvertrieb Direktvermarktung    ', '                                   ', 'Marktvertrieb Direktvermarktung, Du', 'Paul-Rücker.Straße 6b              ', '', '47059 ', 'Duisburg                     ', 'DE'),
('29', 'Fruchtexpress GmbH                 ', '                                   ', 'Fruchtexpress GmbH, Windischleuba  ', 'Am Fünfminutenweg 11               ', '', '04603 ', 'Windischleuba                ', 'DE'),
('29501', 'Willi Nüchter                      ', 'Inhaber Peter Nüchter              ', 'Nuechter, Duisburg                 ', 'Grossmarkt                         ', '', '47059 ', 'Duisburg                     ', 'DE'),
('29503', 'Netto  Marken-Discount AG & Co. KG ', 'GLN 4316268000000 (ILN)            ', 'NETTO Marken-Discount              ', 'Industriepark Ponholz 1            ', '', '93142 ', 'Maxhütte-Haidhof             ', 'DE'),
('29504', 'New Fruit & Food SRL               ', '                                   ', 'New Fruit & Food, Verona           ', 'Via Sommacampagna 63 d/e           ', '', '37137 ', 'Verona                       ', 'DE'),
('29505', 'Nino Fruits S.A.                   ', '                                   ', 'Nino Fruits S.A., Perpignan Cedex  ', 'P.P. 5308                          ', '', '66033 ', 'Perpignan Cedex              ', 'DE'),
('29506', 'Eduardo Nanez                      ', 'Mercamadrid                        ', 'Nanez, Edurardo                    ', 'Nave E / Stand 6 + 8               ', '', '28053 ', 'Madrid                       ', 'DE'),
('29507', 'Nordfrost                          ', 'Einlagerungen                      ', 'Nordfrost                          ', 'Beckerfelder Str. 96               ', '', '47269 ', 'Duisburg                     ', 'DE'),
('29508', 'LES HALLES DU MASSIF CENTRAL       ', 'STE LA NICOISE                     ', 'Nicoise, la, Clermont-Fernand      ', 'Boulevard Chartoire                ', '', '63100 ', '-Clermont-Fernand            ', 'DE'),
('29509', 'Naturelle Barendrecht              ', '                                   ', 'Naturelle Barendrecht,NL-          ', 'Dierensteinweg 30                  ', '', '2991 ', 'XJ Barendrecht                ', 'DE'),
('29510', 'Naturkost West GmbH                ', 'Der Großhandel mit Bestellservice  ', 'Naturkost West GmbH, Duisburg      ', 'Daimlerstraße 4                    ', '', '47167 ', 'Duisburg                     ', 'DE'),
('29511', 'Obst & Gemüse Nühse                ', 'Großhandelsg. mbH                  ', 'Nuehse, Hamburg                    ', 'Banksstr. 28                       ', '', '20097 ', 'Hamburg                      ', 'DE'),
('29512', 'New World Fruit Traders B.V.       ', '                                   ', 'New World Fruit Traders B.V., AE-Ro', 'Marconistraat 3A                   ', '', '3029 ', 'AE-Rotterdam                  ', 'DE'),
('29517', 'Netto ApS & Co. KG                 ', '                                   ', 'Netto Stavenhagen                  ', 'Preetzer Str. 22                   ', '', '17153 ', 'Stavenhagen                  ', 'DE'),
('29518', 'Netto ApS & Co. KG                 ', '                                   ', 'Netto Wustermark                   ', 'Preetzer Str. 22                   ', '', '17153 ', 'Stavenhagen                  ', 'DE'),
('31', 'Kaisers Tengelmann AG              ', 'Obst und Gemüse                    ', 'Kaisers Viersen (Muenchen)         ', 'Ernst-Moritz-Arndt-Str. 10         ', '', '41747 ', 'Viersen                      ', 'DE'),
('31001', 'Olympic Fruit B.B.                 ', 'NL809361498B01                     ', 'Olympic Fruit B.B., AG Barendrecht ', 'P.O.Box 253                        ', '', '2990 ', 'AG Barendrecht                ', 'DE'),
('310010', 'Ruiz Osma S.A.                     ', '                                   ', 'Ruiz Osma                          ', 'Mercabilbao, ptos. 337-339         ', '', '48970 ', 'Basauri                      ', 'DE'),
('31002', 'Otten GmbH                         ', 'Fruchthandelsgesellschaft          ', 'Otten GmbH, Bottrop                ', 'Lortzingstraße 34                  ', '', '46236 ', 'Bottrop                      ', 'DE'),
('31003', 'Aloys Overmeyer GmbH               ', '                                   ', 'Overmeyer, Aloys                   ', 'Dessauerstrasse 27a                ', '', '45886 ', 'Gelsenkirchen                ', 'DE'),
('31004', 'vitfrisch-OGA                      ', 'Gemüse-Vertrieb GmbH               ', 'OGA Soest, Soest                   ', 'Rötelstr. 26                       ', '', '74172 ', 'Neckarsulm                   ', 'DE'),
('31005', 'Leo Ochs GmbH                      ', '                                   ', 'Ochs, Leo,St. Ingbert              ', 'Im Schiffelland 18                 ', '', '66386 ', 'St. Ingbert                  ', 'DE'),
('31006', 'ORT Italia Centro Sud              ', '                                   ', 'ORT Italia Centro Sud, Roma        ', 'Via di Case Rosse, 28              ', '', '00131 ', 'Roma                         ', 'DE'),
('31007', 'Gebr. Olgun                        ', 'Fruchtgroßhandel e.K.              ', 'Olgun, Hamburg                     ', 'Banksstr. 28                       ', '', '20097 ', 'Hamburg                      ', 'DE'),
('31008', 'Mustafa Özkan                      ', '                                   ', 'Oezkan, Duisburg                   ', 'Großmarkt                          ', '', '47059 ', 'Duisburg                     ', 'DE'),
('31009', 'Les Halles d`Olette                ', '                                   ', 'Les Halles d`Olette, Olette        ', '                                   ', '', '66360 ', 'Olette                       ', 'DE'),
('31010', 'Ruiz Osma, S.A.                    ', '                                   ', 'Ruiz Osma, S.A., Basauri           ', 'Mercabilbao, ptos. 337-339         ', '', '48970 ', 'Basauri                      ', 'DE'),
('31011', 'Obstgroßmarkt                      ', 'Fränkische Schweiz eG              ', 'Pretzfeld                          ', 'Trattstr. 7                        ', '', '91362 ', 'Pretzfeld                    ', 'DE'),
('31012', 'Orogel Fresco                      ', 'Soc. Coop. Agricola                ', 'Orogel Fresco ,I-Longiano          ', 'Via Emilia 3800                    ', '', '47020 ', 'Longiano                     ', 'DE'),
('31013', 'O.R.E.DO. SRL                      ', 'IT00195720263                      ', 'O.R.E.DO. SRL, Treviso M.O.F.      ', 'Ortofrutticola Etna Dolomiti       ', '', '31100 ', 'Treviso M.O.F.               ', 'DE'),
('31014', 'Rolf Oertel GmbH                   ', 'Großhandel & Import                ', 'Oertel GmbH, Leipzig / Radefeld    ', 'Zum Frischemarkt 1A                ', '', '04158 ', 'Leipzig / Radefeld           ', 'DE'),
('31015', 'UNIVEG Regensburg                  ', 'Zweigniederlassung d. UNIVEG D GmbH', 'UNIVEG, Regensburg                 ', 'Hofer Straße 22                    ', '', '93057 ', 'Regensburg                   ', 'DE'),
('31016', 'Ortoverde S.R.L.                   ', '                                   ', 'Ortoverde S.R.L.                   ', '39 Via Mules                       ', '', 'Campo ', 'di Trens 39040               ', 'DE'),
('31017', 'Obst und Gemüsevertrieb Südbaden   ', 'GmbH-OGS                           ', 'OGS Suedbaden                      ', 'Niederrotweil 80                   ', '', '79235 ', 'Vogtsburg-Oberrotweil        ', 'DE'),
('31018', 'Obst vom Bodensee                  ', 'Vertriebsgesellschaft mbH          ', 'Obst vom Bodensee , Oberteuringen  ', 'Merkurstr. 7                       ', '', '88046 ', 'Friedrichshafen              ', 'DE'),
('31019', 'Onubafruit, S. Coop. AND           ', '                                   ', 'Onubafruit S.L., Huelva, Espana    ', 'Calle Lentisco s/n Bloque 3 , of.17', '', '21001 ', 'Huelva, Espana               ', 'DE'),
('31020', 'Obsthof GmbH Leipzig               ', '                                   ', 'Obsthof GmbH Leipzig, Leipzig      ', 'Zum Frischemarkt 1a                ', '', '04158 ', 'Leipzig                      ', 'DE'),
('31021', 'Origin Fruit Direct BV             ', 'Havennr. / Port no. 294            ', 'Origin Fruit Direct BV, BP Rotterda', 'Keilestraat 9c                     ', '', '3029 ', 'BP Rotterdam                  ', 'DE'),
('31071', 'Frutas Olivar                      ', 'ES-A28936318                       ', 'Frutas Olivar, Mercamadrid         ', 'Mercamadrid Nave B / Puestos 19-25 ', '', '28053 ', 'Madrid                       ', 'DE'),
('32', 'Kaiser´s Tengelmann AG             ', 'Obst & Gemüse                      ', 'Kaiser´s Eching (Muenchen)         ', 'Dieselstraße 5                     ', '', '85386 ', 'Eching Ost                   ', 'DE'),
('32501', 'Personalrechnungen                 ', '                                   ', 'Personalrechnungen, Duisburg       ', '                                   ', '', '47059 ', 'Duisburg                     ', 'DE'),
('32502', 'Plus-Warenhandelsges. mbH          ', 'Abt.: Rechnungsprüfung             ', 'Plus-Warenhandelsges. mbH, Muelheim', 'Wissollstraße 5-43                 ', '', '45478 ', 'Mülheim/Ruhr                 ', 'DE'),
('32503', 'Philippe Fraise Import (P.F.I.)    ', '                                   ', 'Philippe Fraise Import             ', 'Le Bourg                           ', '', '24380 ', 'St. Mayeme de Pereyreol      ', 'DE'),
('32504', 'Netto Marken-Discount AG & Co. KG  ', 'Rechnungsprüfung                   ', 'Netto Marken-Discount AG & Co. KG, ', 'Wissollstr. 5-43                   ', '', '45478 ', 'Mülheim/Ruhr                 ', 'DE'),
('32505', 'Primo Martino Baratella SPA        ', '                                   ', 'Primo Martino Baratella SPA, Verona', 'Via Sommacampagna 63               ', '', '37137 ', 'Verona                       ', 'DE'),
('32506', 'Ste. Puech                         ', 'FR 80 312 237 332                  ', 'Puech, Rungis Cedex                ', '70/74 Rue de Montpellier - Fruileg ', '', '94622 ', 'Rungis Cedex                 ', 'DE'),
('32507', 'Port International                 ', 'European Sourcing GmbH             ', 'Port,Hamburg                       ', 'Lippeltstr. 1                      ', '', '20097 ', 'Hamburg                      ', 'DE'),
('32508', 'Walter Pott GmbH + Co. KG          ', '                                   ', 'Pott GmbH & Co. KG, Leverkusen     ', 'Stauffenbergstr. 17                ', '', '51379 ', 'Leverkusen                   ', 'DE'),
('32509', 'Polfrucht AG                       ', 'Fruchthof                          ', 'Polfrucht AG, Berlin               ', 'Beusselstr. 44 n-q                 ', '', '10553 ', 'Berlin                       ', 'DE'),
('32512', 'Rita Plikat                        ', '                                   ', 'Rita Plikat, Essen                 ', 'Lützowstraße 26                    ', '', '45141 ', 'Essen                        ', 'DE'),
('32513', 'Prodisco S.A.S                     ', 'Import-Export                      ', 'Prodisco S.A.S, Rungis Cedex       ', 'Rue des Antilles Entrep. 135       ', '', '94538 ', 'Rungis Cedex                 ', 'DE'),
('32516', 'Paoliversilla SAS Di Mattiauda D.E.', 'Via Nicola Pisano                  ', 'Paoliversilla SAS Di Mattiauda D.E.', 'C/O Mercato Ortofrutticolo         ', '', '55049 ', 'Viareggio Lucca              ', 'DE'),
('32517', 'Prim`Adour                         ', '                                   ', 'Prim`Adour, Bayonne                ', '14 Chemin Sabalce                  ', '', '64100 ', 'Bayonne                      ', 'DE'),
('32518', 'Peltisa S.L.                       ', 'ESB48404966                        ', 'Peltisa S.A., 48970 Basauri (Vizcay', 'Mercabilbao Ptos. 209-211          ', '', '48970 ', 'Basauri (Vizcaya)            ', 'DE'),
('32519', 'Evelyne Paraschivescu              ', '                                   ', 'Paraschivescu, Duisburg            ', 'Kaldenhauser Str. 27               ', '', '47229 ', 'Duisburg                     ', 'DE'),
('32520', 'Patisson Fruchthandel GmbH         ', '                                   ', 'Patisson Fruchthandel GmbH, Duisbur', 'Auf der Höhe 10                    ', '', '47059 ', 'Duisburg                     ', 'DE'),
('32521', 'Prosol Gestion                     ', 'ZA Rocade Nord 2                   ', 'Prosol Gestion, Noves              ', '                                   ', '', '13350 ', 'Noves                        ', 'DE'),
('32522', 'Jiri Ptacek                        ', '                                   ', 'Ptacek, Kolin                      ', 'Polepy 198                         ', '', '28000 ', 'Kolin                        ', 'DE'),
('32523', 'Piédor S.A.                        ', '54/58 Rue d`Avignon                ', 'Piedor                             ', 'Bat. B2 Fruileg 651                ', '', '94642 ', 'Rungis Cedex                 ', 'DE'),
('32524', 'Platanos Cox                       ', '                                   ', 'Platanos Cox, Cox / Alicante       ', 'C/ Luis Olavarrieta No. 7          ', '', '03350 ', 'Cox / Alicante               ', 'DE'),
('32525', 'Provence Vivarais                  ', 'FR 65344259452                     ', 'Provence Vivarais, Chateaurenard   ', '365 Chemin Maya                    ', '', '13160 ', 'Chateaurenard                ', 'DE'),
('32526', 'Penny Market s.r.o.                ', 'CZ64945880                         ', 'Penny Prag                         ', 'Pocernická 257                     ', '', '25073 ', 'Radonice, Praha-vychod       ', 'DE'),
('32527', 'Pfalz-Markt                        ', '                                   ', 'Pfalz-Markt, Mutterstadt           ', 'Neustätter Str. 100                ', '', '67112 ', 'Mutterstadt                  ', 'DE'),
('32528', 'PLUS                               ', 'Èlelmiszer Diszkont Kft            ', 'PLUS , Budapest                    ', 'Jaszberényi út 43-47               ', '', '1106 ', 'Budapest                      ', 'DE'),
('32529', 'PLUS Discount - Sp. Z o.o.         ', 'ID-Nr.: PL-9540020092              ', 'PLUS Polen                         ', 'ul. Roosevelta 18                  ', '', '60-829 ', 'Pozna                       ', 'DE'),
('32530', 'Josef Pfaff AG                     ', '                                   ', 'Pfaff                              ', 'Binningerstr. 148                  ', '', '4123 ', 'Allschweil                    ', 'DE'),
('32531', 'Primouest-Impex                    ', 'M.I.N. de Rungis                   ', 'Primouest-Impex, Rungis            ', '38, Rue de Montpellier - BAT C2    ', '', '94622 ', 'Rungis-cedex                 ', 'DE'),
('32532', 'Punto Frutta SAS                   ', 'di Fucili Ubaldo E                 ', 'Punto Frutta                       ', 'P.O.BOX 97/98                      ', '', '20100 ', 'Milano                       ', 'DE'),
('32533', 'Grupo Puentesol                    ', 'Frutas y Verduras Agrupadas, SL    ', 'Puentesol                          ', 'C/Avila, 27                        ', '', '43870 ', 'Amposta (Tarragona)          ', 'DE'),
('32534', 'Pleines Reuter GmbH                ', '                                   ', 'Pleines Reuter GmbH, Duisburg      ', 'Auf der Höhe 10                    ', '', '47059 ', 'Duisburg                     ', 'DE'),
('32535', 'Prim´ Exotic                       ', '                                   ', 'Prim´ Exotic, Toulouse             ', '146, Avenue de Etats-Unis          ', '', '31200 ', 'Toulouse                     ', 'DE'),
('32536', 'Prim´ Import                       ', '                                   ', 'Prim´ Import, Nice Cedex           ', 'Min St. Augustin                   ', '', '06042 ', 'Nice Cedex                   ', 'DE'),
('32537', 'PONS PRIMEURS                      ', 'ZA de Béligon                      ', 'PONS PRIMEURS, Rochefort Cedex     ', 'Rue Maurice Mallet, BP 60047       ', '', '17302 ', 'Rochefort Cedex              ', 'DE'),
('32538', 'Pro Natura                         ', '                                   ', 'Pro Natura                         ', '754 Av. Pierre Grand / MIN-BP 107  ', '', '84303 ', 'Cavaillon Cedex              ', 'DE'),
('32539', 'Primaco Früchte AG                 ', '                                   ', 'Primaco Fruechte AG, Chur          ', 'Bolettastraße 1                    ', '', '7007 ', 'Chur                          ', 'DE'),
('32540', 'Prosain                            ', '                                   ', 'Prosain, Bages                     ', 'Les Mates - BP 13                  ', '', '66670 ', 'Bages                        ', 'DE'),
('32541', 'Paris Select                       ', 'Fruits et Primeurs de Luxe         ', 'Paris Select, Rungis Cedex         ', 'BAT.A2 - 2,Rue d´Agen Fruileg 579  ', '', '94591 ', 'Rungis Cedex                 ', 'DE'),
('32542', 'ETS Pasquet                        ', '                                   ', 'Pasquet Bourran, Vergt             ', 'Lacropte                           ', '', '24380 ', 'Vergt                        ', 'DE'),
('32543', 'Walter Pott GmbH                   ', '                                   ', 'Pott GmbH, Leverkusen              ', 'Stauffenbergstr. 17                ', '', '51379 ', 'Leverkusen                   ', 'DE'),
('32544', 'Peter Post GmbH & Co. KG           ', 'Obst- & Gemüsegroßhandel           ', 'Post, Waldbuettelbrunn             ', 'Dachdeckerstr. 6                   ', '', '97297 ', 'Waldbüttelbrunn              ', 'DE'),
('32545', 'PULIBERRIES S.L.                   ', 'Apartado de Correos numero 27      ', 'PULIBERRIES S.L., - 21830 Bonares (', 'Pg El Corchito Parcelas 21,22 Y 23 ', '', 'E ', '- 21830 Bonares (Huelva)         ', 'DE'),
('32550', 'Penny Market s.r.o.                ', 'CZ64945880                         ', 'Penny Jirny                        ', 'Pocernicka 257                     ', '', '25073 ', 'Radonice                     ', 'DE'),
('32551', 'Penny Market s.r.o.                ', 'CZ64945880                         ', 'Penny Lipnik                       ', 'Pocernicka 257                     ', '', '25073 ', 'Radonice                     ', 'DE'),
('32552', 'Penny Market s.r.o.                ', 'CZ64945880                         ', 'Penny Dobrany                      ', 'Pocernicka 257                     ', '', '25073 ', 'Radonice                     ', 'DE'),
('33', 'Kaiser´s Tengelmann                ', 'Obst & Gemüse                      ', 'Kaiser´s NiederO (Muenchen)        ', 'Am Giener 2                        ', '', '55268 ', 'Nieder-Olm                   ', 'DE'),
('33000', 'Les quatre saisons en Perigord     ', 'La Chune                           ', 'Les quatre saisons en Perigord, Cap', '                                   ', '', '24540 ', 'Capdrot                      ', 'DE'),
('34', 'Kaiser´s Tengelmann AG             ', 'Obst & Gemüse                      ', 'Kaiser´s Berlin (Muenchen)         ', 'Ringstr. 24                        ', '', '12105 ', 'Berlin                       ', 'DE'),
('35', 'Kaiser´s Tengelmann AG             ', 'Obst & Gemüse                      ', 'Kaiser´s Viersen (Viersen)         ', 'Ernst-Moritz-Arndt Str. 10         ', '', '41747 ', 'Viersen                      ', 'DE'),
('3519', 'kein Kunde !!                      ', '                                   ', 'kein Kunde !!, Kunde !!            ', '                                   ', '', 'Kein ', 'Kunde !!                      ', 'DE'),
('35496', 'REWE Zentralfinanz eG              ', 'Rechnungsdatenaustausch-BZE        ', 'REWE Zentralfinanz eG, Koeln       ', 'Domstr. 20                         ', '', '50668 ', 'Köln                         ', 'DE'),
('35503', 'Rewe Lehrte                        ', '                                   ', 'Rewe Lehrte                        ', 'Fortunastr. 8                      ', '', '31275 ', 'Lehrte                       ', 'DE'),
('35504', 'Penny Norderstedt                  ', '                                   ', 'Penny Norderstedt                  ', 'Oststr. 75                         ', '', '22844 ', 'Norderstedt                  ', 'DE'),
('35505', 'Rewe Stelle                        ', '                                   ', 'Rewe Stelle                        ', 'Uhlenhorst 144                     ', '', '21435 ', 'Stelle                       ', 'DE'),
('35506', 'Rewe Breuna                        ', '                                   ', 'Rewe Breuna                        ', 'Rewestr. 1                         ', '', '34479 ', 'Breuna                       ', 'DE'),
('35507', 'Rewe Buttenheim                    ', '                                   ', 'Rewe Buttenheim                    ', 'Rewestr.                           ', '', '96155 ', 'Buttenheim                   ', 'DE'),
('35508', 'Rewe Eitting                       ', '                                   ', 'Rewe Eitting                       ', 'Am Isarkanal 20                    ', '', '85462 ', 'Eitting                      ', 'DE'),
('35509', 'Penny Großbeeren                   ', '                                   ', 'Penny Grossbeeren                  ', 'Märkische Allee 20-24              ', '', '14979 ', 'Großbeeren                   ', 'DE'),
('35510', 'Rewe Ketzerbachtal                 ', '                                   ', 'Rewe Ketzerbachtal                 ', 'Starbach Rewestr. 1                ', '', '01683 ', 'Ketzerbachtal                ', 'DE'),
('35511', 'Rewe Neudietendorf                 ', '                                   ', 'Rewe Neudietendorf                 ', 'Molsdorfer Lindenweg 1             ', '', '99192 ', 'Neudietendorf                ', 'DE'),
('35512', 'Penny Neuhausen                    ', '                                   ', 'Penny Neuhausen                    ', 'Bernhäuser Str. 40 - 42            ', '', '73765 ', 'Neuhausen a. d. F.           ', 'DE'),
('35513', 'Rewe Wiesloch                      ', '                                   ', 'Rewe Wiesloch                      ', 'In den Weinaeckern 1               ', '', '69168 ', 'Wiesloch                     ', 'DE'),
('35514', 'Rewe Dietzenbach                   ', '                                   ', 'Rewe Dietzenbach                   ', 'Robert-Bosch-Straße 3-5            ', '', '63128 ', 'Dietzenbach                  ', 'DE'),
('35515', 'Rewe Koblenz                       ', '                                   ', 'Rewe Koblenz                       ', 'August-Horch-Str. 11               ', '', '56070 ', 'Koblenz                      ', 'DE'),
('35516', 'Rewe Köln-Langel                   ', '                                   ', 'Rewe Koeln-Langel                  ', 'Robert-Bosch-Str. 40               ', '', '50769 ', 'Köln                         ', 'DE'),
('35517', 'Rewe Rosbach                       ', '                                   ', 'Rewe Rosbach                       ', 'Raiffeisenstraße 5-9               ', '', '61191 ', 'Rosbach                      ', 'DE'),
('35518', 'Rewe Essen                         ', '                                   ', 'Rewe Essen                         ', 'Alte Landstr. 10                   ', '', '45329 ', 'Essen                        ', 'DE'),
('35520', 'Penny Rosbach                      ', '                                   ', 'Penny Rosbach                      ', 'Raiffeisenstr. 5 - 9               ', '', '61191 ', 'Rosbach                      ', 'DE'),
('35522', 'Penny Lahr                         ', '                                   ', 'Penny Lahr                         ', 'Einsteinallee 4                    ', '', '77933 ', 'Lahr                         ', 'DE'),
('35523', 'Penny Köln-Bocklemünd              ', '                                   ', 'Penny Bocklemuend                  ', 'Venloer Str. 1435                  ', '', '50829 ', 'Köln                         ', 'DE'),
('35524', 'Penny Essen                        ', '                                   ', 'Penny Essen                        ', 'Ruhrglasstr. 72                    ', '', '45329 ', 'Essen                        ', 'DE'),
('35525', 'Penny Lehrte                       ', '                                   ', 'Penny Lehrte                       ', 'Gewerbestraße 20                   ', '', '31275 ', 'Lehrte                       ', 'DE'),
('35526', 'Penny Landsberg                    ', '                                   ', 'Penny Landsberg                    ', 'Max-Planck-Ring 44                 ', '', '06188 ', 'Landsberg-Queis              ', 'DE'),
('35527', 'Rewe Bondorf                       ', 'Lager 227                          ', 'Rewe Bondorf                       ', 'Am Römerfeld 6                     ', '', '71149 ', 'Bondorf                      ', 'DE'),
('35528', 'Doego Wesel                        ', '                                   ', 'Doego Wesel                        ', 'Am Schornacker 90                  ', '', '46485 ', 'Wesel                        ', 'DE'),
('35529', 'Penny Wiesloch                     ', 'OG Lager 635 Wiesloch PY           ', 'Penny Wiesloch                     ', 'Im unteren Wald                    ', '', '69168 ', 'Wiesloch                     ', 'DE'),
('35530', 'Rewe Oranienburg                   ', 'OG Lager 255 Oranienburg           ', 'Rewe Oranienburg                   ', 'Rewestr. 1                         ', '', '16515 ', 'Oranienburg                  ', 'DE'),
('35531', 'Rewe Raunheim                      ', 'OG Lager 245 Raunheim              ', 'Rewe Raunheim                      ', 'Tejostr. 2                         ', '', '65475 ', 'Raunheim                     ', 'DE'),
('35532', 'Penny Eching                       ', 'OG Lager 665 Eching PY             ', 'Penny Eching                       ', 'Dieselstr. 21-27                   ', '', '85386 ', 'Eching                       ', 'DE'),
('35533', 'Penny Ketzerbachtal                ', 'Lager 375 Rüsseina PY              ', 'Penny Ketzerbachtal                ', 'Rewestr. 1                         ', '', '01683 ', 'Ketzerbachtal                ', 'DE'),
('35534', 'REWE OG Kopflager 711 Ost          ', '4,39E+12', 'REWE OG Kopflager, Leipzig         ', 'Am Exer 12-14                      ', '', '04158 ', 'Leipzig                      ', 'DE'),
('35550', 'REWE International                 ', 'Lager- und Transportgesell. mbH    ', 'REWE International, Wien           ', 'Halban-Kurz-Str. 1                 ', '', '1230 ', 'Wien                          ', 'DE'),
('35599', 'La Renomiere S.A.R.L.              ', '                                   ', 'La Renomiere S.A.R.L., Rungis Cedex', '118 Rue d`Avignon                  ', '', '96421 ', 'Rungis Cedex                 ', 'DE'),
('36', 'Kaiser´s Tengelmann AG             ', 'Obst & Gemüse                      ', 'Kaiser´s Eching (Viersen)          ', 'Dieselstraße 5                     ', '', '85386 ', 'Eching-Ost                   ', 'DE'),
('36000', 'Kerstin Rudolph                    ', '                                   ', 'Rudolph, Kerstin, Bochum           ', 'Auf dem Dahlacker 65 - 67          ', '', '44809 ', 'Bochum                       ', 'DE'),
('36001', 'Thomas Rudolph                     ', 'DE162971453                        ', 'Rudolph, Bochum                    ', 'Auf dem Dahlacker 67               ', '', '44809 ', 'Bochum                       ', 'DE'),
('36002', 'Rodaprim S.A.                      ', 'FR 19303781660                     ', 'Rodaprim, Rouen                    ', 'Min Bat 1, Boxes 1 à 10            ', '', '76042 ', 'Rouen                        ', 'DE'),
('36003', 'Rufrie Warenhandels GmbH & Co.KG   ', '                                   ', 'Rufrie Warenhandels GmbH & Co.KG, B', 'Wasserstr. 26                      ', '', '44803 ', 'Bochum                       ', 'DE'),
('36004', 'Rautenberg-Hölting                 ', 'Fruchtimport GmbH                  ', 'Rautenberg-Hoelting , Leipzig      ', 'Zum Frischemarkt 1a                ', '', '04158 ', 'Leipzig                      ', 'DE'),
('36005', '37003Roux Ets.                     ', '                                   ', 'Roux Ets., Rungis Cedex            ', '100 Rue d`Avignon Bat B2           ', '', '94611 ', 'Rungis Cedex                 ', 'DE'),
('36006', 'Romaprim                           ', '                                   ', 'Romaprim, Rungis                   ', '73 Avenue du Lyonnais/Fruileg 533  ', '', '94571 ', 'Rungis Cedex                 ', 'DE'),
('36007', 'Hof Röhrkasten                     ', '                                   ', 'Roehrkasten                        ', 'Höfen 17                           ', '', '31600 ', 'Uchte                        ', 'DE'),
('36008', 'Rheinland-Frucht GmbH              ', '                                   ', 'Rheinland-Frucht GmbH, Rheinbach   ', 'Meckenheimer Str. 33               ', '', '53359 ', 'Rheinbach                    ', 'DE'),
('36009', 'Riego e Hijos S.A.                 ', 'ES A79303285                       ', 'Riego e Hijos S.A., Madrid         ', 'CL Estrella Polar 18               ', '', '28007 ', 'Madrid                       ', 'DE'),
('36010', 'Frutas Rey                         ', 'Mercamadrid / Crtra. de Villaverde ', 'Rey, Madrid                        ', 'a Vallecas km 38,8                 ', '', '28053 ', 'Madrid                       ', 'DE'),
('36011', 'Platanos Riego                     ', 'CIF: A-78240587                    ', 'Platanos Riego, Madrid             ', 'Mercamadrid Nave 5                 ', '', '28053 ', 'Madrid                       ', 'DE'),
('36012', 'Rheinische Früchtewelt             ', '                                   ', 'Rheinische Fruechtewelt, Meckenheim', 'Mühlgraber Str. 20                 ', '', '53340 ', 'Meckenheim                   ', 'DE'),
('36013', 'Viuda Y Hermanos de N.Rodriguez SA ', '                                   ', 'Rodriguez , Nicolas                ', 'Merca Bilbao Ptos. 214-216         ', '', '48970 ', 'Basauri (Bizkaia)            ', 'DE'),
('36014', 'ATP Rapid S.L.                     ', '                                   ', 'ATP Rapid S.L., Vva. Castellón (Val', 'Ctra. Sumarcar, 71                 ', '', '46270 ', 'Vva. Castellón (Valencia)    ', 'DE'),
('36015', 'Rouge Gourmand SARL                ', '                                   ', 'Rouge Gourmand SARL, La Douze      ', 'Lieu-dit: "La Tournerie"           ', '', '24330 ', 'La Douze                     ', 'DE');
INSERT INTO `customer` (`No`, `name`, `name_2`, `customer_short`, `street`, `street_2`, `PO_code`, `city`, `country_code`) VALUES
('36016', 'Fruchtimport Rosenbaum             ', '                                   ', 'Rosenbaum, Koeln                   ', 'Marktstr. 10                       ', '', '50968 ', 'Köln                         ', 'DE'),
('36017', 'Früchte Reich GmbH & Co. KG        ', '                                   ', 'Reich, Weinstadt-Struempfelbach    ', 'Berggasse 2                        ', '', '71384 ', 'Weinstadt-Strümpfelbach      ', 'DE'),
('36018', 'AS Rimi Eesti Food                 ', '                                   ', 'AS rimi Eesti Food, Harjumaa       ', 'Porguvälja tee 3,                  ', '', '75301 ', 'Harjumaa                     ', 'DE'),
('36019', 'SIA Rimi Lietuva                   ', '                                   ', 'SIA Rimi Lietuva, Vilnius, Lithuani', 'Savanoriu ave 16                   ', '', '03116 ', 'Vilnius, Lithuania           ', 'DE'),
('36020', 'SIA Rimi Latvia                    ', '                                   ', 'SIA Rimi Larvia, Latvia            ', 'A.Deglava Street 171               ', '', 'Riga-LV-1021 ', 'Latvia                ', 'DE'),
('36021', 'Spreafico Francesco e F.lli S.p.A. ', 'IT00348240136                      ', 'Spreafico, Milano                  ', 'Via Cesare Lombroso n.54           ', '', '20137 ', 'Milano                       ', 'DE'),
('36022', 'RIPE NOW Ltd.                      ', 'Kingsland farm                     ', 'RIPE NOW Ltd., Cambridgeshire PE7 2', '231 March Road                     ', '', 'Coates, ', 'Cambridgeshire PE7 2DE     ', 'DE'),
('36023', 'Riviera Sté                        ', '                                   ', 'Riviera Sté, Rungis Cedex          ', '93 Rue de Montpellier              ', '', '94622 ', 'Rungis Cedex                 ', 'DE'),
('36024', 'Leo Randerath                      ', 'Obstgrosshandel GmbH               ', 'Leo Randerath , Heinsberg          ', 'Ferdinand-Porsche-Strasse 7        ', '', '52525 ', 'Heinsberg                    ', 'DE'),
('36025', 'Rüther Fresh Food                  ', 'Josef Heinrich Rüther              ', 'Ruether Fresh Food, Erkelenz       ', 'Zur Feuerwache 3                   ', '', '41812 ', 'Erkelenz                     ', 'DE'),
('36026', 'Fruchthandel Rullkötter GmbH       ', '                                   ', 'Rullkoetter GmbH, Buende           ', 'Schnellweg 7                       ', '', '32257 ', 'Bünde                        ', 'DE'),
('36027', 'Rosenland Fruchtimport             ', '                                   ', 'Rosenland Fruchtimport, Moenchengla', 'Hanns-Martin-Schleyer-Str. 10      ', '', '41199 ', 'Mönchengladbach              ', 'DE'),
('37', 'Kaiser´s Tengelmann AG             ', 'Obst & Gemüse                      ', 'Kaiser´s NiederO (Viersen)         ', 'Am Giener 2                        ', '', '55268 ', 'Nieder-Olm                   ', 'DE'),
('37000', 'van der Staay B.V.                 ', '                                   ', 'van der Staay                      ', 'Venrayseweg 124 (H9)               ', '', '5928 ', 'RH Venlo                      ', 'DE'),
('37001', 'Spar-Handels-AG HH-D-M             ', 'ILN-Nr.: 4309572000002             ', 'Spar-Handels-AG HH-D-M, Schenefeld ', 'Osterbrooksweg 35-45               ', '', '22867 ', 'Schenefeld                   ', 'DE'),
('37002', 'Santo                              ', 'Fruchthandels GmbH                 ', 'Santo, Muenchen                    ', 'Thalkirchener Str. 81              ', '', '81371 ', 'München                      ', 'DE'),
('37003', 'SARL Subery Claude et  Fils SARL   ', 'FR-8240252603222                   ', 'Subery Claude et Fils, Rennes      ', 'BP 82059                           ', '', '35920 ', 'Rennes Cedex                 ', 'DE'),
('37004', 'Veysel Sanlialp                    ', '                                   ', 'Veysel Sanlialp, Duisburg          ', 'Eschenstraße 39                    ', '', '47055 ', 'Duisburg                     ', 'DE'),
('37005', 'S.A. SAPA                          ', 'FR 73390645372                     ', 'SAPA, Aiguillon                    ', 'Roudet                             ', '', '47190 ', 'Aiguillon                    ', 'DE'),
('37006', 'Ets Solanes                        ', 'FR.41320853732                     ', 'Solanes, Rungis                    ', '94, Avenue de Lovaine Bat E² Fr.132', '', '94512 ', 'Rungis                       ', 'DE'),
('37007', 'SAS SCOFEL                         ', 'PLF 830 A 075 Rognonas             ', 'SCOFEL SA, Rognonas                ', 'BP 10007 / FR 83312668692          ', '', '59718 ', 'Lille Cedex 9                ', 'DE'),
('37008', 'Système U Nord Quest               ', '                                   ', 'Système U, Carpiquet - Cedex       ', '14 Avenue de la Cote de Nacre      ', '', '14054 ', 'Caen Cedex 4                 ', 'DE'),
('37009', 'SAS SCOFEL                         ', 'PLF 829 A 074 Bordeaux             ', 'Scofel, Bordeaux Cedex             ', 'BP 10007                           ', '', '59718 ', 'Lille Cedex 9                ', 'DE'),
('37010', 'SO.BO.DIS                          ', '                                   ', 'SO.BO.DIS, Bordeaux                ', 'Min de Brienne - Cases 1           ', '', '33800 ', 'Bordeaux                     ', 'DE'),
('37011', 'Samson S.A.                        ', 'FR 43349132951                     ', 'Samson S.A., Rungis Cedex          ', 'Rue de Chateaurenard 17            ', '', '94572 ', 'Rungis Cedex                 ', 'DE'),
('37012', 'Scofel Lomme                       ', 'FR 83312668692                     ', 'Scofel,Lomme                       ', '1, Rue Jules Mousseron             ', '', '59160 ', 'Lomme                        ', 'DE'),
('37013', 'SAS SCOFEL                         ', 'PLF 830 A 173 Rungis               ', 'Scofel Rungis                      ', 'BP 10007                           ', '', '59718 ', 'Lille Cedex 9                ', 'DE'),
('37014', 'SAS SCOFEL                         ', 'PLF 830 A 098 Strasbourg           ', 'Scofel Strasbourg,Strasbourg       ', 'BP 10007 - FR 83312668692          ', '', '59718 ', 'Lille Cedex 9                ', 'DE'),
('37015', 'SAS SCOFEL                         ', 'PLF 830 A 097 Communay             ', 'Scofel, Communay                   ', 'BP 10007                           ', '', '59718 ', 'Lille Cedex 9                ', 'DE'),
('37016', 'SAS SCOFEL                         ', 'PLF 830 A 223 Tours                ', 'Scofel Tours                       ', 'BP 10007                           ', '', '59718 ', 'Lille Cedex 9                ', 'DE'),
('37017', 'Suhr´s Fruchtimport GmbH           ', '                                   ', 'Suhr´s Fruchtimport GmbH, Braunschw', 'Pippelweg 22                       ', '', '38118 ', 'Braunschweig                 ', 'DE'),
('37018', 'Salvignol                          ', '                                   ', 'Salvignol, Perpignan Cedex         ', 'M.I. St.Charles / BureauNo. 304    ', '', '66035 ', 'Perpignan Cedex              ', 'DE'),
('37019', 'S.Y.A.P.                           ', 'Bat. D 2 / Fruileg 249             ', 'SYAP, Rungis Cedex                 ', '38-42, Rue de Chateaurenard        ', '', '94582 ', 'Rungis Cedex                 ', 'DE'),
('37020', 'CLEMENT                            ', 'FR86958512444                      ', 'CLEMENT, 69297 Lyon                ', 'Marché Gare Bat. C 4               ', '', '69297 ', 'Lyon                         ', 'DE'),
('37021', 'Satar                              ', 'Bat. C 3, Fruileg 421              ', 'Satar, 94642 Rungis                ', 'Rue de Toulouse,                   ', '', '94642 ', 'Rungis                       ', 'DE'),
('37022', 'Sahin GmbH                         ', '                                   ', 'Sahin GmbH, Karlsruhe              ', 'Weinweg 43 - Grossmarkt            ', '', '76137 ', 'Karlsruhe                    ', 'DE'),
('37023', 'Hans Speidel GmbH                  ', '                                   ', 'Speidel GmbH, Frankfurt            ', 'Grossmarkthalle                    ', '', '60314 ', 'Frankfurt                    ', 'DE'),
('37024', 'SOLY-IMPORT                        ', 'Magazin12/13/14                    ', 'SOLY-IMPORT, 69297 Lyon            ', 'Marche Gare, Bât C2                ', '', '69297 ', 'Lyon                         ', 'DE'),
('37025', 'Silverfruits S.L.                  ', '                                   ', 'Silverfruits S.L., Mercabana Sector', 'Longitudinal 7 N 132               ', '', '08040 ', 'Mercabana Sector C           ', 'DE'),
('37026', 'Sud Primeurs Carcassonne           ', 'Z.I. Bouriette                     ', 'Sud Primeurs Carcassonne, Carcasson', 'All. Guttenberg                    ', '', '11000 ', 'Carcassonne                  ', 'DE'),
('37027', 'Walter Sahrhage GmbH               ', '                                   ', 'Sahrhage GmbH, Bielefeld           ', 'Oldentruper Str. 145               ', '', '33605 ', 'Bielefeld                    ', 'DE'),
('37028', 'S.A.S. SOVÈCOPÈ                    ', 'FR 69 330 479 213                  ', 'SOVÈCOPÈ, Nabirat                  ', 'Jean-Louis Planche                 ', '', '24250 ', 'Nabirat                      ', 'DE'),
('37029', 'SOPROM                             ', 'FR 27777308438                     ', 'SOPROM, Montpezat de Quercy        ', 'Station Fruitiere                  ', '', '82270 ', 'Montpezat de Quercy          ', 'DE'),
('37030', 'Safruits AG                        ', 'Fruchthandel Basel                 ', 'Safruits AG, Basel                 ', 'Aliothstrasse 32                   ', '', '4142 ', 'Münchenstein                  ', 'DE'),
('37031', 'SOLOR                              ', 'St. Charles                        ', 'SOLOR, Perpignan                   ', '89 Allee de Provence               ', '', '66000 ', 'Perpignan                    ', 'DE'),
('37032', 'Spar-Handels AG                    ', '                                   ', 'Spar-Handels AG, Flensburg         ', 'Schleswiger Str. 103               ', '', '24941 ', 'Flensburg                    ', 'DE'),
('37033', 'Heinrich Süsens GmbH & Co.         ', '                                   ', 'Suesens GmbH & Co., Bremen         ', 'Am Waller Freihafen 1              ', '', '28217 ', 'Bremen                       ', 'DE'),
('37034', 'Stute                              ', 'Nahrungsmittelwerke GmbH & Co. KG  ', 'Stute, Paderborn                   ', 'Halberstädter Str. 60              ', '', '33106 ', 'Paderborn                    ', 'DE'),
('37035', 'Sica - Sicodis                     ', 'Dépositaire Marque Sicoly          ', 'Sicodis, Saint-Laurent-D´Agny      ', '475, Route de Mornant              ', '', '69440 ', 'Saint-Laurent-D´Agny         ', 'DE'),
('37036', 'SAS SCOFEL                         ', 'PLF 830 A 127 Libercourt           ', 'Scofel Libercourt                  ', 'BP 10007                           ', '', '59718 ', 'Lille Cedex 9                ', 'DE'),
('37037', 'Sud Contact                        ', 'Parc Delta - Route d´Arles         ', 'Sud Contact, Bouillargues          ', 'RN 113 - KM 4.5                    ', '', '30230 ', 'Bouillargues                 ', 'DE'),
('37038', 'Jose Lujan Serrano                 ', '                                   ', 'Serrano, 30120 El Palmar/Murcia    ', 'Ctra. De Mazarron KM 2 Pto.35      ', '', '30120 ', 'El Palmar/Murcia             ', 'DE'),
('37039', 'Sanlucar Fruit Sociedad Limitida   ', 'B-96128590                         ', 'Sanlucar Fruits Sociedad Limitida  ', 'Calle Serra Llarga 24              ', '', '46530 ', 'Pucol                        ', 'DE'),
('37040', 'Socatra                            ', 'FR37712620079                      ', 'Socatra,                           ', '1130, avenue de Lancon             ', '', '84400 ', 'APT                          ', 'DE'),
('37041', 'Nelleke Stubenbordt                ', 'Gemüsehandel                       ', 'Nelleke Stubenbordt, Zeiskam/Pfalz ', 'Hortulanushof                      ', '', '67378 ', 'Zeiskam/Pfalz                ', 'DE'),
('37042', 'Sonnenfrucht                       ', 'Obst- und                          ', 'Sonnenfrucht, Berlin               ', 'Beusselstraße 44 n-q               ', '', '10997 ', 'Berlin                       ', 'DE'),
('37043', 'Selection Fruits                   ', '                                   ', 'Selection Fruits, Nadaillac        ', 'Rouves                             ', '', '24590 ', 'Nadaillac                    ', 'DE'),
('37044', 'Selection ETS                      ', '                                   ', 'Selection ETS, Rungis Cedex        ', '36 Rue d`Angers - BAT A3           ', '', '94584 ', 'Rungis Cedex                 ', 'DE'),
('37045', 'Slomp Renzo & Luciano              ', '                                   ', 'Slomp, Lavis (TN)                  ', 'Via Paganella 79                   ', '', '38015 ', 'Lavis (TN)                   ', 'DE'),
('37046', 'Special Fruit NV                   ', '                                   ', 'Special Fruit NV, Meer             ', 'De Wenenstraat 6                   ', '', '2321 ', 'Meer                          ', 'DE'),
('37047', 'So ein Früchtchen                  ', 'Torsten Behnke                     ', 'So ein Fruechtchen, Waren (Mueritz)', 'Warendorfer Str. 20                ', '', '17192 ', 'Waren (Müritz)               ', 'DE'),
('37048', 'Surberry S.L.                      ', 'ESB21544671                        ', 'Surberry S.L., Huelva              ', 'C/Lentisco 3 / Office 25           ', '', 'E-21001 ', 'Huelva                     ', 'DE'),
('37506', 'Faure, Jessy                       ', '                                   ', 'Faure, Jessy, Le Pian Médoc        ', '44, Allée de Cénéjac               ', '', '33290 ', 'Le Pian Médoc                ', 'DE'),
('37507', 'Sartori                            ', '                                   ', 'Sartori, Padova                    ', 'Corso STATI UNITI 50 Int. 3/4/5/6  ', '', '35127 ', 'Padova                       ', 'DE'),
('37508', 'SVZ International B.L.             ', '                                   ', 'SVZ International B.L., AA Etten Le', 'Oude Kerkstraat 8 / P.O. Box 27    ', '', 'NL-4870 ', 'AA Etten Leur              ', 'DE'),
('37509', 'Solédor SAS                        ', 'ZA Michelon - BP 114               ', 'Solédor                            ', '70 Rue Michel Montaigne            ', '', '47203 ', 'Marmande Cédex               ', 'DE'),
('37510', 'Johann Seubert GmbH & Co. KG       ', '                                   ', 'Seubert, Nuernberg                 ', 'Kohlenplatte 2                     ', '', '91077 ', 'Hetzles                      ', 'DE'),
('37511', 'Sofruce                            ', 'Niederlassung Verona               ', 'Sofruce,Verona                     ', 'Via Sommacampagna 63 d/e           ', '', '37137 ', 'Verona                       ', 'DE'),
('37512', 'Solfruit Iberica                   ', '                                   ', 'Solfruit Iberica, Mercabarna-Barcel', 'Calle major 75, Despatx 1          ', '', '08040 ', 'Mercabarna-Barcelona         ', 'DE'),
('37513', 'Solfruit GmbH                      ', 'Fruchthandels-Agentur              ', 'Solfruit GmbH, Hochdorf            ', 'Neuffenweg 1                       ', '', '73269 ', 'Hochdorf                     ', 'DE'),
('37514', 'Süzen Früchte                      ', '                                   ', 'Suezen Fruechte, Stuttgart         ', 'Großmarkt Halle 1                  ', '', '70327 ', 'Stuttgart                    ', 'DE'),
('37515', 'Le Squale S.A.R.L.                 ', 'Almacen blancher                   ', 'Le Squale S.A.R.L., Perpignan      ', 'Rue de Londres                     ', '', '66034 ', 'Perpignan                    ', 'DE'),
('37516', 'Berryfarm Sil Moonen BV            ', '                                   ', 'Sil Moonen BV, AH Roggel           ', 'Mortel 27                          ', '', '6088 ', 'AH Roggel                     ', 'DE'),
('37517', 'Solleveld Export b.v.              ', '                                   ', 'Solleveld Export b.v., LM Maasdijk ', 'Transportweg 45                    ', '', '2676 ', 'LM Maasdijk                   ', 'DE'),
('37518', 'Michal Simek s.r.o.                ', 'CZ26500248                         ', 'Simek s.r.o., Praha 5              ', 'K. Radotínu 492                    ', '', '15600 ', 'Praha 5                      ', 'DE'),
('37519', 'Sultar GmbH                        ', '                                   ', 'Sultar GmbH, Muenchen              ', 'Schäftlarnstraße 10                ', '', '81371 ', 'München                      ', 'DE'),
('37520', 'Sandford & Belfast                 ', 'VAT215028250                       ', 'Sandford & Belfast ,Edingburg      ', '2,5 St Vincent Street              ', '', 'Edinburgh ', '                         ', 'DE'),
('38', 'Kaiser´s Tengelmann AG             ', 'Obst & Gemüse                      ', 'Kaiser´s Berlin (Viersen)          ', 'Ringstraße 24                      ', '', '12105 ', 'Berlin                       ', 'DE'),
('38501', 'Th. Schreurs GmbH & Co. KG         ', '                                   ', 'Schreurs GmbH & Co. KG, Duesseldorf', 'Großmarkt                          ', '', '40468 ', 'Düsseldorf                   ', 'DE'),
('38502', 'J. Schröder GmbH & Co KG           ', 'Fruchtimport                       ', 'Schroeder GmbH & Co KG, Frankfurt  ', 'Josef-Eicher-Strasse 10            ', '', '60437 ', 'Frankfurt                    ', 'DE'),
('38503', 'Schroeder, Peter                   ', '                                   ', 'Schroeder, Peter                   ', 'Alte Kemmerhofstr. 197             ', '', '47802 ', 'Krefeld                      ', 'DE'),
('38504', 'Raimund Schliephake                ', '                                   ', 'Schliephake, Boehme                ', 'Altenwahlingen 60                  ', '', '29693 ', 'Böhme                        ', 'DE'),
('38507', 'VOG                                ', '                                   ', 'VOG, Loebichau                     ', 'An der Römerbrücke 17              ', '', '66121 ', 'Saarbrücken                  ', 'DE'),
('38508', 'Hannelore Schywek                  ', '                                   ', 'Schywek, Oberhausen                ', 'Vestische Straße 60                ', '', '46117 ', 'Oberhausen                   ', 'DE'),
('38509', 'Schneider GmbH & Co.               ', 'Fruchtimport KG                    ', 'Schneider GmbH & Co., Bad Mari     ', 'Marienberger Str. 10               ', '', '56470 ', 'Bad Marienberg               ', 'DE'),
('38510', 'Schüssler Herbert                  ', 'Obst und Gemüse                    ', 'Schuessler, Essen                  ', 'Lützowstr. 26                      ', '', '45141 ', 'Essen                        ', 'DE'),
('38511', 'Schulz Stefan                      ', 'Süßmost- und Weinkelterei          ', 'Schulz, Diesdorf / Altmark         ', 'Bergstr. 1                         ', '', '29413 ', 'Diesdorf / Altmark           ', 'DE'),
('38523', 'Scherpenhuizen                     ', 'NL810603202B01                     ', 'Scherpenhuizen, LM Veldhoven       ', ' P.O. Box 80                       ', '', '5500 ', 'AB Veldhoven                  ', 'DE'),
('38524', 'Schwabfrucht GmbH & Co. KG         ', '                                   ', 'Schwabfrucht GmbH & Co. KG, Buseck ', 'Kasseler Str. 3                    ', '', '35418 ', 'Buseck                       ', 'DE'),
('38525', 'GREEN! die gemüsemanufaktur        ', 'Frank Scholten e.K.                ', 'Scholten GmbH, Duisburg            ', 'Auf der Höhe 10                    ', '', '47059 ', 'Duisburg                     ', 'DE'),
('38526', 'Schwenk Natur Produkte s.r.o       ', '                                   ', 'Schwenk , Zatec                    ', 'Horetice 2                         ', '', '43801 ', 'Zatec                        ', 'DE'),
('38527', 'Schwartauer Werke GmbH & Co. KGaA  ', '                                   ', 'Schwartauer Werke, Bad Schwartau   ', 'Lübecker Str. 49-55                ', '', '23611 ', 'Bad Schwartau                ', 'DE'),
('38528', 'SanLucar Vertrieb Deutschland GmbH ', '                                   ', 'SanLucar, Ettlingen                ', 'Zeppelinstr. 6                     ', '', '76275 ', 'Ettlingen                    ', 'DE'),
('38529', 'SanLucar Obst-&Gemüse Handels GmbH ', 'ATU 54153106                       ', 'SanLucar , Ebreichsdorf            ', 'Sanlucar-Platz 1                   ', '', '2483 ', 'Ebreichsdorf                  ', 'DE'),
('39', 'Netto Bottrop                      ', 'RE-ILN 4316268120005               ', 'NETTO Bottrop                      ', 'Weusterstraße 4                    ', '', '46240 ', 'Bottrop                      ', 'DE'),
('40', 'Netto Hamm                         ', 'RE-ILN 4316268110006               ', 'NETTO Hamm-Rhynern                 ', 'Oberster Kamp 16                   ', '', '59069 ', 'Hamm-Rhynern                 ', 'DE'),
('400010', 'Union Primeurs                     ', '                                   ', 'Union Primeurs,Rungis              ', '69 Rue d`Agen - Fruileg 627        ', '', 'Rungis ', '                            ', 'DE'),
('40002', 'Carsten Schütz                     ', 'Früchte-Farm                       ', 'Schuetz, Essen                     ', 'Lützowstr. 30                      ', '', '45141 ', 'Essen                        ', 'DE'),
('40003', 'Steinwedel                         ', 'Fruchtgroßhandel Berlin GmbH       ', 'Steinwedel, Berlin                 ', 'Beusselstr. 44n-q                  ', '', '10553 ', 'Berlin                       ', 'DE'),
('40004', 'Paul Schmitz                       ', '                                   ', 'Schmitz, Xanten                    ', 'Rheinallee 22                      ', '', '46508 ', 'Xanten                       ', 'DE'),
('40005', 'Udo Stemmler                       ', '                                   ', 'Stemmler, Duesseldorf              ', 'Ulmenstraße 275                    ', '', '40468 ', 'Düsseldorf                   ', 'DE'),
('40006', 'Obsthandel Steinhauser GmbH        ', '                                   ', 'Steinhauser GmbH, Meckenbeuren     ', 'Habacht 3                          ', '', '88074 ', 'Meckenbeuren                 ', 'DE'),
('40007', 'Starfas "Star-Fruit" Export-Import ', 'ID-Nr.: EL 094226800               ', 'Starfas "Star-Fruit", Korinth      ', 'Tarsina                            ', '', '20002 ', 'Korinth                      ', 'DE'),
('40008', 'E.u.J. Strobl GmbH                 ', 'ATU18144201                        ', 'E.u.J. Strobl GmbH, Wien-Inzersdorf', 'Grossmarkt                         ', '', '1230 ', 'Wien-Inzersdorf               ', 'DE'),
('40009', 'Stapf GmbH & Co. KG                ', '                                   ', 'Stapf, Frankfurt                   ', 'Josef-Eichler-Straße 10            ', '', '60437 ', 'Frankfurt                    ', 'DE'),
('40010', 'Union Primeurs                     ', '                                   ', 'Union Primeurs,Rungis              ', '69 Rue d`Agen - Fruileg 627        ', '', 'Rungis ', '                            ', 'DE'),
('40011', 'UNAPA                              ', '                                   ', 'UNAPA, 44261 NANTES                ', 'Min. Cases 14 á 18 NORD            ', '', '44261 ', 'NANTES                       ', 'DE'),
('40012', 'Univeg Import Italia SRL           ', 'P.Iva: IT 01986850236              ', 'Univeg, Verona                     ', 'Via Cà di Cozzi no. 41             ', '', '37124 ', 'Verona ( Italia )            ', 'DE'),
('40013', 'Gebr. von der Stein GmbH           ', '                                   ', 'Gebr. von der Stein GmbH , Essen   ', 'Adelkampstr. 68                    ', '', '45147 ', 'Essen                        ', 'DE'),
('40014', 'SAPROS                             ', 'Küchenfertige Salate & Gemüse GmbH ', 'SAPROS Handels- und , Ilsfeld      ', 'Bustadt 37                         ', '', '74360 ', 'Ilsfeld                      ', 'DE'),
('41', 'Netto Kerpen                       ', 'RE-ILN 4316268130004               ', 'NETTO Kerpen                       ', 'Röntgenstr. 70-74                  ', '', '50169 ', 'Kerpen                       ', 'DE'),
('41501', 'Tekin GmbH                         ', '                                   ', 'Tekin GmbH, Dortmund               ', 'Heiliger Weg 60                    ', '', '44135 ', 'Dortmund                     ', 'DE'),
('41502', 'Therme Jacques                     ', 'FR-39321347817                     ', 'Therme Jacques, Lyon Cedex 02      ', 'Marche de Gros, Batiment C4        ', '', '69297 ', 'Lyon Cedex 02                ', 'DE'),
('41503', 'Thellier                           ', 'FR17713820512                      ', 'Thellier, Caen                     ', 'Marché de Gros Cardiff             ', '', '14000 ', 'Caen                         ', 'DE'),
('41504', 'Tunc Fruchtimport GmbH             ', '                                   ', 'Tunc Fruchtimport GmbH, Wuppertal  ', 'Benrather Straße 35                ', '', '42115 ', 'Wuppertal                    ', 'DE'),
('41505', 'Transports Transcosatal            ', '                                   ', 'Transcosatal, Perpignan Cedex      ', 'Z.I. St. Charles / B.P. 5436       ', '', '66034 ', 'Perpignan Cedex              ', 'DE'),
('41506', 'Torti Frutta                       ', 'IT 01620360063                     ', 'Torti Frutta, Milano               ', 'Via Lambroso 54                    ', '', '20137 ', 'Milano                       ', 'DE'),
('41507', 'Tesi                               ', 'Mercato Ortofrutticolo             ', 'Tesi, Florence                     ', 'Di Novoli Stand 92/93              ', '', '50127 ', 'Florence                     ', 'DE'),
('41508', 'Rainer Treffler                    ', '                                   ', 'Treffler, Xanten                   ', 'Düsterfeld 18                      ', '', '46509 ', 'Xanten                       ', 'DE'),
('41510', 'Tengelmann Fruta Espana, S.L.      ', 'DE 812285319                       ', 'Tengelmann Fruta Espana            ', 'Aptado. correos 22                 ', '', '46440 ', 'Almusafes (Valencia)         ', 'DE'),
('41511', 'Terre de Fruits Impex S.A.S.       ', 'FR14451398069                      ', 'Terre de Fruits Impex, Chevilly Lar', '45 rue d`Avignon                   ', '', '94574 ', 'Rungis Cedex                 ', 'DE'),
('41515', 'Tengelmann Frutta Italia           ', '                                   ', 'Tengelmann Frutta Italia, Firenze  ', 'Piazza Artom, c/o Mercafir - A12   ', '', '50127 ', 'Firenze                      ', 'DE'),
('41517', 'R. Toy Food & Fruit GmbH           ', '                                   ', 'Toy Food & Fruit GmbH, Hattingen   ', 'Blankensteiner Str. 70             ', '', '45527 ', 'Hattingen                    ', 'DE'),
('41518', 'Trias S.A.                         ', 'FR68781804919                      ', 'Trias S.A., Bordeaux Cedex         ', 'MIN de Brienne / BP 55             ', '', '33076 ', 'Bordeaux Cedex               ', 'DE'),
('41519', 'Tourraine Primeurs                 ', '                                   ', 'Tourraine Primeurs                 ', 'Marché de Gros Rochepinard         ', '', '37000 ', 'Tours                        ', 'DE'),
('41520', 'Teboza B.V.                        ', 'NL-804633654-B01                   ', 'Teboza B.V., NW Helden             ', 'Zandberg 15                        ', '', '5988 ', 'NW Helden                     ', 'DE'),
('41521', 'TARGBAN SPOLKA Z OGRANICZONA       ', 'VAT5222504910                      ', 'TARG-BAN                           ', 'ul. Poznanska 630                  ', '', '05-860 ', 'Plochocin                   ', 'DE'),
('41522', 'TORINO FRUTTA                      ', 'Giuseppe E C                       ', 'TORINO FRUTTA                      ', '30 Str del Portone                 ', '', '10095 ', 'Grugliasco                   ', 'DE'),
('41523', 'Tecno G 16 SRL                     ', 'P.IVA: IT 08007220018              ', 'Tecno G 16 SRL, Grugliasco TO      ', 'Str. Del Portone 30                ', '', '10095 ', 'Grugliasco TO                ', 'DE'),
('41524', 'Triofrugt ApS                      ', 'DK20047593                         ', 'Triofrugt ApS, Tilst               ', 'Blomstervej 60                     ', '', '8381 ', 'Tilst                         ', 'DE'),
('41525', 'TÜRKO Lebensmittel, Obst-          ', 'und Gemüse-Großhandel GmbH         ', 'Tuerko, Gelsenkirchen              ', 'Wickingstr. 25                     ', '', '45886 ', 'Gelsenkirchen                ', 'DE'),
('41526', 'TIWA Markt GmbH                    ', '                                   ', 'TIWA Markt GmbH, Bad Oeynhausen    ', 'Alter Rehmer Weg 8-12              ', '', '32547 ', 'Bad Oeynhausen               ', 'DE'),
('41527', 'Titbit, s.r.o.                     ', '                                   ', 'Titbit, s.r.o., Praha 8            ', 'Pobrezni 16/18                     ', '', '18600 ', 'Praha 8                      ', 'DE'),
('41528', 'F.lli Tesi Andrea e Alberto Srl    ', '                                   ', 'Tesi, Firenze                      ', 'Piazza Atrom Stand 14-15           ', '', '50127 ', 'Firenze                      ', 'DE'),
('41530', 'T.E.F GmbH                         ', 'Warengroßhandel & Logistik         ', 'TEF GmbH, Hamm                     ', 'Hammerstr. 91                      ', '', '59075 ', 'Hamm                         ', 'DE'),
('42', 'Netto Verden                       ', 'RE-ILN 4316268140003               ', 'NETTO Verden                       ', 'Max-Planck-Str. 104                ', '', '27283 ', 'Verden                       ', 'DE'),
('43', 'Netto Wörth am Rhein               ', 'RE-ILN 4316268200004               ', 'NETTO Woerth am Rhein              ', 'Am Oberwald 17                     ', '', '76744 ', 'Wörth am Rhein               ', 'DE'),
('43001', 'UNIVEG Fruit Trade Hamburg         ', 'ZN der UNIVEG HG GmbH              ', 'UNIVEG Hamburg                     ', 'Oberhafenstr. 1                    ', '', '20097 ', 'Hamburg                      ', 'DE'),
('43002', 'Hof Umberg                         ', '                                   ', 'Umberg, Bottrop-Kirchhellen        ', 'Overhagener Feld 10                ', '', '46244 ', 'Bottrop-Kirchhellen          ', 'DE'),
('43003', 'UDEA BV                            ', 'NL807671733B01                     ', 'UDEA BV, TD Veghel                 ', 'Doornhoek 4040                     ', '', '05465 ', 'TD Veghel                    ', 'DE'),
('43004', 'Frutas Hnos. Uriarte S.L.          ', 'B01254721                          ', 'Uriarte, 01015 Vitoria-Gasteiz     ', 'C/Zaroa, No3 Bajo Pabellón B-2     ', '', '01015 ', 'Vitoria-Gasteiz              ', 'DE'),
('43005', 'UNIVEG Duisburg                    ', 'ZN der UNIVEG Deutschland GmbH     ', 'UNIVEG Duisburg                    ', 'Am Churkamp 20                     ', '', '47059 ', 'Duisburg                     ', 'DE'),
('43006', 'Uniprim                            ', '                                   ', 'Uniprim, Marseilles Cedex 14       ', 'Case 425 - M.I.N. des Arnavaux     ', '', '13323 ', 'Marseilles Cedex 14          ', 'DE'),
('43007', 'Univeg Trade Benelux BV            ', 'DE120070404                        ', 'Univeg Trade Benelux BV, RG Waddinx', 'Nijversheidsweg 4                  ', '', '2742 ', 'RG Waddinxveen                ', 'DE'),
('43008', 'UNIVEG München                     ', 'Zweigniederl.der UNIVEG            ', 'UNIVEG Muenchen, Muenchen          ', 'Oberländer Str. 2                  ', '', '81371 ', 'München                      ', 'DE'),
('44', 'Netto Tuningen                     ', '                                   ', 'NETTO Tuningen, Tuningen           ', 'Vor dem Haldenwald                 ', '', '78609 ', 'Tuningen                     ', 'DE'),
('44501', 'Vöhringer                          ', 'Früchtegroßhandel                  ', 'Voehringer, Oberteuringen          ', 'Nelkenstr. 21                      ', '', '88094 ', 'Oberteuringen                ', 'DE'),
('44502', 'Aqui Fruit & Greens BV             ', 'NL 80 68 68 648 B 01               ', 'Vegex                              ', 'ZON Fresh Park Venrayseweg 116 A ', '', '5928 ', 'RH Venlo                      ', 'DE'),
('44503', 'SARL VICO                          ', 'FR-60562034215                     ', 'VICO, Rungis-Cedex                 ', 'Avenue de Bourgogne, BAT A 3       ', '', '94592 ', 'Rungis-Cedex                 ', 'DE'),
('44504', 'Voltolini Mauro SRL                ', 'Mercato Ortofrutticolo             ', 'Voltolini Mauro SRL, Brescia       ', 'Via Orzinuovi, 82                  ', '', '25125 ', 'Brescia                      ', 'DE'),
('44505', 'NV Vergro                          ', '                                   ', 'Vergro, Meulebeke (Belgien)        ', 'Veldstraat 3                       ', '', '8760 ', 'Meulebeke (Belgien)           ', 'DE'),
('44506', 'Villafrut S.R.L.                   ', '                                   ', 'Villafrut S.R.L., Villafontana     ', 'Via Villafontana 253               ', '', '37050 ', 'Bovolone                     ', 'DE'),
('44507', 'VVISS a.s. Centrala CR             ', 'CZ699001133                        ', 'VVISS a.s., 00 Praha 9             ', 'Kolma 5/597                        ', '', '190 ', '00 Praha 9                     ', 'DE'),
('44508', 'Visofruits S.L.                    ', '                                   ', 'Visofruits S.L.,Lleida             ', 'Mercat Central Modulo Numero 5     ', '', 'Lleida ', '                            ', 'DE'),
('44509', 'Vinas S.A.                         ', 'FR 92301188454                     ', 'Vinas S.A., Rungis Cedex           ', '45 Rue d´Avignon, Fruileg 40677    ', '', '94574 ', 'Rungis Cedex                 ', 'DE'),
('44510', 'S.A.S. Vigier - Shirley            ', 'Fruilieg 528                       ', 'Vigier, Rungis                     ', '99 Avenue Lyonnais                 ', '', '94571 ', 'Rungis Cedex                 ', 'DE'),
('44511', 'Peter Vetter GmbH                  ', '                                   ', 'Vetter, Kehl                       ', 'Am Yachthafen 2                    ', '', '77694 ', 'Kehl                         ', 'DE'),
('44512', 'Viuda y Hnos. Rodriguez, S.A.      ', 'Mercabilbao, puestos 316-318-320   ', 'Viuda y Hnos. Rodriguez, S.A., Basa', '                                   ', '', '48970 ', 'Basauri (Vizcaya)            ', 'DE'),
('44513', 'Vehox s.r.o.                       ', '                                   ', 'Vehox s.r.o., Puchov               ', 'Kukucinova 1305                    ', '', '02001 ', 'Puchov                       ', 'DE'),
('44514', 'Victoria SARL                      ', 'FR57439271693                      ', 'Victoria SARL, Marseilles Cedex 14 ', '423 Min des Arnavaux               ', '', '13323 ', 'Marseilles Cedex 14          ', 'DE'),
('44515', 'Vital Berry GmbH                   ', '                                   ', 'Vital Berry GmbH, Wesseling        ', 'Urfelder Str. 65                   ', '', '50389 ', 'Wesseling                    ', 'DE'),
('44516', 'Varesco Trading S.R.L.             ', '                                   ', 'Varesco trading GmbH, Montan       ', 'St. Bartholomäus Str. 28           ', '', '39050 ', 'Montan                       ', 'DE'),
('44517', 'Berryworld Europe b.v.             ', '                                   ', 'Berryworld Europe b.v., PM Made    ', 'Schanseind 16                      ', '', '4921 ', 'PM Made                       ', 'DE'),
('44518', 'Valade                             ', '                                   ', 'Valade, Lubersac                   ', 'Zone du Verdier                    ', '', '19210 ', 'Lubersac                     ', 'DE'),
('44519', 'SARL Vidal                         ', '                                   ', 'Vidal, La Douze                    ', 'Les Pradelles                      ', '', '24330 ', 'La Douze                     ', 'DE'),
('44520', 'Vugar Fruit Sp. z o.o.             ', 'NP 797-201-89-88                   ', 'Vugar Fruit, 05-600 Grojec         ', 'ul. Mogielnicka 28                 ', '', '05-600 ', 'Grojec                      ', 'DE'),
('44521', 'Vivafrais Sarl                     ', 'FR01539963462                      ', 'Vivafrais Sarl, Lacropte           ', 'La Chatronnie                      ', '', '24380 ', 'Lacropte                     ', 'DE'),
('45', 'Netto Nürnberg                     ', '                                   ', 'NETTO Nuernberg                    ', 'Breslauer Straße 366               ', '', '90471 ', 'Nürnberg-Langwasser          ', 'DE'),
('46', 'Netto Berlin                       ', '                                   ', 'NETTO Berlin                       ', 'Arkenberger Damm 1                 ', '', '13127 ', 'Berlin                       ', 'DE'),
('46001', 'Leo Wefers GmbH                    ', '                                   ', 'Wefers Leo GmbH, Duisburg          ', 'Auf der Höhe 10 / Großmarkt        ', '', '47059 ', 'Duisburg                     ', 'DE'),
('46002', 'Werder-Frucht GmbH                 ', '                                   ', 'Werder-Frucht                      ', 'Am Frucht und Frachthof 6          ', '', '14550 ', 'Groß Kreutz                  ', 'DE'),
('46003', 'Josef Weitz Früchte + Landprodukte ', 'Großhandelsgesellschaft mbH        ', 'Weitz , Duisburg                   ', 'Am Lindentor 7a                    ', '', '47259 ', 'Duisburg                     ', 'DE'),
('46004', 'Wittenberg Fruchthandels GmbH      ', '                                   ', 'Wittenberg Fruchthandels GmbH, Dues', 'Grossmarkt                         ', '', '40468 ', 'Düsseldorf                   ', 'DE'),
('46005', 'Hans A. Wüst GmbH                  ', '                                   ', 'Wuest GmbH, Lambsheim              ', 'Eulerweg 21                        ', '', '67245 ', 'Lambsheim                    ', 'DE'),
('46006', 'Waldnieler Fruchtsaft GmbH         ', '                                   ', 'Waldnieler Fruchtsaft GmbH         ', 'Berg 49                            ', '', '41366 ', 'Schwalmtal                   ', 'DE'),
('46007', 'G. Zimmermann GmbH & Co.KG         ', '                                   ', 'Zimmermann Koeln                   ', 'Grossmarkthalle                    ', '', '50968 ', 'Köln (Bayenthal)             ', 'DE'),
('46008', 'Fruchtimport van Wylick GmbH       ', '                                   ', 'van Wylick GmbH, Chemnitz          ', 'Hermann-Pöge-Str. 17               ', '', '09120 ', 'Chemnitz                     ', 'DE'),
('46009', 'Weber                              ', 'Fruchtsaftkelterei Betriebs GmbH   ', 'Weber, Hoehr-Grenzhausen           ', 'Mittelstr. 11                      ', '', '56203 ', 'Höhr-Grenzhausen             ', 'DE'),
('46010', 'Herbert Widmann GmbH               ', '                                   ', 'Widmann,Muenchen                   ', 'Schäftlarnstr. 10                  ', '', '81371 ', 'München                      ', 'DE'),
('46011', 'Fruchtimport van Wylick GmbH       ', '                                   ', 'van Wylick GmbH, Essen             ', 'Lützowstr. 26c                     ', '', '45141 ', 'Essen                        ', 'DE'),
('46012', 'Fruchtimport van Wylick GmbH       ', '                                   ', 'van Wylick GmbH, Leipzig           ', 'Zum Frischemarkt 1 a               ', '', '04158 ', 'Leipzig                      ', 'DE'),
('46013', 'Fruchtimport van Wylick GmbH       ', 'Großmarkt                          ', 'van Wylick GmbH, Nuernberg         ', 'Leyher Str. 113                    ', '', '90431 ', 'Nürnberg                     ', 'DE'),
('46014', 'Fruchtimport van Wylick GmbH       ', '                                   ', 'van Wylick GmbH Zentrale           ', 'Rather Str. 25                     ', '', '40476 ', 'Düsseldorf                   ', 'DE'),
('46015', 'Fruchtimport van Wylick GmbH       ', 'Niederlassung Dresden              ', 'van Wylick GmbH, Dresden           ', 'Spitzhausstrasse 74                ', '', '01139 ', 'Dresden                      ', 'DE'),
('46016', 'Fruchtimport van Wylick GmbH       ', '                                   ', 'van Wylick GmbH, Koeln             ', 'Marktstr. 10                       ', '', '50968 ', 'Köln                         ', 'DE'),
('46017', 'Fruchtimport van Wylick GmbH       ', 'Großmarkt                          ', 'van Wylick GmbH, Dortmund          ', 'Heiliger Weg 60                    ', '', '44135 ', 'Dortmund                     ', 'DE'),
('46018', 'Richard Kösters                    ', 'Inh. Monika Willems E.K.           ', 'Richard Koesters, Essen            ', 'Lützowstraße 26                    ', '', '45141 ', 'Essen                        ', 'DE'),
('46019', 'Fruchtimport van Wylick GmbH       ', 'Großmarkt                          ', 'van Wylick GmbH, Duesseldorf       ', 'Ulmenstr. 275                      ', '', '40468 ', 'Düsseldorf                   ', 'DE'),
('46020', 'Weiling GmbH                       ', '                                   ', 'Weiling GmbH, Coesfeld             ', 'Erlenweg 134                       ', '', '48653 ', 'Coesfeld                     ', 'DE'),
('46021', 'Weiling GmbH                       ', '                                   ', 'Weiling GmbH, Lonsee-Luizhausen    ', 'Erlenweg 2                         ', '', '89173 ', 'Lonsee-Luizhausen            ', 'DE'),
('46022', 'Wilhelm Weitz Gartenbau            ', '                                   ', 'Weitz Gartenbau, Duesseldorf       ', 'Aderkirchweg 10                    ', '', '40221 ', 'Düsseldorf                   ', 'DE'),
('46023', 'Otto Weihe                         ', 'Früchte u. Salate KG               ', 'Weihe, Otto, Berlin                ', 'Beusselstr. 44 N-Q                 ', '', '10553 ', 'Berlin                       ', 'DE'),
('46024', 'Rolf Wreesmann GmbH + Co.KG        ', 'Kaufhaus                           ', 'Rolf Wreesmann GmbH + Co.KG, Ostrha', 'Im Gewerbegebiet 2a                ', '', '26842 ', 'Ostrhauderfehn               ', 'DE'),
('46025', 'Weiss Fruchtimport GmbH            ', '                                   ', 'Weiss Fruchtimport GmbH, Berlin    ', 'Beusselstraße                      ', '', '10553 ', 'Berlin                       ', 'DE'),
('46026', 'Fruchtimport van Wylick GmbH       ', '                                   ', 'van Wylick GmbH, Muenchen          ', 'Bauernbräuweg 1                    ', '', '81369 ', 'München                      ', 'DE'),
('46027', 'Gustav Wegener & Sohn GmbH & Co. KG', '                                   ', 'Wegener, Jork                      ', 'Buxtehuder Str. 50-52              ', '', '21635 ', 'Jork                         ', 'DE'),
('46028', 'Walmar                             ', 'PL5360013390                       ', 'Walmar, 05-120 Legionowo           ', 'ul. gen.J.Sowienskiego 8 lok.48    ', '', '05-120 ', 'Legionowo                   ', 'DE'),
('46029', 'Fruchtimport van Wylick GmbH       ', '                                   ', 'van Wylick GmbH, Berlin            ', 'Beusselstr. 44 n-q                 ', '', '10553 ', 'Berlin                       ', 'DE'),
('46030', 'Ralf Wisser GmbH                   ', 'DE814911111                        ', 'Wisser GmbH, Frankfurt/Main        ', 'Josef-Eicher-Str. 10               ', '', '60437 ', 'Frankfurt/Main               ', 'DE'),
('46031', 'Wirth & Co. GmbH                   ', '                                   ', 'Wirth & Co. GmbH, Stuttgart        ', 'Langenwiesenweg 32 F               ', '', '70327 ', 'Stuttgart                    ', 'DE'),
('46032', 'Naturkost Ernst Weber GmbH         ', '                                   ', 'Naturkost Ernst Weber GmbH, Muenche', 'Schäftlarnstr. 10                  ', '', '81371 ', 'München                      ', 'DE'),
('46033', 'Weyers GmbH                        ', 'NL801907500B01                     ', 'Weyers GmbH, Weeze                 ', 'Niederhelsum 12                    ', '', '47652 ', 'Weeze                        ', 'DE'),
('46034', 'Wilko Fruits b.v.                  ', '                                   ', 'Wilko Fruits b.v., RA Breda        ', 'Int. Agro Business Center 5212     ', '', '4814 ', 'RA Breda                      ', 'DE'),
('46035', 'Wasgau Produktions & Handels AG    ', 'GLN 4388390000005                  ', 'Wasgau, Pirmasens                  ', 'Blocksbergstr. 183                 ', '', '66955 ', 'Pirmasens                    ', 'DE'),
('46036', 'Franz Wunderlich GmbH              ', '                                   ', 'Wunderlich GmbH, Karlstein Thaya   ', 'Obergrünbach 38                    ', '', '3822 ', 'Karlstein Thaya               ', 'DE'),
('46037', 'Wasgau Produktions & Handels AG    ', 'ILN 4388390000005                  ', 'Wasgau, Saarbruecken               ', 'Blocksbergstr. 183                 ', '', '66955 ', 'Pirmasens                    ', 'DE'),
('46038', 'Weco-Frucht GmbH                   ', '                                   ', 'Weco-Frucht GmbH, Mainz            ', 'Robert-Bosch-Str. 42               ', '', '55129 ', 'Mainz                        ', 'DE'),
('47', 'Netto Ottendorf-Okrilla            ', '                                   ', 'NETTO Ottendorf-Okrilla            ', 'Schutterwälder Straße 22-24        ', '', '01458 ', 'Ottendorf Okrilla            ', 'DE'),
('48000', 'Yazhan GmbH                        ', '                                   ', 'Yazhan, Stuttgart                  ', 'Langwiesenweg 30                   ', '', '70327 ', 'Stuttgart                    ', 'DE'),
('48001', 'Yavuz GmbH                         ', '                                   ', 'Yavuz, Frankfurt                   ', 'Josef-Eichler-Straße 10            ', '', '60437 ', 'Frankfurt                    ', 'DE'),
('48002', 'Yesil Lebensmittel GmbH            ', '                                   ', 'Yesil, Essen                       ', 'Zollvereinstr. 5                   ', '', '45327 ', 'Essen                        ', 'DE'),
('50', 'Netto Ganderkesee                  ', 'RE-ILN 4316268000000               ', 'Netto Ganderkesee                  ', 'Am Rennfeuer 7                     ', '', '27777 ', 'Ganderkesee                  ', 'DE'),
('50501', 'Zoo Duisburg AG                    ', '                                   ', 'Zoo Duisburg AG, Duisburg          ', 'Mülheimer Straße 273               ', '', '47047 ', 'Duisburg                     ', 'DE'),
('50502', 'Gerhard Zimmermann GmbH & Co KG    ', '                                   ', 'Zimmermann GmbH -nein-             ', 'Großmarkthalle                     ', '', '50968 ', 'Köln                         ', 'DE'),
('50503', 'Siegfried Zelger GmbH              ', 'Großmarkt                          ', 'Zelger, Muenchen                   ', 'Thalkirchner Str. 81               ', '', '81371 ', 'München                      ', 'DE'),
('50504', 'Zeilberger fruit service GmbH      ', 'ATU66876801                        ', 'Zeilberger fruit service GmbH      ', 'Gaswerkstraße 22                   ', '', '4600 ', 'Wels                          ', 'DE'),
('50505', 'Zündorf & Zerres GmbH              ', 'Import - Großhandel                ', 'Zuendorf & Zerres GmbH,Koeln       ', 'Marktstrasse 10                    ', '', '50968 ', 'Köln / Großmarkt             ', 'DE'),
('50506', 'ZIELPUNKT WARENHANDEL              ', 'GmbH & Co KG                       ', 'ZIELPUNKT WARENHANDEL, Wien        ', 'Heizwerkstr. 5                     ', '', '1239 ', 'Wien                          ', 'DE'),
('50507', 'Fruchthof Zipf - Herbst            ', '                                   ', 'Zipf - Herbst, Wutha - Farnroda    ', 'Eisenacher Str. 55                 ', '', '99848 ', 'Wutha - Farnroda             ', 'DE'),
('50508', 'Zimpelmann Agentur GmbH            ', 'International Fruit Trade          ', 'Zimpelmann Agentur GmbH, Dackenheim', 'Herxheimer Str. 7                  ', '', '67273 ', 'Dackenheim                   ', 'DE'),
('50509', 'Ziegler&Co                         ', 'Frucht-Import Großhandel           ', 'Ziegler&Co, Nuernberg              ', 'Leyher Straße 107 (Großmarkt)      ', '', '90431 ', 'Nürnberg                     ', 'DE'),
('51', 'Netto Erharting                    ', 'RE-ILN 4316268000000               ', 'Netto Erharting                    ', 'Maxing 15                          ', '', '84513 ', 'Erharting                    ', 'DE'),
('65', 'Test                               ', '                                   ', 'Test,47059                         ', '                                   ', '', '47059', '47059', 'DE'),
('70031', 'Apimex Fruchthandel GmbH           ', '                                   ', 'Apimex Fruchthandel GmbH, Muenchen ', 'Schäftlarnstr. 10                  ', '', '81371 ', 'München                      ', 'DE'),
('70043', 'Abenhardt GmbH & Co. KG            ', '                                   ', 'Abenhardt, Datteln                 ', 'Marktfelder Str. 15                ', '', '45711 ', 'Datteln                      ', 'DE'),
('70073', 'ASF Holland                        ', '                                   ', 'ASF Holland, Helenaveen            ', 'Lage Brugweg 11a                   ', '', '5979 ', 'Helenaveen                    ', 'DE'),
('70086', 'Agri SGJ Limited                   ', 'GB709563222                        ', 'Agri SGJ Limited, CF5 6EF          ', 'Shelston 6 St Fagans Drive         ', '', 'Cardiff ', 'CF5 6EF                    ', 'DE'),
('70088', 'Agrofruit d.o.o.                   ', 'Satoriovici BB                     ', 'Agrofruit d.o.o.,BOS-Brcko         ', '                                   ', '', 'Brcko ', '                             ', 'DE'),
('70103', 'Achten v.o.p                       ', '                                   ', 'Achten v.o.p, HJ Reuver            ', 'Keulseweg 177                      ', '', '5953 ', 'HJ Reuver                     ', 'DE');
INSERT INTO `customer` (`No`, `name`, `name_2`, `customer_short`, `street`, `street_2`, `PO_code`, `city`, `country_code`) VALUES
('70104', 'Agrodual d.o.o.                    ', 'PIB 103556578                      ', 'Agrodual d.o.o., Belgrad           ', 'Bulevar Nikole Tesle 30 A          ', '', '11000 ', 'Belgrad                      ', 'DE'),
('70109', 'Allfresh Export SFA                ', '                                   ', 'Allfresh Export SFA,Cl-Santiago    ', 'Estoril 50, office 717, Las Condes ', '', '7591047 ', 'Santiago                   ', 'DE'),
('70113', 'Aspersa Ltd.                       ', '                                   ', 'Aspersa Ltd., Chania               ', 'Kissamos / Kreta                   ', '', '73400 ', 'Chania                       ', 'DE'),
('70120', 'Agricultural Cooperatives Union    ', 'Aeghion S.A.                       ', 'Agricultural Cooperatives Union, Ae', 'Korinthou 201                      ', '', 'GR-25100 ', 'Aeghion                   ', 'DE'),
('70124', 'Agrargesellschaft Herbsleben AG    ', '                                   ', 'Herbsleben AG, Herbsleben          ', 'Döllstädter Str. 1                 ', '', '99955 ', 'Herbsleben                   ', 'DE'),
('70125', 'AsperGrow Holding B.V.             ', '                                   ', 'AsperGrow Holdng B.V., Ossendrecht ', 'Molenstraat 60                     ', '', '4641 ', 'BE Ossendrecht                ', 'DE'),
('70126', 'Agro Trade - Sandra Stefaniak      ', 'PL 7642666721                      ', 'Agro Trade - Sandra Stefaniak, Pila', 'Ul. Pogodna 7                      ', '', '64920 ', 'Pila                         ', 'DE'),
('70327', 'h                                  ', '                                   ', ',                                  ', '                                   ', '', '5', '5', 'DE'),
('70736', 'Chrstian Beneke Landwirtschaft     ', '                                   ', 'Beneke, Goldenstedt                ', 'Rotbuchenstr. 3                    ', '', '49424 ', 'Goldenstedt                  ', 'DE'),
('70741', 'Sunberry International             ', '                                   ', 'Sunberry International, RH Venlo   ', 'Venrayseweg 106c                   ', '', '5928 ', 'RH Venlo                      ', 'DE'),
('70748', 'De Boelpaep N.V.                   ', '                                   ', 'De Boelpaep                        ', 'Kempenarestraat 48                 ', '', '2860 ', 'St.Katelijne-Waver            ', 'DE'),
('70757', 'Bossmann                           ', '                                   ', 'Bossmann, Monheim                  ', 'Neuverser Hof                      ', '', '40789 ', 'Monheim                      ', 'DE'),
('70767', 'Berrybrothers BV                   ', '                                   ', 'Berrybrothers BV, NR Roggel        ', 'Nijken 18                          ', '', '6088 ', 'NR Roggel                     ', 'DE'),
('70787', 'Gut Böckenhoff GmbH                ', '                                   ', 'Boeckenhoff, Raesfeld/Erle         ', 'Am Bakenhof 1                      ', '', '46348 ', 'Raesfeld/Erle                ', 'DE'),
('70790', 'Bionet West Hellas                 ', '                                   ', 'Bionet West Hellas, Gastouni Ilias ', 'Agginara                           ', '', '27300 ', 'Gastouni Ilias               ', 'DE'),
('70794', 'Bajerbach Transporte               ', '                                   ', 'Bajerbach, Essen                   ', 'II. Schichtstr. 34                 ', '', '45329 ', 'Essen                        ', 'DE'),
('70809', 'Blueberry World B.V.               ', '                                   ', 'Blueberry World B.V., RH Venlo     ', 'Venrayseweg 106c                   ', '', '5928 ', 'RH Venlo                      ', 'DE'),
('70818', 'Spargel + Beeren Baumann GmbH      ', '                                   ', 'Spargel + Beeren Baumann GmbH, Geis', 'Dingofinger Straße 26              ', '', '94333 ', 'Geiselhöring                 ', 'DE'),
('70821', 'Iris Brückel                       ', '                                   ', 'Iris Brueckel, Walsrode            ', 'Bockhorn Nr 40                     ', '', '29664 ', 'Walsrode                     ', 'DE'),
('71425', 'C.I.A.A.D. (Deutschland) GmbH      ', '                                   ', 'C.I.A.A.D. (Deutschland) GmbH, Gros', 'Stadtseestr. 21/B                  ', '', '63762 ', 'Grossostheim                 ', 'DE'),
('71445', 'Erwin Croon                        ', '                                   ', 'Croon, Erkelenz-Loevenich          ', 'Hauptstr. 109                      ', '', '41812 ', 'Erkelenz-Lövenich            ', 'DE'),
('71566', 'Cuna de Platero, S.C.A.            ', '                                   ', 'Cuna de Platero, S.C.A., Moguer    ', 'Camino de Montemayor               ', '', '21800 ', 'Moguer                       ', 'DE'),
('71576', 'Castellino di Castellino Valter eC.', '                                   ', 'Castellino, Villanova Mondovi, Ital', 'Loc.Torre Bongiovanni, 1           ', '', '12089 ', 'Villanova Mondovi, Italy     ', 'DE'),
('72136', 'Driscolls                          ', 'Berry Gardens                      ', 'Driscolls, RC Breda                ', 'I.A.B.C. 5397                      ', '', '4814 ', 'RC Breda                      ', 'DE'),
('72142', 'Douven Blauwe Bessen BV            ', '                                   ', 'Douven Blauwe Bessen, NX Horst     ', 'Herenbosweg 24                     ', '', '5962 ', 'NX Horst                      ', 'DE'),
('72143', 'DE-SA Fruchthandels GmbH           ', 'Kontorhaus 2 Büro 316              ', 'DE-SA Fruchthandels GmbH, Muenchen ', 'Schäftlarnstr. 10                  ', '', '81371 ', 'München                      ', 'DE'),
('72802', 'Efti-Frucht GmbH                   ', '                                   ', 'Efti-Frucht GmbH, Muenchen         ', 'Großmarkthalle                     ', '', '81332 ', 'München                      ', 'DE'),
('72806', 'Evrosspargel                       ', '                                   ', 'Evrosspargel, Vissa                ', '                                   ', '', 'Nea ', 'Vissa                          ', 'DE'),
('72823', 'E.L.O. Erzeugergrossmarkt-         ', 'Langenförden-Oldenburg eG          ', 'ELO Erzeugergrossmarkt             ', 'Lange Straße 7                     ', '', '49377 ', 'Vechta Langenförden          ', 'DE'),
('72837', 'Edelbrennerei Haas                 ', '                                   ', 'Edelbrennerei Haas, Pretzeld       ', 'Schmiedegasse 2                    ', '', '91362 ', 'Pretzfeld                    ', 'DE'),
('72845', 'EIFEL Productions                  ', '                                   ', 'EIFEL Productions, Vignols         ', 'La Sudrie                          ', '', '19130 ', 'Vignols                      ', 'DE'),
('73539', 'Fruchthof Hulsberg                 ', '                                   ', 'Hulsberg, Fruchthof, Bremen        ', 'Am Waller Freihafen 1              ', '', '28217 ', 'Bremen                       ', 'DE'),
('73558', 'Fresouer                           ', '                                   ', 'Fresouer, Larache / Marokko        ', '135 Lot Al Magrib Al Jadid         ', '', '92000 ', 'Larache / Marokko            ', 'DE'),
('73588', 'Gerd Fuchs und Sohn GbR            ', '                                   ', 'Fuchs, Koeln                       ', 'Kasselberger Weg 157               ', '', '50769 ', 'Köln                         ', 'DE'),
('73590', 'Franken Obst GmbH                  ', '                                   ', 'Franken Obst GmbH, Igensdorf       ', 'Forchheimer Str. 4a                ', '', '91338 ', 'Igensdorf                    ', 'DE'),
('73591', 'Fresh Fruit Absatzgenossenschaft   ', '                                   ', 'Fresh Fruit Absatzgenossenschaft, K', 'Vagohid 1                          ', '', '6237 ', 'Kecel                         ', 'DE'),
('73609', 'Fragaria d.o.o.                    ', '                                   ', 'Fragaria d.o.o., Zagreb            ', 'V Ravnice 2                        ', '', '10000 ', 'Zagreb                       ', 'DE'),
('73618', 'Fres Perez, S.C.A.                 ', '                                   ', 'Fres Perez, S.C.A., Palos de la Fro', 'C./Garcia Samiento, 2              ', '', '21810 ', 'Palos de la Frontera         ', 'DE'),
('73627', 'Franken-Gemüse Knoblauchsland eG   ', '                                   ', 'Franken-Gemuese eG, Nuernberg      ', 'Raiffeisenstr. 200                 ', '', '90427 ', 'Nürnberg                     ', 'DE'),
('74218', 'Hauschildt GmbH                    ', '                                   ', 'Hauschildt GmbH, Hamburg           ', 'Großmarkt D 151                    ', '', '20097 ', 'Hamburg                      ', 'DE'),
('74312', 'Heinrich Götschkes                 ', '                                   ', 'Goetschkes , Kaarst                ', 'Rottes 139                         ', '', '41564 ', 'Kaarst                       ', 'DE'),
('74461', 'Forsthof Grussendorf               ', '                                   ', 'Forsthof Grussendorf, Sassenburg   ', 'Birkenweg 74                       ', '', '38524 ', 'Sassenburg                   ', 'DE'),
('74470', 'Garrido y Garcia                   ', '                                   ', 'Garrido y Garcia, Moguer (Huelva)  ', 'C/Francisco Garfias, 14            ', '', '21800 ', 'Moguer (Huelva)              ', 'DE'),
('74472', 'Gut Loy                            ', 'Hendrik Funch                      ', 'Funch, Rastede-Loy                 ', 'Dorfstr. 13                        ', '', '26180 ', 'Rastede-Loy                  ', 'DE'),
('74784', 'Hermanos Golbano SL                ', 'MercaMadrid                        ', 'Golbano SL, Madrid                 ', 'Calle 13, Oficina 9                ', '', '28053 ', 'Madrid                       ', 'DE'),
('74785', 'Gaec D.F.K.                        ', '                                   ', 'Gaec D.F.K., Le Temple             ', 'Sautuges Sud                       ', '', '33680 ', 'Le Temple                    ', 'DE'),
('74786', 'Thwan van Gennip B.V.              ', '                                   ', 'Thwan van Gennip B.V., PK Lierop   ', 'Eindje 6                           ', '', '5715 ', 'PK Lierop                     ', 'DE'),
('74788', 'Maatschap van Gennip               ', 'Kwekerjien                         ', 'Maatschap van Gennip, GH Someren   ', 'Ploegstraat 47                     ', '', '5712 ', 'GH Someren                    ', 'DE'),
('74790', 'Groentekwekerij D`n Broekkant b.v. ', 'Theo van Gennip                    ', 'Groentekwekerij D`n Broekkant b.v.,', 'Pater Eustachiuslaan 8             ', '', '5735 ', 'SK Aarle Rixtel               ', 'DE'),
('74924', 'Hensgens                           ', '                                   ', 'Hensgens, Selfkant-Havert          ', 'Am Kreuzberg                       ', '', '52538 ', 'Selfkant-Havert              ', 'DE'),
('74937', 'Hans - Josef Heck                  ', '                                   ', 'Heck, Swisttal                     ', 'Kitzstr. 10                        ', '', '53913 ', 'Swisttal                     ', 'DE'),
('74942', 'Heremans  - Aerts N.V.             ', '                                   ', 'Heremans Aerts                     ', 'Kernielerweg 59                    ', '', '3840 ', 'Borgloon                      ', 'DE'),
('74953', 'Werner Henschke                    ', '                                   ', 'Henschke, Bonn-Bad Godesberg       ', 'Deutschherrenstr. 161              ', '', '53179 ', 'Bonn-Bad Godesberg           ', 'DE'),
('74958', 'Grupo Heres                        ', '                                   ', 'Grupo Heres, Boulogne Billancourt  ', '5 Rue de Silly                     ', '', '92100 ', 'Boulogne Billancourt         ', 'DE'),
('74959', 'Hillfresh International            ', '                                   ', 'Hillfresh International, Barendrech', 'Spoorlaan 12                       ', '', 'LM ', 'Barendrecht                     ', 'DE'),
('74962', 'Roland Heise                       ', '                                   ', 'Heise,Chile                        ', '                                   ', '', 'Chile ', '                             ', 'DE'),
('74974', 'Conrad Hogrefe                     ', '                                   ', 'Hogrefe, Eickeloh                  ', 'Walsroder Str. 9                   ', '', '29693 ', 'Eickeloh                     ', 'DE'),
('74977', 'Spargel Hoffheinz                  ', '                                   ', 'Spargel Hoffheinz, Genthin         ', 'Straße der Freundschaft 56         ', '', '39307 ', 'Genthin                      ', 'DE'),
('77013', 'Karl-Heinz Kury                    ', '                                   ', 'Kury, Waldkirch-Buchholz           ', 'Langgasse 14                       ', '', '79183 ', 'Waldkirch-Buchholz           ', 'DE'),
('77023', 'Kühling                            ', 'Ecopark                            ', 'Kuehling, Emstek                   ', 'Nordallee 11                       ', '', '49685 ', 'Emstek                       ', 'DE'),
('77024', 'Moormann                           ', '                                   ', 'Moormann, Langfoerden-Deindrup     ', 'Osterfeld 1                        ', '', '49377 ', 'Langförden-Deindrup          ', 'DE'),
('77025', 'KFL GmbH Krings Früchte Logistik   ', '                                   ', 'Krings, Rheinbach                  ', 'Siemensstr. 1                      ', '', '53359 ', 'Rheinbach                    ', 'DE'),
('77035', 'Kronprinz Fruchthandels GmbH       ', '                                   ', 'Kronprinz Fruchthandels GmbH, Ilzt ', 'Wolfgruben 5                       ', '', '8211 ', 'Ilztal                        ', 'DE'),
('77036', 'Luuk Kuijpers                      ', '                                   ', 'Kuijpers, RA Neer                  ', 'Graven 2                           ', '', '6086 ', 'RA Neer                       ', 'DE'),
('77037', 'Cranberry-Hof Klingemann           ', 'Heinrich Klingemann                ', 'Klingemann                         ', 'An der Alten Leine 1               ', '', '29690 ', 'Grethem                      ', 'DE'),
('77046', 'Heinrich Kappenberg                ', '                                   ', 'Kappenberg, Walsrode               ', 'Südkampen 1                        ', '', '29664 ', 'Walsrode                     ', 'DE'),
('77049', 'Spargelhof Kallen                  ', '                                   ', 'Kallen, Dormagen                   ', 'Forsterhof 1                       ', '', '41541 ', 'Dormagen                     ', 'DE'),
('77734', 'Giorgos Labros S.A.                ', 'L.Pervolarakis-G.Koutsobos S.A.    ', 'Labros S.A., Heraklion             ', 'Profitis Ilias                     ', '', 'Heraklion ', '- Kreta                  ', 'DE'),
('77741', 'LTV                                ', 'Limburgse Tuinbouwveiling          ', 'LTV, Herk-de-Stad                  ', 'Industrieweg 1035                  ', '', '3540 ', 'Herk-de-Stad                  ', 'DE'),
('77749', 'PZ Late Gradacac p.o.              ', '                                   ', 'Late Gradacac                      ', 'Ledenice Donje bb.                 ', '', '76250 ', 'Gradacac                     ', 'DE'),
('77750', 'Landi Hüttwilen und Umgebung       ', '                                   ', 'Landi, Huettwilen                  ', 'Im Winkel 4                        ', '', '8536 ', 'Hüttwilen                     ', 'DE'),
('78444', 'Obsthof Mertens GbR                ', '                                   ', 'Mertens, Willich                   ', 'Wekeln 1                           ', '', '47877 ', 'Willich                      ', 'DE'),
('78445', 'Mömesheim                          ', '                                   ', 'Moemesheim, Rheinbach              ', 'Klein Altendorf 10                 ', '', '53359 ', 'Rheinbach                    ', 'DE'),
('78482', 'Theo und Maria Münch GbR           ', 'Chcoreebetrieb                     ', 'Theo und Maria Muench GbR, Grafscha', 'Burgstraße 2                       ', '', '53501 ', 'Grafschaft-Gelsdorf          ', 'DE'),
('78510', 'Moravica doo                       ', '                                   ', 'Moravica doo, Arilje-Serbien       ', 'Stupcevici                         ', '', '31230 ', 'Arilje-Serbien               ', 'DE'),
('78516', 'Hof Mäteling GbR                   ', '                                   ', 'Maeteling, Isselburg-Anholt        ', 'Buchenallee 4                      ', '', '46419 ', 'Isselburg-Anholt             ', 'DE'),
('78517', 'Mühlhäuser GmbH                    ', '                                   ', 'Muehlhaeuser, Moenchengladbach     ', 'Böttgerstr. 5                      ', '', '41066 ', 'Mönchengladbach              ', 'DE'),
('78518', 'Diego Martinez e Hijos S.L.        ', 'B58794512                          ', 'Martinez e Hijos S.L., Mercabarna  ', 'Pabellón F Puestos 6004-6009       ', '', '08040 ', 'Mercabarna                   ', 'DE'),
('78889', 'Meridian Fruits SPR de RL          ', 'Fresh Kampo                        ', 'Meridian Fruits SPR de RL, Periban ', 'km 0,5 carr Periban-Los Reyes      ', '', 'MX-CP60440 ', 'Periban de Ramos, Michoa', 'DE'),
('78890', 'MAB Quality GmbH & Co. KG          ', 'Fruchtjäger                        ', 'MAB Fruchtjaeger, Dortmund         ', 'Hugo-Port-Str. 21                  ', '', '44141 ', 'Dortmund                     ', 'DE'),
('78893', 'Esther&Peter Münch GbR             ', 'Grafschafter Beerenhof             ', 'Muench GbR, Grafschaft             ', 'Max-Planck-Str.2                   ', '', '53501 ', 'Grafschaft Gelsdorf          ', 'DE'),
('79117', 'Nordgemüse Krogmann GmbH & Co. KG  ', '                                   ', 'Nordgemuese Krogmann, Hamburg      ', 'Barsbütteler Str. 67               ', '', '22012 ', 'Hamburg                      ', 'DE'),
('79821', 'Charlys Erdbeerhof                 ', '                                   ', 'Charlys Erdbeerhof, Juelich-Broich ', 'Am Friedhof 1                      ', '', '52428 ', 'Jülich-Broich                ', 'DE'),
('79824', 'OGM Thüringen                      ', '                                   ', 'OGM Thueringen                     ', 'Gewerbepark Fahner Höhe            ', '', '99100 ', 'Gierstädt                    ', 'DE'),
('79838', 'Oers United                        ', '                                   ', 'Oers United, DC Riddekerk          ', 'Handelsweg 170                     ', '', '2988 ', 'DC Riddekerk                  ', 'DE'),
('79840', 'Sant Orsola                        ', 'Societa Cooperativa Agricola       ', 'Sant Orsola, Pergine Valsugana Ital', 'Via Lagorai, n. 131, loc Zivignago ', '', '38057 ', 'Pergine Valsugana (TN)       ', 'DE'),
('79843', '2organics B.V.                     ', 'Organic fruit and vegetables       ', '2organics B.V., LV Maasdijk        ', 'Honderdland 242                    ', '', '2676 ', 'LV Maasdijk                   ', 'DE'),
('79844', 'Luc Peeters                        ', 'Gemeente Leudal                    ', 'Peeters, NN Neer                   ', 'Schooldijk 1                       ', '', '6086 ', 'NN Neer                       ', 'DE'),
('79845', 'Oberlender GbR                     ', '                                   ', 'Oberlender GbR, Hueckelhoven       ', 'Steckerhof                         ', '', '41836 ', 'Hückelhoven                  ', 'DE'),
('79848', 'Erdbeerhof Osterloh                ', '                                   ', 'Erdbeerhof Osterloh, Visbek        ', 'Halter 21                          ', '', '49429 ', 'Visbek                       ', 'DE'),
('80534', 'Pepper Star                        ', 'Station Tiguemi Ref 7507 J         ', 'Pepper Star,MA-Agadir              ', 'douar elkharba ait baha oumial biou', '', 'Agadir ', '                            ', 'DE'),
('80539', 'Pelzer                             ', '                                   ', 'Pelzer, Erkelenz                   ', 'Anton-Pangels-Str. 5               ', '', '41812 ', 'Erkelenz-Matzerath           ', 'DE'),
('80597', 'Palmagri                           ', '                                   ', 'Palmagri,Casablanca                ', 'Boulevard Zerktouni 277-279        ', '', 'Casablanca ', '                        ', 'DE'),
('81190', 'Rüpke GbR                          ', '                                   ', 'Ruepke, Haeuslingen                ', 'Dorfringstr. 5                     ', '', '27336 ', 'Häuslingen                   ', 'DE'),
('815', 'Testkunde                          ', '                                   ', 'Testkunde, Duesseldorf             ', '                                   ', '', '40227 ', 'Düsseldorf                   ', 'DE'),
('816', 'Testkunde, Frankreich              ', '                                   ', 'Testkunde, Frankreich,Frankreich   ', '                                   ', '', 'Frankreich ', '                        ', 'DE'),
('82619', 'SFI Rotterdam BV                   ', '                                   ', 'SFI Rotterdam BV, AG Rotterdam     ', 'Marconistraat 31 (harbour nr. 26)  ', '', '3029 ', 'AG Rotterdam                  ', 'DE'),
('82623', 'SH Quality GmbH & Co. KG           ', '                                   ', 'SH Quality GmbH & Co. KG, Glandorf ', 'Münsterstr. 43                     ', '', '49219 ', 'Glandorf                     ', 'DE'),
('82641', 'Paul Schmitz                       ', '                                   ', 'Schmitz, Xanten                    ', 'Rheinallee 22                      ', '', '46509 ', 'Xanten                       ', 'DE'),
('82655', 'Schmidt                            ', '                                   ', 'Schmidt, Grafschaft-Oeverich       ', 'Werthofener Str. 34                ', '', '53501 ', 'Grafschaft-Oeverich          ', 'DE'),
('82670', 'Hans-Peter Schugt                  ', '                                   ', 'Schugt, Bonn                       ', 'Deutschherrenstr. 184              ', '', '53179 ', 'Bonn                         ', 'DE'),
('82676', 'Peter u. Michael Schumacher        ', '                                   ', 'Schumacher, Erftstadt-Konradsheim  ', 'Frenzenstr. 122                    ', '', '50374 ', 'Erftstadt-Konradsheim        ', 'DE'),
('82687', 'Sunberry                           ', 'Rafal Legucki                      ', 'Sunberry, Bledow, Polen            ', 'Trzylatkow Duzy 22a                ', '', '05-620 ', 'Bledow, Polen               ', 'DE'),
('82690', 'Michael Scharein                   ', 'Obst- und Gemüsebau                ', 'Scharein, Kirchlinteln             ', 'Heerweg 17                         ', '', '27308 ', 'Kirchlinteln                 ', 'DE'),
('84002', 'Norbert Stamm                      ', 'Obstanlagen Mönchhof               ', 'Stamm, Burscheid                   ', 'Großhamberg 13b                    ', '', '51399 ', 'Burscheid                    ', 'DE'),
('84005', 'Hans-Martin Sterr                  ', '                                   ', 'Sterr, Langenburg                  ', 'Schmiedsgasse 5                    ', '', '74595 ', 'Langenburg                   ', 'DE'),
('84017', 'SOFF d.o.o.                        ', '                                   ', 'SOFF d.o.o., Celic                 ', 'Brjink bb                          ', '', '75246 ', 'Celic                        ', 'DE'),
('84018', 'Staphylus Korinthos P.C.           ', '                                   ', 'Staphylus Korinthos P.C., Korinthos', 'Pigasou 19                         ', '', '20100 ', 'Korinthos                    ', 'DE'),
('84658', 'Spargelhof Josef Spitz             ', '                                   ', 'Spitz, Wachtendonk                 ', 'Landfriedenstr. 38                 ', '', '47669 ', 'Wachtendonk                  ', 'DE'),
('84660', 'Spargel- und Obsthof Sebbel        ', '                                   ', 'Sebbel, Haltern                    ', 'Westruper Str. 170                 ', '', '45721 ', 'Haltern am See               ', 'DE'),
('84661', 'Fruct-Pol                          ', 'Andrzej Samowski                   ', 'Fruct-Pol, Sompoln                 ', 'Wierzbie 31                        ', '', '62610 ', 'Sompoln                      ', 'DE'),
('84705', 'GEO                                ', 'Tsiakiris D. & Co.                 ', 'Tsiakiris, - 65 302 Kavala         ', 'Ydras 5                            ', '', '65302 ', 'Kavala                       ', 'DE'),
('84723', 'Thees Joachim                      ', '                                   ', 'Thees, Holtrup                     ', 'Marschweg 27                       ', '', '26203 ', 'Wardenburg                   ', 'DE'),
('84724', 'Katharina Thien                    ', 'Erdbeerhof                         ', 'Thien, Ermke                       ', 'Roggenkamp 5                       ', '', '49696 ', 'Ermke                        ', 'DE'),
('85015', 'Tiedemann`s Heidelbeeren           ', 'Peter Tiedemann                    ', 'Tiedemann`s Heidelbeeren           ', 'Seth 1                             ', '', '21769 ', 'Lamstedt                     ', 'DE'),
('85406', 'Hof Umberg                         ', '                                   ', 'Umberg, Bottrop-Kirchhellen nein   ', 'Overhagener Feld 10                ', '', '46244 ', 'Bottrop-Kirchhellen          ', 'DE'),
('86116', 'Vocar Piramida                     ', '                                   ', 'Vocar Piramida, Visoko - Bosnien   ', 'Cekrkcije 13                       ', '', '71300 ', 'Visoko                       ', 'DE'),
('86316', 'Vith                               ', '                                   ', 'Vith, Altendorf                    ', 'Sperberweg 13                      ', '', '53340 ', 'Altendorf                    ', 'DE'),
('86325', 'Vrganj Promet                      ', '                                   ', 'Vrganj Promet, Buzim               ', 'Konjodor bb                        ', '', '77245 ', 'Buzim                        ', 'DE'),
('86326', 'Valgren S.L.                       ', 'C.I.F.: B10184679                  ', 'Valgren S.L., Cabezuela del Valle (', 'Ctra. n.110, km 370                ', '', '10610 ', 'Cabezuela del Valle (Caceres)', 'DE'),
('86329', 'Z.Z. Vocna Dolina                  ', '                                   ', 'Vocna Dolina, Arilje               ', 'Stupcevici B.B.                    ', '', '31230 ', 'Arilje                       ', 'DE'),
('86812', 'Westerkamp                         ', '                                   ', 'Westerkamp, Westerlutten-Goldensted', 'Pickerweg 14                       ', '', '49424 ', 'Westerlutten-Goldenstedt     ', 'DE'),
('86819', 'Warbeyener Erdbeerparadies         ', 'Franz-Josef Arntz                  ', 'Arntz, Kleve                       ', 'Kropse Weg 102                     ', '', '47533 ', 'Kleve                        ', 'DE'),
('86821', 'Wittrock Obsthandel                ', '                                   ', 'Wittrock Obsthandel, Hoexter       ', 'Albaxer Str. 42                    ', '', '37671 ', 'Höxter                       ', 'DE'),
('86826', 'Wilko Fruits b.v.                  ', '                                   ', 'Wilko Fruits b.v., RA Breda        ', 'Int. Agro Business Center 5212     ', '', '4814 ', 'RA Breda                      ', 'DE'),
('86834', 'Wista                              ', 'Katarzyna Pyster                   ', 'Wista, Sompolno                    ', 'Romanowo 3                         ', '', '62-610 ', 'Sompolno                    ', 'DE'),
('88912', 'Zaltbommel en Omstreken B.A.       ', 'Veiling Zaltbommel                 ', 'Zaltbommel en Omstreken B.A., KH Za', 'Stationsweg 28                     ', '', '5301 ', 'KH Zaltbommel                 ', 'DE'),
('90009', 'AMV                                ', '                                   ', 'AMV, Moers                         ', 'Gebrüder-Grimm-Platz 20            ', '', '47447 ', 'Moers                        ', 'DE'),
('90015', 'Aurich & Sohn GmbH                 ', '                                   ', 'Aurich & Sohn, Erlbach-Kirchberg   ', 'Flockenstr. 7                      ', '', '09385 ', 'Erlbach-Kirchberg            ', 'DE'),
('90023', 'A&G Venlo BV                       ', '                                   ', 'A&G Venlo BV, PG Venlo             ', 'Keulse Barriere 3                  ', '', '5915 ', 'PG Venlo                      ', 'DE'),
('90032', 'Almar Paletten GmbH                ', '                                   ', 'Almar Paletten GmbH, Suedlohn      ', 'Weseker Weg 47                     ', '', '46354 ', 'Südlohn                      ', 'DE'),
('90035', 'Adermann Organic                   ', 'Biogroßhandel + Packstation        ', 'Adermann Organic, Wesseling        ', 'Gewerbestr. 2-8                    ', '', '50389 ', 'Wesseling                    ', 'DE'),
('90040', 'Aes-Trans d.o.o.                   ', '                                   ', 'Aes-Trans d.o.o., Gradacac         ', 'Lukavac Donji                      ', '', '76250 ', 'Gradacac                     ', 'DE'),
('90389', 'Baam                               ', '                                   ', 'Baam, Karlsruhe                    ', 'Durmersheimer Str. 190             ', '', '76189 ', 'Karlsruhe                    ', 'DE'),
('90390', 'Brocker Logistik GmbH + Co KG      ', '                                   ', 'Brocker KG, Willich-Schiefbahn     ', 'Hauptstraße 1                      ', '', '41352 ', 'Korschenbroich               ', 'DE'),
('90431', 'Bördegarten Gemüse                 ', 'Verwaltung GmbH                    ', 'Boerdegarten GmbH, Arensdorf       ', 'Köthener Str. 7a                   ', '', '06369 ', 'Arensdorf                    ', 'DE'),
('90723', 'CCG DE GmbH                        ', '                                   ', 'CCG, Kelsterbach                   ', 'Am grünen Weg 5                    ', '', '65451 ', 'Kelsterbach                  ', 'DE'),
('90724', 'Cerozfrucht s.r.o                  ', 'CZ62908278                         ', 'Cerozfrucht, Prag                  ', 'Na vysluni 765/23                  ', '', '10000 ', 'Praha 10                     ', 'DE'),
('90725', 'CCG DE GmbH                        ', 'Branch Office Hamburg              ', 'CCG DE GmbH , Hamburg              ', 'Tarpenring 4                       ', '', '22149 ', 'Hamburg                      ', 'DE'),
('90726', 'CCG Logistics de Lier              ', '                                   ', 'CCG Logistics de Lier,             ', 'P.O. Box 132                       ', '', '2678 ', 'ZJ de Lier                    ', 'DE'),
('90731', 'CE-PE Wellkisten GmbH + Co. KG     ', '                                   ', 'CE-PE Wellkisten GmbH + Co. KG, Ber', 'Wildecker Str. 12                  ', '', '99837 ', 'Berka/Werra                  ', 'DE'),
('91054', 'DHL Foodservices GmbH              ', '                                   ', 'DHL Foodservices GmbH, Koeln       ', 'Marktstr. 10                       ', '', '50968 ', 'Köln                         ', 'DE'),
('91057', 'Delta Air Lines                    ', 'Gebäude 556b                       ', 'Delta Air Lines, Frankfurt am Main ', 'Cargo City South                   ', '', '60549 ', 'Frankfurt am Main            ', 'DE'),
('91072', 'Derix Logistics B.V.               ', '                                   ', 'Derix Logistics B.V., RH Venlo     ', 'Venrayseweg 190b                   ', '', '5928 ', 'RH Venlo                      ', 'DE'),
('91415', 'Holger Ewers GmbH                  ', '                                   ', 'Ewers GmbH, Hamburg                ', 'Pinkertweg 8                       ', '', '22113 ', 'Hamburg                      ', 'DE'),
('91429', 'Eurogroup Deutschland GmbH         ', '                                   ', 'Eurogroup, Langenfeld              ', 'Katzbergstr. 1                     ', '', '40764 ', 'Langenfeld                   ', 'DE'),
('91443', 'Eastwest Fresh Services  &         ', 'Logistics GmbH                     ', 'Eastwest Fresh Services  & , Sierni', 'Wagner Str. 20                     ', '', '4523 ', 'Sierninghofen                 ', 'DE'),
('91754', 'Frigo-Trans GmbH                   ', '                                   ', 'Frigo-Trans, Frankenthal           ', 'Mahlastr. 102                      ', '', '67227 ', 'Frankenthal                  ', 'DE'),
('91776', 'Garcia de la Fuente Transportes    ', '                                   ', 'Garcia de la Fuente Transportes , M', 'Cl./ Laurel 18                     ', '', '28005 ', 'Madrid                       ', 'DE'),
('91791', 'Fresh Logistics System GmbH        ', '                                   ', 'Fresh Logistics System, Straelen   ', 'Veiling A1                         ', '', '47638 ', 'Straelen-Herongen            ', 'DE'),
('92110', 'Gartner Spedition GmbH             ', 'Niederlassung Kehl                 ', 'Gartner Spedition GmbH, Kehl-Auenhe', 'Otto-Hahn-Str. 12                  ', '', '77694 ', 'Kehl-Auenheim                ', 'DE'),
('92117', 'Grupo Trans Onuba S.L.             ', '                                   ', 'Grupo Trans Onuba S.L., Niebla     ', 'P.I. Los Bermejales C/A Parcela 8  ', '', '21840 ', 'Niebla                       ', 'DE'),
('92122', 'GFT Köln                           ', '                                   ', 'GFT Koeln, Bergheim                ', 'Willi-Messerschmitt-Str. 11        ', '', '50126 ', 'Bergheim                     ', 'DE'),
('92123', 'GFT Halle                          ', '                                   ', 'GFT Halle                          ', 'Magdeburger Chaussee 47            ', '', '06118 ', 'Halle                        ', 'DE'),
('92124', 'Vendel Transporte                  ', '                                   ', 'Vendel Transporte, Bornheim        ', 'Raiffeisenstr. 8                   ', '', '53332 ', 'Bornheim                     ', 'DE'),
('92125', 'GFT Möckmühl                       ', '                                   ', 'GFT Moeckmuehl                     ', 'Habichtshöfe 8                     ', '', '74219 ', 'Möckmühl                     ', 'DE'),
('92128', 'Goustera S.A.                      ', 'O.T. 21                            ', 'Goustera S.A., Kavala              ', 'Industrial Area of Kavala          ', '', '64200 ', 'Kavala                       ', 'DE'),
('92141', 'GEA S.R.L.                         ', '                                   ', 'GEA Trasporti, Rovereto (TN)       ', 'Via Vannetti, 6                    ', '', '38068 ', 'Rovereto (TN)                ', 'DE'),
('92152', 'Geoline Logistik GmbH              ', '                                   ', 'Geoline Logistik GmbH, Duisburg    ', 'Wanheimer Str. 122                 ', '', '47053 ', 'Duisburg                     ', 'DE'),
('92453', 'Peter Hendricks Transporte         ', '                                   ', 'Hendricks Transporte, RH Venlo     ', 'Venrayseweg 116 c                  ', '', '5928 ', 'RH Venlo                      ', 'DE'),
('92484', 'Havel Express GmbH                 ', '                                   ', 'Havel Express GmbH, Gross Kreutz   ', 'Am Frucht- und Frachthof 6         ', '', '14550 ', 'Groß Kreutz                  ', 'DE'),
('92485', 'Hendrikx Transport                 ', '                                   ', 'Hendrikx Transport, GM Reuve       ', 'Sterne Bosweg 40                   ', '', '5953 ', 'GM Reuve                      ', 'DE'),
('92808', 'IFL GmbH                           ', '                                   ', 'IFL GmbH, Bornheim                 ', 'Königstr. 168                      ', '', '53332 ', 'Bornheim                     ', 'DE'),
('93161', 'JS Logistik                        ', 'Frau Janine Blasius                ', 'JS Logistik, Muelheim / Ruhr       ', 'Richtstr. 7                        ', '', '45479 ', 'Mülheim / Ruhr               ', 'DE'),
('93168', 'JAPA Logistik GmbH                 ', '                                   ', 'JAPA Logistik GmbH, Leverkusen     ', 'Quarzstr. 6                        ', '', '51371 ', 'Leverkusen                   ', 'DE'),
('93516', 'Kempen Transport BV                ', '                                   ', 'Kempen Transport BV, RH Venlo      ', 'Venrayseweg 123                    ', '', '5928 ', 'RH Venlo                      ', 'DE'),
('93517', 'Kulda                              ', '                                   ', 'Kulda, Novy Knin                   ', 'Mokrovraty 176                     ', '', '26203 ', 'Novy Knin                    ', 'DE'),
('93523', 'Kuna d.o.o.                        ', 'Internacionalni Transporti         ', 'Kuna d.o.o., Tuzla                 ', 'Kulina Bana 11                     ', '', '75000 ', 'Tuzla                        ', 'DE'),
('93544', 'Koch Transporte GmbH               ', '                                   ', 'Koch Transporte, Weyhe-Dreye       ', 'Bahnweg 6                          ', '', '28844 ', 'Weyhe-Dreye                  ', 'DE'),
('93547', 'Kockerols                          ', '                                   ', 'Kockerols, Willich                 ', 'Am Hauserbusch 29                  ', '', '47877 ', 'Willich                      ', 'DE'),
('93855', 'Leible-Seifried                    ', 'Internationale Spedition           ', 'Leible-Seifried, Pfinztal          ', 'Hammerwerkstr. 2                   ', '', '76327 ', 'Pfinztal                     ', 'DE'),
('93859', 'Leon Smits BV                      ', '                                   ', 'Leon Smits BV, PL Panningen        ', 'Bergweg 6 A                        ', '', 'NL-5981 ', 'PL Panningen               ', 'DE'),
('93863', 'Lozon                              ', '                                   ', 'Lozon, RH Venlo                    ', 'Venrayseweg 168 d                  ', '', '5928 ', 'RH Venlo                      ', 'DE'),
('93875', 'Lorentzen & Sievers GmbH           ', '                                   ', 'Lorenzen & Sievers, Henstedt-Ulzbur', 'Immenhacken 3                      ', '', '24558 ', 'Henstedt-Ulzburg             ', 'DE'),
('93878', 'Light Logistik GmbH                ', '                                   ', 'Light Logistik GmbH, Unna          ', 'Alfred-Nobel-Str. 22               ', '', '59423 ', 'Unna                         ', 'DE'),
('93888', 'Leible GmbH                        ', '                                   ', 'Leible GmbH, Rheinmuenster         ', 'Körnersbühnd 2                     ', '', '77836 ', 'Rheinmünster                 ', 'DE'),
('94158', 'Meinhardt Lebensmittellogistik     ', '                                   ', 'Meinhardt Lebensmittellogistik, Ess', 'Ofterdingenstr. 52                 ', '', '45279 ', 'Essen                        ', 'DE'),
('94164', 'M+M Logistik GmbH                  ', '                                   ', 'M+M Logistik GmbH, Duisburg        ', 'Beckerfelder Str. 96               ', '', '47269 ', 'Duisburg                     ', 'DE'),
('94176', 'Meyer Quick Service                ', 'Logistics GmbH & Co. KG            ', 'Meyer Quick Service , Taucha       ', 'Pönitzer Weg 2                     ', '', '04425 ', 'Taucha                       ', 'DE'),
('94177', 'Maku-Trans-Service                 ', '                                   ', 'Maku-Trans-Service, Panketal       ', 'Gluckstr. 1                        ', '', '16341 ', 'Panketal                     ', 'DE'),
('94180', 'M & M GmbH                         ', '                                   ', 'M & M GmbH, Korschenbroich         ', 'Hansestr. 3-9                      ', '', '41352 ', 'Korschenbroich               ', 'DE'),
('94203', 'Mooy Logistics                     ', '                                   ', 'Mooy Logistics, AK Waddinxveen     ', 'Postbus 407                        ', '', '2740 ', 'AK Waddinxveen                ', 'DE'),
('94237', 'Alfred Nöbauer                     ', 'Internationale Transporte          ', 'Noebauer, Nussdorf                 ', 'Kirchenstr. 31                     ', '', '5151 ', 'Nussdorf                      ', 'DE'),
('94241', 'Nagel Airfreight GmbH              ', '                                   ', 'Nagel Airfreight GmbH, Frankfurt   ', 'Tor 26, Geb. 454                   ', '', '60549 ', 'Frankfurt                    ', 'DE'),
('94269', 'Prim@ever                          ', 'Batiment O2                        ', 'Prim@ever,Rungis                   ', 'Av. de Bourgogne Min               ', '', 'Rungis ', '                            ', 'DE'),
('94270', 'Plug Verpackungs GmbH              ', '                                   ', 'Plug Verpackungs GmbH, Huerth      ', 'Marktweg 54                        ', '', '50354 ', 'Hürth                        ', 'DE'),
('94273', 'Primafrio Murcia                   ', 'Poligono Industrial la Serreta     ', 'Primafrio Murcia, Molina de Segura ', 'C/Buenos Aires s/n                 ', '', '30500 ', 'Molina de Segura             ', 'DE'),
('94292', 'Pflanz Transport GmbH              ', '                                   ', 'Pflanz Transport GmbH, Berlin      ', 'Hadlichstr. 26                     ', '', '13187 ', 'Berlin                       ', 'DE'),
('94301', 'Quattro Log                        ', '                                   ', 'Quattro Log, Unterschleissheim     ', 'Ohmstr. 2                          ', '', '85716 ', 'Unterschleißheim             ', 'DE'),
('94302', 'QFS Sp.zo.o.                       ', '                                   ', 'QFS Sp.zo.o., Warszawa             ', 'ul. Siennna 85/72                  ', '', '00-815 ', 'Warszawa                    ', 'DE'),
('94912', 'Özen Internationale Transporte     ', '                                   ', 'Oezen, Duisburg                    ', 'Rheinhausener Str. 191             ', '', '47053 ', 'Duisburg                     ', 'DE'),
('95180', 'Rumpler                            ', '                                   ', 'Rumpler, Leutenbach                ', 'Dietzhof 2                         ', '', '91359 ', 'Leutenbach                   ', 'DE'),
('95183', 'Transporte Römer                   ', '                                   ', 'Roemer, Duisburg                   ', 'Uferstr. 15                        ', '', '47228 ', 'Duisburg                     ', 'DE'),
('95190', 'U. Reiter GmbH                     ', '                                   ', 'Reiter GmbH, Neuweiler             ', 'H.-Löns-Str. 45                    ', '', '75389 ', 'Neuweiler                    ', 'DE'),
('95191', 'Rondo Ganahl AG                    ', '                                   ', 'Rondo Ganahl AG, Frastanz          ', 'Rotfarbweg 5                       ', '', '6820 ', 'Frastanz                      ', 'DE'),
('95325', 'Seidel GmbH                        ', 'Transport- u. Handelsgesellschaft  ', 'Seidel GmbH, Grafschaft            ', 'Wernher-von-Braun-Str. 12a         ', '', '53501 ', 'Grafschaft                   ', 'DE'),
('95355', 'Sommer & Backhaus GbR              ', '                                   ', 'Sommer & Backhaus GbR, Kirchseelte ', 'Zum Gewerbepark 1                  ', '', '27243 ', 'Kirchseelte                  ', 'DE'),
('95357', 'Transports SRD                     ', 'Quai numero 1 et 2                 ', 'Transport SRD, Rungis              ', 'Avenue Trois Marchés               ', '', '94150 ', 'Rungis                       ', 'DE'),
('95675', 'Spedition Schmid                   ', 'GmbH & Co. KG                      ', 'Schmid Spedition, Muenchen         ', 'Schäftlarnstr.                     ', '', '80769 ', 'München                      ', 'DE'),
('95676', 'Schraud & Baunach GmbH             ', '                                   ', 'Schraud & Baunach GmbH, Wuerzburg  ', 'Louis-Pasteur-Str. 5               ', '', '97076 ', 'Würzburg                     ', 'DE'),
('96126', 'Strietzel-Logistik GmbH            ', '                                   ', 'Strietzel-Logistik GmbH, Seevetal  ', 'Ohlendorfer Straße 83              ', '', '21220 ', 'Seevetal                     ', 'DE'),
('96131', 'E. u. J. Strobel Ges. m.b.H        ', '                                   ', 'Strobel, Wien                      ', 'Laxenburger Str. 365/A 9           ', '', '1230 ', 'Wien                          ', 'DE'),
('96710', 'Transecu Frio S.L.                 ', '                                   ', 'Transecu Frio S.L., Pamplona       ', 'Avda. Zaragoza No. 8               ', '', '31191 ', 'Pamplona                     ', 'DE'),
('96752', 'Termo-Ekspres d.o.o.               ', '                                   ', 'Termo-Ekspres d.o.o., Zagreb       ', 'Ul. Gaj 4                          ', '', '10000 ', 'Zagreb                       ', 'DE'),
('96769', 'TFT Transportes-Garraioak, S.L.U.  ', '                                   ', 'TFT Transportes, Donostia-San Sebas', 'Calle Nornahi, 2                   ', '', '20016 ', 'Donostia-San Sebastian       ', 'DE'),
('96774', 'Teca Pesca sprl                    ', '                                   ', 'Teca Prime,Bruxelles               ', 'Boulevard M. Lemonnier, 82         ', '', '1000 ', 'Bruxelles                     ', 'DE'),
('96778', 'Transthermos GmbH                  ', 'Einlagerungen                      ', 'Transthermos, Muelheim a.d. R.     ', 'Weseler Str. 91-101                ', '', '45478 ', 'Mülheim a.d. R.              ', 'DE'),
('97063', 'Vreughdenhil Internationaal        ', 'Transport B.V.                     ', 'Vreughdenhil, LM Maasdijk          ', 'Transportweg 23                    ', '', '2676 ', 'LM Maasdijk                   ', 'DE'),
('97066', 'Transportes Valiente, S.L.         ', '                                   ', 'Valiente, S.L. , DOS HERMANAS (Sevi', 'Carretera Don Rodrigo, s/n         ', '', '41701 ', 'DOS HERMANAS (Sevilla)       ', 'DE'),
('97070', 'Venloer Transport GmbH             ', '                                   ', 'Venlo Transporte, RH Venlo         ', 'Niederhelsum 12                    ', '', '47652 ', 'Weeze                        ', 'DE'),
('97074', 'Valenciana del Frio, S.A.          ', '                                   ', 'Valenciana del Frio, Quart de Poble', 'Camino de Piteras, s/n             ', '', '46930 ', 'Quart de Poblet (Valencia)   ', 'DE'),
('97403', 'Weiße Spedition GmbH               ', '                                   ', 'Weisse Spedition GmbH, Berlin      ', 'Genshagener Straße 27              ', '', '14974 ', 'Ludwigsfelde                 ', 'DE'),
('97406', 'Weustenfeld Fruchtverpackung GmbH  ', '                                   ', 'Weustenfeld Fruchtverpackung GmbH, ', 'Oldentruper Str. 145               ', '', '33605 ', 'Bielefeld                    ', 'DE'),
('97409', 'Walmar                             ', 'PL5360013390                       ', 'Walmar, 05-120 Legionowo           ', 'ul.gen.J.Sowinskiego 8 lok.48      ', '', '05-120 ', 'Legionowo                   ', 'DE'),
('97410', 'Wirtz, Franz GmbH                  ', 'Spedition                          ', 'Wirtz                              ', 'Johann-Philipp-Reis-Str. 22        ', '', '53332 ', 'Bornheim                     ', 'DE'),
('97419', 'West Plant Group                   ', '                                   ', 'West Plant Group, RG Venlo         ', 'Venrayseweg 111                    ', '', '5928 ', 'RG Venlo                      ', 'DE'),
('97436', 'Westfrucht GmbH                    ', '                                   ', 'Westfrucht, Dortmund               ', 'Fröndenbergstr. 26                 ', '', '44287 ', 'Dortmund                     ', 'DE'),
('97448', 'Winkelmann Recycling GmbH          ', '                                   ', 'Winkelmann Recycling GmbH , Dortmun', 'Feineisenstr. 3                    ', '', '44339 ', 'Dortmund                     ', 'DE'),
('98000', 'Zon fruit & vegetables Verpakking  ', '                                   ', 'Zon fruit & vegetables Verpakking, ', 'Venrayseweg 104                    ', '', '5928 ', 'RH Venlo                      ', 'DE'),
('98006', 'Silvio Zühlke Spedition            ', '                                   ', 'Zuehlke Spedition, Grabsleben      ', 'Cobstädter Str. 72                 ', '', '99869 ', 'Grabsleben                   ', 'DE'),
('98007', 'Josef Zettl                        ', 'Transporte - Fruchthandel          ', 'Zettl, Neustadt bei Coburg         ', 'Arnoldplatz 10                     ', '', '96465 ', 'Neustadt bei Coburg          ', 'DE'),
('999010', 'Marktvertrieb Dieter Schwerin      ', '                                   ', 'Marktvertrieb Dieter Schwerin, Duis', 'Paul-Rücker-Str. 6b                ', '', '47059 ', 'Duisburg                     ', 'DE'),
('999011', 'Marktvertrieb Dieter Schwerin II   ', 'Lager II                           ', 'Marktvertrieb Dieter Schwerin II, D', 'Paul-Rücker-Str. 6b                ', '', '47059 ', 'Duisburg                     ', 'DE'),
('999044', 'Wilms-Verpackungen GbR             ', '                                   ', 'Wilms-Verpackungen, Kaarst         ', 'Alte Heerstr. 151                  ', '', '41564 ', 'Kaarst                       ', 'DE'),
('999045', 'Transporte Bajerbach               ', '                                   ', 'L&T Transporte GmbH, Essen         ', 'II. Schichtstraße 34               ', '', '45329 ', 'Essen                        ', 'DE'),
('99990', 'Umpackkosten                       ', '                                   ', 'Umpackkosten,Duisburg              ', '                                   ', '', 'Duisburg ', '                          ', 'DE'),
('99991', 'Verpackung Zwetschgen              ', '                                   ', 'Verpackung Zwetschgen,Duisburg     ', '                                   ', '', 'Duisburg ', '                          ', 'DE'),
('99992', 'Über-/Mindermengen                 ', '                                   ', 'Uebermengen                        ', '                                   ', '', '47059 ', 'Duisburg                     ', 'DE');
INSERT INTO `customer` (`No`, `name`, `name_2`, `customer_short`, `street`, `street_2`, `PO_code`, `city`, `country_code`) VALUES
('99993', 'Bestandsdifferenzen                ', '                                   ', 'Bestandsdifferenzen, Duisburg      ', '                                   ', '', '47059 ', 'Duisburg                     ', 'DE'),
('99994', 'Umlagerungen                       ', '                                   ', 'Umlagerungen,                      ', '                                   ', '', 'Duisburg ', '                          ', 'DE'),
('99995', 'Frachtkosten extern                ', '                                   ', 'Frachtkosten extern                ', '                                   ', '', 'Duisburg ', '                          ', 'DE'),
('99996', 'Frachtkosten eigen                 ', '                                   ', 'Frachtkosten eigen                 ', '                                   ', '', 'Duisburg ', '-                         ', 'DE'),
('99997', 'Folierkosten                       ', '                                   ', 'Folierkosten                       ', '                                   ', '', 'Duisburg ', '                          ', 'DE'),
('99998', 'Umbuchungen                        ', '                                   ', 'Umbuchungen, Duisburg              ', '                                   ', '', '47059 ', 'Duisburg                     ', 'DE'),
('99999', 'Verlustkunde                       ', 'Aufpack                            ', 'Verlustkunde, Duisburg             ', '                                   ', '', '47059 ', 'Duisburg                     ', 'DE');

-- --------------------------------------------------------

--
-- Tabellenstruktur für Tabelle `customer_group`
--

CREATE TABLE `customer_group` (
  `No` int(11) NOT NULL,
  `customer_group` varchar(255) COLLATE utf8_unicode_ci NOT NULL
) ENGINE=InnoDB DEFAULT CHARSET=utf8 COLLATE=utf8_unicode_ci;

-- --------------------------------------------------------

--
-- Tabellenstruktur für Tabelle `customer_label`
--

CREATE TABLE `customer_label` (
  `No` int(11) NOT NULL,
  `customer` varchar(20) CHARACTER SET utf8 COLLATE utf8_unicode_ci NOT NULL,
  `label` int(11) NOT NULL
) ENGINE=InnoDB DEFAULT CHARSET=latin1;

-- --------------------------------------------------------

--
-- Tabellenstruktur für Tabelle `delivery_requirement`
--

CREATE TABLE `delivery_requirement` (
  `No` int(11) NOT NULL,
  `requirement` varchar(255) COLLATE utf8_unicode_ci NOT NULL,
  `customer_group` varchar(20) COLLATE utf8_unicode_ci NOT NULL
) ENGINE=InnoDB DEFAULT CHARSET=utf8 COLLATE=utf8_unicode_ci;

-- --------------------------------------------------------

--
-- Tabellenstruktur für Tabelle `global_settings`
--

CREATE TABLE `global_settings` (
  `id` int(11) NOT NULL,
  `inb_wo_po` tinyint(1) NOT NULL,
  `connect_to_BTM` tinyint(1) NOT NULL
) ENGINE=InnoDB DEFAULT CHARSET=utf8 COLLATE=utf8_unicode_ci;

--
-- Daten für Tabelle `global_settings`
--

INSERT INTO `global_settings` (`id`, `inb_wo_po`, `connect_to_BTM`) VALUES
(1, 1, 1);

-- --------------------------------------------------------

--
-- Tabellenstruktur für Tabelle `habour`
--

CREATE TABLE `habour` (
  `No` int(11) NOT NULL,
  `habour` varchar(50) COLLATE utf8_unicode_ci NOT NULL
) ENGINE=InnoDB DEFAULT CHARSET=utf8 COLLATE=utf8_unicode_ci;

--
-- Daten für Tabelle `habour`
--

INSERT INTO `habour` (`No`, `habour`) VALUES
(0, ''),
(2, 'Rotterdam');

-- --------------------------------------------------------

--
-- Tabellenstruktur für Tabelle `inbound`
--

CREATE TABLE `inbound` (
  `No` int(11) NOT NULL,
  `position` varchar(20) COLLATE utf8_unicode_ci NOT NULL,
  `purchase_order` varchar(20) COLLATE utf8_unicode_ci NOT NULL,
  `stock_location` int(11) NOT NULL,
  `forwarder` varchar(255) COLLATE utf8_unicode_ci NOT NULL,
  `truck` varchar(50) COLLATE utf8_unicode_ci NOT NULL,
  `trailor` varchar(50) COLLATE utf8_unicode_ci NOT NULL,
  `container` varchar(50) COLLATE utf8_unicode_ci NOT NULL,
  `arrival` datetime NOT NULL,
  `v_delivery_note` varchar(50) COLLATE utf8_unicode_ci NOT NULL,
  `transport_temperature` decimal(10,2) NOT NULL
) ENGINE=InnoDB DEFAULT CHARSET=utf8 COLLATE=utf8_unicode_ci;

--
-- Daten für Tabelle `inbound`
--

INSERT INTO `inbound` (`No`, `position`, `purchase_order`, `stock_location`, `forwarder`, `truck`, `trailor`, `container`, `arrival`, `v_delivery_note`, `transport_temperature`) VALUES
(1, '22681', '426074', 1, 'Akdeniz', '', 'DA KT 1022', '', '2017-11-06 08:10:00', '', '6.00'),
(4, '22721', '426136', 1, 'Top Line', '', 'OG-VD-3586', '', '2017-11-07 06:25:00', '', '5.50'),
(5, '22731', '426135', 1, 'Primafrio', '', 'R-8676-BCM', '', '2017-11-07 07:00:00', '', '4.00'),
(6, '22771', '426137', 1, 'Mooy', '', 'BX LP 45', '', '2017-11-07 07:00:00', '6135-1', '5.50'),
(7, '22772', '426151', 1, 'Mooy', '', 'BX LP 45', '', '2017-11-06 07:00:00', '6572-1', '5.50'),
(8, '22201', '426175', 1, 'MVS', '', 'MVS', '', '2017-11-06 18:00:00', '', '4.00'),
(9, '22841', '426159', 1, 'Van Daalen', '', '34 BDJ 6', '', '2017-11-08 07:00:00', '6475-3', '5.00'),
(10, '22842', '426155', 1, 'Van Daalen', '', '34 BDJ 6', '', '2017-11-08 07:00:00', '6437-1', '5.00'),
(11, '22843', '426183', 1, 'Van Daalen', '', '34 BDJ 5', '', '2017-11-08 09:41:00', '126704', '0.00'),
(12, '22851', '426181', 1, 'Hellmann', '', 'Hellmann', '', '2017-11-08 07:30:00', '', '5.00'),
(13, '22961', '426182', 1, 'Hellmann', '', 'Hellmann', '', '2017-11-09 07:00:00', '', '6.00'),
(14, '22971', '426208', 1, 'Carrion', '', 'R-7245-BCG', '', '2017-11-09 12:14:00', '', '8.00'),
(15, '22951', '426187', 1, 'Van Daalen', '', '61-DSD-9', '', '2017-11-09 07:40:00', '', '4.00'),
(16, '22953', '426185', 1, 'Van Daalen', '', '61 DSD 9', '', '2017-11-09 07:40:00', '', '4.00'),
(17, '22952', '426214', 1, 'Van Daalen', '', '61 DSD 9', '', '2017-11-09 07:40:00', '', '4.00'),
(18, '22981', '426157', 1, 'Carrion', '', 'R7290 BCM', '', '2017-11-09 11:00:00', '', '4.00'),
(19, '22982', '426154', 1, 'Carrion', '', 'R7290 BCM', '', '2017-11-09 11:00:00', '', '4.20'),
(20, '23061', '426178', 1, 'Carrion', '', 'R-7427-BCL', '', '2017-11-10 09:00:00', '', '4.00'),
(21, '23062', '426186', 1, 'Carrion', '', 'R-7427-BCL', '', '2017-11-10 09:00:00', '', '0.00'),
(22, '23071', '426228', 1, 'Mooy', '', 'BH HZ 39', '', '2017-11-10 12:00:00', '', '5.00'),
(23, '23072', '426227', 1, 'Mooy', '', 'BH HZ 39', '', '2017-11-10 12:00:00', '', '5.00');

-- --------------------------------------------------------

--
-- Tabellenstruktur für Tabelle `inbound_line`
--

CREATE TABLE `inbound_line` (
  `No` int(11) NOT NULL,
  `inbound` int(11) NOT NULL,
  `line` int(11) NOT NULL,
  `purchase_order` varchar(20) COLLATE utf8_unicode_ci NOT NULL,
  `po_line` int(11) NOT NULL,
  `product` varchar(20) COLLATE utf8_unicode_ci NOT NULL,
  `variant` varchar(30) COLLATE utf8_unicode_ci NOT NULL,
  `trading_units` int(11) NOT NULL,
  `packing_units` int(11) NOT NULL,
  `pallet` int(11) NOT NULL,
  `pallets` int(11) NOT NULL,
  `tu_pallet` int(11) NOT NULL,
  `lot` varchar(50) COLLATE utf8_unicode_ci NOT NULL,
  `barcode` varchar(50) COLLATE utf8_unicode_ci NOT NULL,
  `certificate` int(11) NOT NULL DEFAULT '0',
  `brix` decimal(10,2) NOT NULL,
  `ass_line` int(11) NOT NULL DEFAULT '0',
  `items_checked` int(11) NOT NULL DEFAULT '0',
  `remarks` text COLLATE utf8_unicode_ci NOT NULL,
  `checked_by` varchar(100) COLLATE utf8_unicode_ci NOT NULL,
  `reversed_to` int(11) NOT NULL
) ENGINE=InnoDB DEFAULT CHARSET=utf8 COLLATE=utf8_unicode_ci;

--
-- Daten für Tabelle `inbound_line`
--

INSERT INTO `inbound_line` (`No`, `inbound`, `line`, `purchase_order`, `po_line`, `product`, `variant`, `trading_units`, `packing_units`, `pallet`, `pallets`, `tu_pallet`, `lot`, `barcode`, `certificate`, `brix`, `ass_line`, `items_checked`, `remarks`, `checked_by`, `reversed_to`) VALUES
(1, 1, 10000, '426074', 1, '0026', '0026MX12.000125K438015110', 333, 3996, 2, 2, 225, '', '', 0, '0.00', 0, 100, '', 'Mirzet', 0),
(4, 4, 10000, '426136', 4, '0032', '0032ES12125E641301110', 0, 0, 1, 0, 0, '', '', 0, '0.00', 0, 0, '', '', 0),
(5, 4, 20000, '426136', 5, '0032', '0032ES12125K438216110', 496, 5952, 1, 2, 248, '4406', '13', 0, '0.00', 0, 50, 'Kontrolliert von Daisy. 8 Kolli Bruch', 'Mirzet', 0),
(6, 5, 10000, '426135', 6, '0032', '0032PT12125K438215110', 270, 3240, 2, 1, 270, '', '', 0, '0.00', 0, 50, 'Kontrolliert von Daisy', 'Mirzet', 0),
(7, 1, 20000, '426074', 1, '0026', '0026MX12125K438015110', 0, 0, 2, 2, 225, '', '', 0, '0.00', 0, 100, '', 'Mirzet', 0),
(8, 6, 10000, '426137', 7, '0032', '0032PT12125K438216111', 224, 2688, 1, 1, 224, '', '13', 0, '0.00', 0, 100, '', '', 0),
(9, 6, 20000, '426137', 8, '0032', '0032PT12125K438216110', 448, 5376, 1, 2, 224, '', '13', 0, '0.00', 0, 100, '', '', 0),
(10, 6, 30000, '426137', 9, '0032', '0032PT12125K438216110', 448, 5376, 1, 2, 224, '', '13', 0, '0.00', 0, 100, '', '', 0),
(11, 6, 40000, '426137', 10, '0026', '0026BE8125K438216111', 224, 1792, 1, 1, 224, '', '13', 0, '0.00', 0, 100, '', '', 0),
(12, 7, 10000, '426151', 11, '0030', '0030NL8500K438215111', 0, 0, 1, 0, 0, '', '', 0, '0.00', 0, 0, 'Kleine Früchte', 'Mirzet', 19),
(13, 7, 20000, '426151', 12, '0030', '0030NL8500K438016111', 2, 16, 2, 1, 2, '', '13', 0, '0.00', 0, 0, 'Kleine Früchte', 'Mirzet', 0),
(14, 7, 30000, '426151', 13, '0030', '0030NL12400K438216111', 1, 12, 2, 0, 0, '', '13', 0, '0.00', 0, 12, '', 'Mirzet', 0),
(15, 7, 40000, '426151', 14, '0032', '0032MA12125K438016111', 2010, 24120, 1, 9, 223, '4401,4402', '13', 0, '0.00', 0, 0, 'Teilweise matt und vereinzelt dunkel', 'Mirzet', 0),
(16, 7, 50000, '426151', 15, '0032', '0032PT12125K438216111', 1500, 18000, 1, 6, 156, '4401,4402', '13', 0, '0.00', 0, 100, '', 'Mirzet', 0),
(17, 8, 10000, '426175', 16, '0026', '0026MX8125K338216110', 0, 0, 1, 1, 0, '4404', '13', 0, '0.00', 0, 50, 'Saftig ,Rote zellen', 'Imamovic', 0),
(18, 7, 60000, '426151', 17, '0030', '0030NL8500K6411615111', 50, 400, 1, 1, 50, '', '', 0, '0.00', 0, 100, 'Kleine Früchte', 'Mirzet', 0),
(19, 7, 70000, '426151', 11, '0030', '0030NL8500K438215111', 0, 0, 1, 0, 0, '', '', 0, '0.00', 0, 0, 'Storno zu 22772 Zeile 10000', 'Mirzet', 12),
(20, 9, 10000, '426159', 18, '0032', '0032PT12125K438216111', 224, 2688, 1, 1, 224, '4403', '13', 0, '0.00', 0, 100, '', 'Mirzet', 0),
(21, 9, 20000, '426159', 19, '0026', '0026NL8125K438216110', 448, 3584, 1, 2, 224, '', '13', 0, '0.00', 0, 100, 'Teilweise weich und matt', '', 0),
(22, 10, 10000, '426155', 20, '0030', '0030NL10250K438216111', 120, 1200, 1, 1, 120, '', '13', 0, '0.00', 0, 100, '', 'Mirzet', 0),
(23, 10, 20000, '426155', 21, '0032', '0032PT12125K438216111', 224, 2688, 1, 1, 224, '', '13', 0, '0.00', 0, 100, '', 'Mirzet', 0),
(24, 10, 30000, '426155', 22, '0031', '0031PE12125K338216111', 180, 2160, 2, 1, 180, '4006', '13', 0, '0.00', 0, 100, '', 'Mirzet', 0),
(25, 10, 40000, '426155', 23, '0026', '0026NL8125K438216111', 224, 1792, 1, 1, 224, '', '13', 0, '0.00', 0, 100, '', 'Mirzet', 0),
(26, 11, 10000, '426183', 24, '0030', '0030NL8500K438215111', 60, 480, 2, 1, 60, '', '', 0, '0.00', 0, 50, 'Kleine Früchte', 'Mirzet', 0),
(27, 12, 10000, '426181', 25, '0026', '0026MX12125K438215110', 900, 10800, 2, 4, 225, '', '', 0, '0.00', 0, 100, 'Kontroliert von Daisy', 'Mirzet', 0),
(28, 13, 10000, '426182', 26, '0026', '0026MX12125K43821110', 450, 5400, 2, 1, 450, '', '', 0, '0.00', 0, 20, 'Kontroliert von Daisy', 'Mirzet', 37),
(29, 13, 20000, '426182', 27, '0026', '0026MX12125K438215110', 450, 5400, 2, 1, 450, '', '', 0, '0.00', 0, 20, 'Kontroliert von Daisy', ' Mirzet', 0),
(30, 14, 10000, '426208', 28, '0032', '0032MA12125K438215110', 570, 6840, 2, 2, 285, '', '', 0, '0.00', 0, 50, '10Kolli Bruch .Kontrolliert von Daisy', 'Mirzet', 0),
(31, 15, 10000, '426187', 29, '0026', '0026NL8125K438216111', 224, 1792, 1, 1, 224, '', '13', 0, '0.00', 0, 100, '', '', 0),
(32, 15, 20000, '426187', 30, '0032', '0032PT12125K43821110', 224, 2688, 1, 1, 224, '', '13', 0, '0.00', 0, 100, '', 'Mirzet', 0),
(33, 16, 10000, '426185', 31, '0030', '0030NL10250K438016111', 80, 800, 1, 1, 80, '', '13', 0, '0.00', 0, 0, '', 'Mirzet', 0),
(34, 16, 20000, '426185', 32, '0030', '0030NL10250K438216111', 40, 400, 1, 1, 40, '', '13', 0, '0.00', 0, 100, '', 'Mirzet', 0),
(35, 17, 10000, '426214', 33, '0032', '0032PT12125K438216111', 254, 3048, 1, 1, 254, '', '13', 0, '0.00', 0, 100, '', 'Mirzet', 0),
(36, 17, 20000, '426214', 34, '0032', '0032MA12125K438216111', 471, 5652, 1, 2, 236, '4404', '13', 0, '0.00', 0, 100, 'Teilweise sehr dunkel', 'Mirzet', 0),
(37, 13, 30000, '426182', 26, '0026', '0026MX12125K43821110', -450, -5400, 2, 1, 450, '', '', 0, '0.00', 0, 20, 'Storno zu 22961 Zeile 10000', 'Mirzet', 28),
(38, 18, 10000, '426157', 35, '0032', '0032ES12125K338215110', 240, 2880, 1, 1, 240, '', '', 0, '0.00', 0, 50, 'WE kontrolle durch GCS', 'Imamovic', 39),
(39, 18, 20000, '426157', 35, '0032', '0032ES12125K338215110', -240, -2880, 1, 1, 240, '', '', 0, '0.00', 0, 50, 'Storno zu 22981 Zeile 10000', 'Imamovic', 38),
(40, 19, 10000, '426154', 36, '0032', '0032ES12125K338215110', 240, 2880, 2, 1, 240, '', '', 0, '0.00', 0, 0, '2 Kisten Bruch,Obere Lage frost Schaden (WE kontrolle durch GCS)', 'Imamovic', 0),
(41, 20, 10000, '426178', 37, '0032', '0032ES8125K438015110', 160, 1280, 1, 1, 160, '', '', 0, '0.00', 0, 50, 'Kontrolliert von Daisy', 'Mirzet', 0),
(42, 21, 10000, '426186', 38, '0032', '0032ES12125K438215110', 240, 2880, 1, 1, 240, '', '', 0, '0.00', 0, 50, 'Kontrolliert von Daisy', 'Mirzet', 0),
(43, 22, 10000, '426228', 39, '0031', '0031PE12500K438416111', 113, 113, 2, 1, 113, '', '', 0, '0.00', 0, 100, 'Sehr schwache Ware', 'Mirzet', 0),
(44, 22, 20000, '426228', 40, '0032', '0032PT12125K438216111', 445, 5340, 1, 2, 223, '4403', '13', 0, '0.00', 0, 100, '', 'Mirzet', 0),
(45, 23, 10000, '426227', 41, '0026', '0026NL8125K338216111', 448, 3584, 1, 2, 224, '', '13', 0, '0.00', 0, 100, '', 'Mirzet', 0);

-- --------------------------------------------------------

--
-- Tabellenstruktur für Tabelle `incoterm`
--

CREATE TABLE `incoterm` (
  `No` varchar(10) CHARACTER SET utf8 COLLATE utf8_unicode_ci NOT NULL,
  `Incoterm` varchar(255) CHARACTER SET utf8 COLLATE utf8_unicode_ci NOT NULL,
  `Freight` tinyint(1) NOT NULL,
  `Insurance` tinyint(1) NOT NULL
) ENGINE=InnoDB DEFAULT CHARSET=latin1;

--
-- Daten für Tabelle `incoterm`
--

INSERT INTO `incoterm` (`No`, `Incoterm`, `Freight`, `Insurance`) VALUES
('CFR', 'Cost and Freight', 1, 0),
('CIF', 'Cost Insurance Freight', 1, 1),
('CIP', 'Carriage and Insurance Paid to', 1, 1),
('CPT', 'Carriage Paid To', 1, 0),
('DAP', 'Delivered At Place', 1, 1),
('DAT', 'Delivered A Terminal', 0, 0),
('DDP', 'Delivered Duty Paid', 1, 1),
('EXW', 'Ex Works', 0, 0),
('FAS', 'Free Alongside Ship', 0, 0),
('FCA', 'Free Carrier', 0, 0),
('FOB', 'Free on Board', 0, 0);

-- --------------------------------------------------------

--
-- Tabellenstruktur für Tabelle `inventory`
--

CREATE TABLE `inventory` (
  `No` int(11) NOT NULL,
  `inventory_head` int(11) NOT NULL,
  `inbound_line` int(11) NOT NULL,
  `date` date NOT NULL,
  `room` int(11) NOT NULL,
  `rack` int(11) NOT NULL,
  `level` int(11) NOT NULL,
  `pallets` int(11) NOT NULL,
  `tu_pallet` int(11) NOT NULL,
  `trading_units` int(11) NOT NULL
) ENGINE=InnoDB DEFAULT CHARSET=latin1;

--
-- Daten für Tabelle `inventory`
--

INSERT INTO `inventory` (`No`, `inventory_head`, `inbound_line`, `date`, `room`, `rack`, `level`, `pallets`, `tu_pallet`, `trading_units`) VALUES
(1, 2, 1, '2017-11-07', 0, 0, 0, 1, 225, 225),
(2, 2, 4, '2017-11-07', 0, 0, 0, 0, 0, 0),
(3, 2, 5, '2017-11-07', 0, 0, 0, 0, 248, 0),
(4, 2, 6, '2017-11-07', 0, 0, 0, 0, 270, 0),
(8, 2, 7, '2017-11-07', 0, 0, 0, 1, 225, 108);

-- --------------------------------------------------------

--
-- Tabellenstruktur für Tabelle `inventory_head`
--

CREATE TABLE `inventory_head` (
  `No` int(11) NOT NULL,
  `stock_location` int(11) NOT NULL,
  `date` datetime NOT NULL,
  `state` tinyint(4) NOT NULL,
  `started` datetime NOT NULL,
  `ended` datetime DEFAULT NULL
) ENGINE=InnoDB DEFAULT CHARSET=utf8 COLLATE=utf8_unicode_ci;

--
-- Daten für Tabelle `inventory_head`
--

INSERT INTO `inventory_head` (`No`, `stock_location`, `date`, `state`, `started`, `ended`) VALUES
(1, 0, '2017-10-23 13:33:42', 2, '2017-10-23 13:33:42', '2017-11-07 09:20:26'),
(2, 0, '2017-11-07 09:20:33', 1, '2017-11-07 09:20:33', NULL);

-- --------------------------------------------------------

--
-- Tabellenstruktur für Tabelle `inventory_status`
--

CREATE TABLE `inventory_status` (
  `No` int(11) NOT NULL,
  `status` varchar(50) COLLATE utf8_unicode_ci NOT NULL
) ENGINE=InnoDB DEFAULT CHARSET=utf8 COLLATE=utf8_unicode_ci;

--
-- Daten für Tabelle `inventory_status`
--

INSERT INTO `inventory_status` (`No`, `status`) VALUES
(2, 'Beendet'),
(0, 'Eröffnet'),
(1, 'in Zählung');

-- --------------------------------------------------------

--
-- Tabellenstruktur für Tabelle `label`
--

CREATE TABLE `label` (
  `No` int(11) NOT NULL,
  `label` varchar(255) CHARACTER SET utf8 COLLATE utf8_unicode_ci NOT NULL,
  `label_short` varchar(25) CHARACTER SET utf8 COLLATE utf8_unicode_ci NOT NULL
) ENGINE=InnoDB DEFAULT CHARSET=latin1 COLLATE=latin1_general_cs;

--
-- Daten für Tabelle `label`
--

INSERT INTO `label` (`No`, `label`, `label_short`) VALUES
(1, 'ALDI NORD Heidelbeeren', 'AN'),
(2, 'ALDI NORD Himbeeren', 'AN'),
(3, 'ALDI NORD Brombeeren', 'AN'),
(4, 'ALDI NORD Erdbeeren', 'AN'),
(5, 'ALDI NORD Heidelbeeren DE', 'ANDE'),
(6, 'ALDI NORD Himbeeren DE', 'ANDE'),
(7, 'ALDI NORD Brombeeren DE', 'ANDE'),
(8, 'ALDI NORD Erdbeeren DE', 'ANDE'),
(9, 'REWE Beste Wahl Heidelbeeren', 'RBW'),
(10, 'REWE Beste Wahl Himbeeren', 'RBW'),
(11, 'REWE Beste Wahl Brombeeren', 'RBW'),
(12, 'REWE Beste Wahl Erdbeeren', 'RBW'),
(13, 'Meine Beeren', 'MB'),
(14, 'Meine Beeren Selected', 'MBS'),
(15, 'Ohne Auszeichnung', 'WOL'),
(16, 'Lieferanten Etikett', 'PL');

-- --------------------------------------------------------

--
-- Tabellenstruktur für Tabelle `label_countries`
--

CREATE TABLE `label_countries` (
  `No` int(11) NOT NULL,
  `label` int(11) NOT NULL,
  `country` int(11) NOT NULL
) ENGINE=InnoDB DEFAULT CHARSET=latin1;

-- --------------------------------------------------------

--
-- Tabellenstruktur für Tabelle `label_product`
--

CREATE TABLE `label_product` (
  `No` int(11) NOT NULL,
  `label` int(11) NOT NULL,
  `product` varchar(20) CHARACTER SET utf8 COLLATE utf8_unicode_ci NOT NULL
) ENGINE=InnoDB DEFAULT CHARSET=latin1;

-- --------------------------------------------------------

--
-- Tabellenstruktur für Tabelle `logistics_customer`
--

CREATE TABLE `logistics_customer` (
  `No` int(11) NOT NULL,
  `customer` varchar(20) CHARACTER SET utf8 COLLATE utf8_unicode_ci NOT NULL,
  `variant` varchar(20) CHARACTER SET utf8 COLLATE utf8_unicode_ci NOT NULL,
  `Trading_Unit_lp` int(11) NOT NULL
) ENGINE=InnoDB DEFAULT CHARSET=latin1 COLLATE=latin1_general_cs;

-- --------------------------------------------------------

--
-- Tabellenstruktur für Tabelle `movement`
--

CREATE TABLE `movement` (
  `No` int(11) NOT NULL,
  `Movement` varchar(30) CHARACTER SET utf8 COLLATE utf8_unicode_ci NOT NULL,
  `direction` int(11) NOT NULL
) ENGINE=InnoDB DEFAULT CHARSET=latin1 COLLATE=latin1_general_cs;

--
-- Daten für Tabelle `movement`
--

INSERT INTO `movement` (`No`, `Movement`, `direction`) VALUES
(1, 'Zugang', 1),
(2, 'Abgang', -1);

-- --------------------------------------------------------

--
-- Tabellenstruktur für Tabelle `movements`
--

CREATE TABLE `movements` (
  `No` int(11) NOT NULL,
  `movement` int(11) NOT NULL,
  `date` datetime NOT NULL,
  `trading_units` int(11) NOT NULL,
  `packing_units` int(11) NOT NULL,
  `trading_units_production` int(11) NOT NULL,
  `packing_units_production` int(11) NOT NULL,
  `status` int(11) NOT NULL,
  `type` int(11) NOT NULL,
  `stock_location` int(11) NOT NULL,
  `room` int(11) NOT NULL,
  `rack` int(11) NOT NULL,
  `remarks` text CHARACTER SET utf8 COLLATE utf8_unicode_ci NOT NULL,
  `in_order_line` int(11) NOT NULL,
  `inbound_line` int(11) NOT NULL,
  `out_order_line` int(11) NOT NULL,
  `outbound_line` int(11) NOT NULL
) ENGINE=InnoDB DEFAULT CHARSET=latin1 COLLATE=latin1_general_cs;

--
-- Daten für Tabelle `movements`
--

INSERT INTO `movements` (`No`, `movement`, `date`, `trading_units`, `packing_units`, `trading_units_production`, `packing_units_production`, `status`, `type`, `stock_location`, `room`, `rack`, `remarks`, `in_order_line`, `inbound_line`, `out_order_line`, `outbound_line`) VALUES
(1, 1, '2017-11-06 08:10:00', 333, 3996, 333, 3996, 3, 0, 1, 0, 0, '', 1, 1, 0, 0),
(4, 1, '2017-11-07 07:14:00', 0, 0, 0, 0, 3, 0, 1, 0, 0, '', 4, 4, 0, 0),
(5, 1, '2017-11-07 06:25:00', 496, 5952, 496, 5952, 3, 0, 1, 0, 0, '', 5, 5, 0, 0),
(6, 1, '2017-11-07 07:00:00', 270, 3240, 270, 3240, 3, 0, 1, 0, 0, '', 6, 6, 0, 0),
(7, 2, '2017-11-07 09:21:38', 225, 2700, 225, 2700, 3, 2, 1, 0, 0, 'Packauftrag bei Zählung', 0, 1, 39, 39),
(8, 1, '2017-11-07 09:21:38', 225, 2700, 225, 2700, 3, 2, 1, 0, 0, 'Packauftrag bei Zählung', 40, 7, 0, 0),
(9, 1, '2017-11-07 11:00:00', 224, 2688, 224, 2688, 3, 0, 1, 0, 0, '', 7, 8, 0, 0),
(10, 1, '2017-11-07 07:00:00', 448, 5376, 448, 5376, 3, 0, 1, 0, 0, '', 8, 9, 0, 0),
(11, 1, '2017-11-07 07:00:00', 448, 5376, 448, 5376, 3, 0, 1, 0, 0, '', 9, 10, 0, 0),
(12, 1, '2017-11-07 07:00:00', 224, 1792, 224, 1792, 3, 0, 1, 0, 0, '', 10, 11, 0, 0),
(13, 1, '2017-11-07 11:00:00', 0, 0, 0, 0, 3, 0, 1, 0, 0, '', 11, 12, 0, 0),
(14, 1, '2017-11-07 11:00:00', 2, 16, 2, 16, 3, 0, 1, 0, 0, '', 12, 13, 0, 0),
(15, 1, '2017-11-06 11:00:00', 1, 12, 1, 12, 3, 0, 1, 0, 0, '', 13, 14, 0, 0),
(16, 1, '2017-11-07 11:00:00', 2010, 24120, 2010, 24120, 3, 0, 1, 0, 0, '', 14, 15, 0, 0),
(17, 1, '2017-11-07 11:00:00', 1500, 18000, 1500, 18000, 3, 0, 1, 0, 0, '', 15, 16, 0, 0),
(18, 1, '2017-11-06 18:00:00', 0, 0, 0, 0, 3, 0, 1, 0, 0, '', 16, 17, 0, 0),
(19, 1, '2017-11-06 07:00:00', 50, 400, 50, 400, 3, 0, 1, 0, 0, '', 17, 18, 0, 0),
(20, 1, '2017-11-07 16:10:08', 0, 0, 0, 0, 3, 0, 1, 0, 0, 'Storno zu 22772 Zeile 10000', 0, 12, 0, 19),
(21, 1, '2017-11-08 08:52:00', 224, 2688, 224, 2688, 3, 0, 1, 0, 0, '', 18, 20, 0, 0),
(22, 1, '2017-11-08 07:00:00', 448, 3584, 448, 3584, 3, 0, 1, 0, 0, '', 19, 21, 0, 0),
(23, 1, '2017-11-08 07:10:00', 120, 1200, 120, 1200, 3, 0, 1, 0, 0, '', 20, 22, 0, 0),
(24, 1, '2017-11-08 07:10:00', 224, 2688, 224, 2688, 3, 0, 1, 0, 0, '', 21, 23, 0, 0),
(25, 1, '2017-11-08 07:00:00', 180, 2160, 180, 2160, 3, 0, 1, 0, 0, '', 22, 24, 0, 0),
(26, 1, '2017-11-08 07:00:00', 224, 1792, 224, 1792, 3, 0, 1, 0, 0, '', 23, 25, 0, 0),
(27, 1, '2017-11-08 09:41:00', 60, 480, 60, 480, 3, 0, 1, 0, 0, '', 24, 26, 0, 0),
(28, 1, '2017-11-08 07:30:00', 900, 10800, 900, 10800, 3, 0, 1, 0, 0, '', 25, 27, 0, 0),
(29, 1, '2017-11-09 12:00:00', 450, 5400, 450, 5400, 3, 0, 1, 0, 0, '', 26, 28, 0, 0),
(30, 1, '2017-11-09 07:00:00', 450, 5400, 450, 5400, 3, 0, 1, 0, 0, '', 27, 29, 0, 0),
(31, 1, '2017-11-09 12:14:00', 570, 6840, 570, 6840, 3, 0, 1, 0, 0, '', 28, 30, 0, 0),
(32, 1, '2017-11-09 07:40:00', 224, 1792, 224, 1792, 3, 0, 1, 0, 0, '', 29, 31, 0, 0),
(33, 1, '2017-11-09 07:40:00', 224, 2688, 224, 2688, 3, 0, 1, 0, 0, '', 30, 32, 0, 0),
(34, 1, '2017-11-09 07:40:00', 80, 800, 80, 800, 3, 0, 1, 0, 0, '', 31, 33, 0, 0),
(35, 1, '2017-11-09 07:40:00', 40, 400, 40, 400, 3, 0, 1, 0, 0, '', 32, 34, 0, 0),
(36, 1, '2017-11-09 07:40:00', 254, 3048, 254, 3048, 3, 0, 1, 0, 0, '', 33, 35, 0, 0),
(37, 1, '2017-11-09 07:40:00', 471, 5652, 471, 5652, 3, 0, 1, 0, 0, '', 34, 36, 0, 0),
(38, 1, '2017-11-09 13:25:31', -450, -5400, -450, -5400, 3, 0, 1, 0, 0, 'Storno zu 22961 Zeile 10000', 0, 28, 0, 37),
(39, 1, '2017-11-09 11:00:00', 240, 2880, 240, 2880, 3, 0, 1, 0, 0, '', 35, 38, 0, 0),
(40, 1, '2017-11-09 14:35:48', -240, -2880, -240, -2880, 3, 0, 1, 0, 0, 'Storno zu 22981 Zeile 10000', 0, 38, 0, 39),
(41, 1, '2017-11-09 11:00:00', 240, 2880, 240, 2880, 3, 0, 1, 0, 0, '', 36, 40, 0, 0),
(42, 1, '2017-11-10 09:00:00', 160, 1280, 160, 1280, 3, 0, 1, 0, 0, '', 37, 41, 0, 0),
(43, 1, '2017-11-10 09:00:00', 240, 2880, 240, 2880, 3, 0, 1, 0, 0, '', 38, 42, 0, 0),
(44, 1, '2017-11-10 13:10:00', 113, 113, 113, 113, 3, 0, 1, 0, 0, '', 39, 43, 0, 0),
(45, 1, '2017-11-10 12:00:00', 445, 5340, 445, 5340, 3, 0, 1, 0, 0, '', 40, 44, 0, 0),
(46, 1, '2017-11-10 12:00:00', 448, 3584, 448, 3584, 3, 0, 1, 0, 0, '', 41, 45, 0, 0);

-- --------------------------------------------------------

--
-- Tabellenstruktur für Tabelle `movement_status`
--

CREATE TABLE `movement_status` (
  `no` int(11) NOT NULL,
  `status` varchar(255) CHARACTER SET utf8 COLLATE utf8_unicode_ci NOT NULL,
  `color_code` varchar(30) CHARACTER SET utf8 COLLATE utf8_unicode_ci NOT NULL
) ENGINE=InnoDB DEFAULT CHARSET=latin1 COLLATE=latin1_general_cs;

--
-- Daten für Tabelle `movement_status`
--

INSERT INTO `movement_status` (`no`, `status`, `color_code`) VALUES
(1, 'erwartet', 'blue'),
(2, 'geplant', 'red'),
(3, 'erfasst', 'black');

-- --------------------------------------------------------

--
-- Tabellenstruktur für Tabelle `movement_type`
--

CREATE TABLE `movement_type` (
  `No` int(11) NOT NULL,
  `movement_type` varchar(50) COLLATE utf8_unicode_ci NOT NULL
) ENGINE=InnoDB DEFAULT CHARSET=utf8 COLLATE=utf8_unicode_ci;

--
-- Daten für Tabelle `movement_type`
--

INSERT INTO `movement_type` (`No`, `movement_type`) VALUES
(3, 'Bestandsveränderung'),
(1, 'Debitorisch'),
(0, 'Kreditorisch'),
(2, 'Produktion');

-- --------------------------------------------------------

--
-- Tabellenstruktur für Tabelle `packaging`
--

CREATE TABLE `packaging` (
  `No` varchar(20) CHARACTER SET utf8 COLLATE utf8_unicode_ci NOT NULL,
  `packaging` varchar(255) CHARACTER SET utf8 COLLATE utf8_unicode_ci NOT NULL,
  `length` int(11) NOT NULL,
  `width` int(11) NOT NULL,
  `height` int(11) NOT NULL,
  `weight` int(11) DEFAULT NULL,
  `DSD_type` int(11) DEFAULT NULL
) ENGINE=InnoDB DEFAULT CHARSET=latin1 COLLATE=latin1_general_cs;

--
-- Daten für Tabelle `packaging`
--

INSERT INTO `packaging` (`No`, `packaging`, `length`, `width`, `height`, `weight`, `DSD_type`) VALUES
('0', 'Stück', 1, 1, 1, 1, NULL),
('1', 'Schale/Folie', 60, 20, 15, 25, NULL),
('2', 'Schale/Deckel', 0, 0, 0, 28, NULL),
('3', 'Beutel', 0, 0, 0, 15, NULL),
('4', 'Lose', 0, 0, 0, 0, NULL),
('5', 'Clemshell', 0, 0, 0, 28, NULL),
('6', 'Schale offen', 0, 0, 0, 20, NULL),
('7', 'Körbchen offen', 280, 88, 110, 120, NULL),
('8', 'Körbchen foliert', 280, 88, 110, 130, NULL);

-- --------------------------------------------------------

--
-- Tabellenstruktur für Tabelle `pallet`
--

CREATE TABLE `pallet` (
  `No` int(11) NOT NULL,
  `pallet` varchar(50) COLLATE utf8_unicode_ci NOT NULL,
  `pallet_desc` varchar(255) COLLATE utf8_unicode_ci NOT NULL,
  `EU_unit_factor` decimal(10,2) NOT NULL,
  `length` int(11) NOT NULL,
  `width` int(11) NOT NULL,
  `height` int(11) NOT NULL,
  `weight` int(11) NOT NULL,
  `pool` tinyint(1) NOT NULL
) ENGINE=InnoDB DEFAULT CHARSET=utf8 COLLATE=utf8_unicode_ci;

--
-- Daten für Tabelle `pallet`
--

INSERT INTO `pallet` (`No`, `pallet`, `pallet_desc`, `EU_unit_factor`, `length`, `width`, `height`, `weight`, `pool`) VALUES
(1, 'Euro', 'Europalette', '1.00', 1200, 800, 250, 20000, 1),
(2, 'Verlust', 'Verlust Euro', '1.00', 1200, 800, 250, 15000, 0),
(3, 'Pool', 'Poolpalette', '1.33', 1200, 1000, 250, 30000, 1),
(4, 'Indu', 'Verlust Industrie', '1.33', 1200, 1000, 250, 30000, 0),
(5, 'DHP', 'Düsseldorfer Halbpalette', '0.50', 800, 600, 250, 12000, 1),
(6, 'DPA', 'DPA Palette', '1.33', 1200, 1000, 250, 25000, 0);

-- --------------------------------------------------------

--
-- Tabellenstruktur für Tabelle `price_allocation`
--

CREATE TABLE `price_allocation` (
  `No` tinyint(4) NOT NULL,
  `Allocation` varchar(25) CHARACTER SET utf8 COLLATE utf8_unicode_ci NOT NULL,
  `Allocation_Desc` varchar(25) CHARACTER SET utf8 COLLATE utf8_unicode_ci NOT NULL
) ENGINE=InnoDB DEFAULT CHARSET=latin1;

--
-- Daten für Tabelle `price_allocation`
--

INSERT INTO `price_allocation` (`No`, `Allocation`, `Allocation_Desc`) VALUES
(0, 'Total', 'total'),
(1, 'per PU', '€ / Stk'),
(2, 'per Kg', '€ / Kg'),
(3, 'per TU', '€ / Kollo');

-- --------------------------------------------------------

--
-- Tabellenstruktur für Tabelle `product`
--

CREATE TABLE `product` (
  `No` varchar(20) CHARACTER SET utf8 COLLATE utf8_unicode_ci NOT NULL,
  `product` varchar(20) CHARACTER SET utf8 COLLATE utf8_unicode_ci NOT NULL,
  `product_group` int(11) NOT NULL
) ENGINE=InnoDB DEFAULT CHARSET=latin1 COLLATE=latin1_general_cs;

--
-- Daten für Tabelle `product`
--

INSERT INTO `product` (`No`, `product`, `product_group`) VALUES
('0026', 'Brombeeren', 2),
('0030', 'Erdbeeren', 1),
('0031', 'Heidelbeeren', 2),
('0032', 'Himbeeren', 2),
('0033', 'Johannisbeeren', 2),
('0034', 'Kranbeeren', 2),
('0234', 'Butternut', 7),
('0235', 'Hokaido', 7),
('0250', 'Sitzaprika rot', 4);

-- --------------------------------------------------------

--
-- Tabellenstruktur für Tabelle `production_order`
--

CREATE TABLE `production_order` (
  `No` int(11) NOT NULL,
  `stock_location` int(11) NOT NULL,
  `start` datetime NOT NULL,
  `end` datetime NOT NULL,
  `created` datetime NOT NULL
) ENGINE=InnoDB DEFAULT CHARSET=utf8 COLLATE=utf8_unicode_ci;

--
-- Daten für Tabelle `production_order`
--

INSERT INTO `production_order` (`No`, `stock_location`, `start`, `end`, `created`) VALUES
(6, 1, '2017-09-02 21:13:30', '2017-09-02 21:13:30', '2017-09-02 21:13:30'),
(8, 1, '2017-09-02 22:00:26', '2017-09-02 22:00:26', '2017-09-02 22:00:26'),
(11, 1, '2017-09-04 12:33:51', '2017-09-04 12:33:51', '2017-09-04 12:33:51'),
(12, 1, '2017-09-04 12:35:14', '2017-09-04 12:35:14', '2017-09-04 12:35:14'),
(13, 1, '2017-09-04 12:46:30', '2017-09-04 12:46:30', '2017-09-04 12:46:30'),
(14, 1, '2017-09-04 16:50:27', '2017-09-04 16:50:27', '2017-09-04 16:50:27'),
(15, 1, '2017-09-20 17:03:49', '2017-09-20 17:03:49', '2017-09-20 17:03:49'),
(16, 1, '2017-09-29 13:46:35', '2017-09-29 13:46:35', '2017-09-29 13:46:35'),
(17, 1, '2017-09-29 13:46:43', '2017-09-29 13:46:43', '2017-09-29 13:46:43'),
(18, 1, '2017-09-29 15:22:20', '2017-09-29 15:22:20', '2017-09-29 15:22:20'),
(19, 1, '2017-09-29 15:23:26', '2017-09-29 15:23:26', '2017-09-29 15:23:26'),
(20, 1, '2017-09-29 15:32:25', '2017-09-29 15:32:25', '2017-09-29 15:32:25'),
(21, 1, '2017-10-06 14:06:51', '2017-10-06 14:06:51', '2017-10-06 14:06:51'),
(22, 1, '2017-10-06 14:07:35', '2017-10-06 14:07:35', '2017-10-06 14:07:35'),
(23, 1, '2017-11-07 09:21:38', '2017-11-07 09:21:38', '2017-11-07 09:21:38');

-- --------------------------------------------------------

--
-- Tabellenstruktur für Tabelle `production_order_line`
--

CREATE TABLE `production_order_line` (
  `No` int(11) NOT NULL,
  `production_order` int(11) NOT NULL,
  `type` int(11) NOT NULL,
  `line` int(11) NOT NULL,
  `product` varchar(20) COLLATE utf8_unicode_ci NOT NULL,
  `variant` varchar(30) COLLATE utf8_unicode_ci NOT NULL,
  `trading_units` int(11) NOT NULL,
  `packing_units` int(11) NOT NULL,
  `pallet` int(11) NOT NULL,
  `pallets` int(11) NOT NULL,
  `tu_pallet` int(11) NOT NULL,
  `start` datetime NOT NULL,
  `end` datetime NOT NULL
) ENGINE=InnoDB DEFAULT CHARSET=utf8 COLLATE=utf8_unicode_ci;

--
-- Daten für Tabelle `production_order_line`
--

INSERT INTO `production_order_line` (`No`, `production_order`, `type`, `line`, `product`, `variant`, `trading_units`, `packing_units`, `pallet`, `pallets`, `tu_pallet`, `start`, `end`) VALUES
(7, 6, 1, 10000, '0031', '0031DE12125K438215110', 240, 2880, 1, 1, 240, '2017-09-02 21:13:30', '2017-09-02 21:13:30'),
(8, 6, 2, 10000, '0031', '0031DE12125E641321110', 240, 2880, 1, 1, 240, '2017-09-02 21:13:30', '2017-09-02 21:13:30'),
(11, 8, 1, 10000, '0030', '0030DE61000E6413715110', 72, 432, 1, 1, 72, '2017-09-02 22:00:26', '2017-09-02 22:00:26'),
(12, 8, 2, 10000, '0030', '0030DE61000K6413813110', 72, 432, 1, 1, 72, '2017-09-02 22:00:26', '2017-09-02 22:00:26'),
(15, 11, 1, 10000, '0030', '0030DE61000E6413715110', 0, 0, 1, 0, 72, '2017-09-04 12:33:51', '2017-09-04 12:33:51'),
(16, 11, 2, 10000, '0030', '0030DE61000E641311110', 0, 0, 1, 0, 72, '2017-09-04 12:33:51', '2017-09-04 12:33:51'),
(17, 12, 1, 10000, '0030', '0030DE61000E6413715110', 72, 432, 1, 1, 72, '2017-09-04 12:35:14', '2017-09-04 12:35:14'),
(18, 12, 2, 10000, '0030', '0030DE61000H6411813110', 72, 432, 1, 1, 72, '2017-09-04 12:35:14', '2017-09-04 12:35:14'),
(19, 13, 1, 10000, '0030', '0030DE61000E6413715110', 72, 432, 1, 1, 72, '2017-09-04 12:46:30', '2017-09-04 12:46:30'),
(20, 13, 2, 10000, '0030', '0030DE61000E6413813110', 72, 432, 1, 1, 72, '2017-09-04 12:46:30', '2017-09-04 12:46:30'),
(21, 14, 1, 10000, '0030', '0030DE10500K6413615110', 72, 720, 1, 1, 72, '2017-09-04 16:50:27', '2017-09-04 16:50:27'),
(22, 14, 2, 10000, '0030', '0030DE10500K641324110', 72, 720, 1, 1, 72, '2017-09-04 16:50:27', '2017-09-04 16:50:27'),
(23, 15, 1, 10000, '0030', '0030DE10250E6413615110', 120, 1200, 1, 2, 60, '2017-09-20 17:03:49', '2017-09-20 17:03:49'),
(24, 15, 2, 10000, '0030', '0030DE10250K6411A14110', 120, 1200, 1, 2, 60, '2017-09-20 17:03:49', '2017-09-20 17:03:49'),
(25, 16, 1, 10000, '0032', '0032ES12125K438215110', 180, 2160, 1, 1, 180, '2017-09-29 13:46:35', '2017-09-29 13:46:35'),
(26, 16, 2, 10000, '0032', '0032ES12125K438110', 180, 2160, 1, 1, 180, '2017-09-29 13:46:35', '2017-09-29 13:46:35'),
(27, 17, 1, 10000, '0032', '0032ES12125K438215110', 180, 2160, 1, 1, 180, '2017-09-29 13:46:43', '2017-09-29 13:46:43'),
(28, 17, 2, 10000, '0032', '0032ES12125K438110', 180, 2160, 1, 1, 180, '2017-09-29 13:46:43', '2017-09-29 13:46:43'),
(29, 18, 1, 10000, '0032', '0032ES12125K438215110', 180, 2160, 1, 1, 180, '2017-09-29 15:22:20', '2017-09-29 15:22:20'),
(30, 18, 2, 10000, '0032', '0032ES12125K43822110', 180, 2160, 1, 1, 180, '2017-09-29 15:22:20', '2017-09-29 15:22:20'),
(31, 19, 1, 10000, '0032', '0032ES12125K438215110', 180, 2160, 1, 1, 180, '2017-09-29 15:23:26', '2017-09-29 15:23:26'),
(32, 19, 2, 10000, '0032', '0032ES12125K43822110', 180, 2160, 1, 1, 180, '2017-09-29 15:23:26', '2017-09-29 15:23:26'),
(33, 20, 1, 10000, '0031', '0031PL15000K6413415110', 120, 120, 1, 1, 120, '2017-09-29 15:32:25', '2017-09-29 15:32:25'),
(34, 20, 2, 10000, '0031', '0031PL15000K641321110', 120, 120, 1, 1, 120, '2017-09-29 15:32:25', '2017-09-29 15:32:25'),
(35, 21, 1, 10000, '0031', '0031PL12125K438615110', 320, 3840, 1, 2, 200, '2017-10-06 14:06:51', '2017-10-06 14:06:51'),
(36, 21, 2, 10000, '0031', '0031PL12125K43821110', 320, 3840, 1, 2, 160, '2017-10-06 14:06:51', '2017-10-06 14:06:51'),
(37, 22, 1, 10000, '0031', '0031PL12125K438615110', 200, 2400, 1, 1, 200, '2017-10-06 14:07:35', '2017-10-06 14:07:35'),
(38, 22, 2, 10000, '0031', '0031PL12125K438015110', 200, 2400, 1, 1, 200, '2017-10-06 14:07:35', '2017-10-06 14:07:35'),
(39, 23, 1, 10000, '0026', '0026MX12.000125K438015110', 225, 2700, 1, 1, 225, '2017-11-07 09:21:38', '2017-11-07 09:21:38'),
(40, 23, 2, 10000, '0026', '0026MX12125K438015110', 225, 2700, 1, 1, 225, '2017-11-07 09:21:38', '2017-11-07 09:21:38');

-- --------------------------------------------------------

--
-- Tabellenstruktur für Tabelle `product_group`
--

CREATE TABLE `product_group` (
  `no` int(11) NOT NULL,
  `product_group` varchar(255) CHARACTER SET utf8 COLLATE utf8_unicode_ci NOT NULL,
  `unece_link` varchar(255) CHARACTER SET utf8 COLLATE utf8_unicode_ci DEFAULT NULL,
  `transport_temp_min` decimal(10,2) NOT NULL,
  `transport_temp_max` decimal(10,2) NOT NULL,
  `storage_temp_min` decimal(10,2) NOT NULL,
  `storage_temp_max` decimal(10,2) NOT NULL,
  `ethylene_emitent` tinyint(4) NOT NULL,
  `ethylene_sensitive` tinyint(4) NOT NULL,
  `brix_min` decimal(10,2) NOT NULL,
  `brix_max` decimal(10,2) NOT NULL
) ENGINE=InnoDB DEFAULT CHARSET=latin1;

--
-- Daten für Tabelle `product_group`
--

INSERT INTO `product_group` (`no`, `product_group`, `unece_link`, `transport_temp_min`, `transport_temp_max`, `storage_temp_min`, `storage_temp_max`, `ethylene_emitent`, `ethylene_sensitive`, `brix_min`, `brix_max`) VALUES
(1, 'Erdbeeren', 'http://www.unece.org/fileadmin/DAM/trade/agr/standard/fresh/FFV-Std/English/35Strawberries_2010.pdf', '1.00', '4.00', '0.00', '4.00', 0, 1, '0.00', '0.00'),
(2, 'Beerenfrüchte', 'http://www.unece.org/fileadmin/DAM/trade/agr/standard/fresh/FFV-Std/English/57BerryFruits.pdf', '1.00', '4.00', '0.00', '4.00', 0, 1, '0.00', '0.00'),
(4, 'Paprika', 'http://www.unece.org/fileadmin/DAM/trade/agr/standard/fresh/FFV-Std/English/28Sweet_Peppers_2016_E.pdf', '6.00', '10.00', '6.00', '10.00', 0, 1, '0.00', '0.00'),
(5, 'Kirschen', 'http://www.unece.org/fileadmin/DAM/trade/agr/standard/fresh/FFV-Std/English/13Cherries_2010.pdf', '0.00', '4.00', '0.00', '4.00', 0, 1, '0.00', '0.00'),
(6, 'Gurken', 'http://www.unece.org/fileadmin/DAM/trade/agr/standard/fresh/FFV-Std/English/15Cucumbers_2010.pdf', '6.00', '10.00', '6.00', '10.00', 0, 0, '0.00', '0.00'),
(7, 'Kürbis', 'http://www.ble.de/SharedDocs/Downloads/DE/Ernaehrung-Lebensmittel/Vermarktungsnormen/VermarktungsnormenObstGemuese/AllgVermarktungsnormenErlaeuterungen.pdf?__blob=publicationFile&v=1', '0.00', '0.00', '0.00', '0.00', 0, 0, '0.00', '0.00');

-- --------------------------------------------------------

--
-- Tabellenstruktur für Tabelle `purchase_order`
--

CREATE TABLE `purchase_order` (
  `No` varchar(25) COLLATE utf8_unicode_ci NOT NULL,
  `vendor` varchar(20) COLLATE utf8_unicode_ci NOT NULL,
  `stock_location` int(11) NOT NULL,
  `departure` datetime NOT NULL,
  `arrival` datetime NOT NULL,
  `v_sales_order` varchar(50) COLLATE utf8_unicode_ci NOT NULL,
  `forwarder` varchar(50) CHARACTER SET utf8 COLLATE utf8_bin NOT NULL,
  `truck` varchar(30) COLLATE utf8_unicode_ci NOT NULL,
  `trailor` varchar(30) COLLATE utf8_unicode_ci NOT NULL,
  `container` varchar(50) COLLATE utf8_unicode_ci NOT NULL,
  `vessel` int(11) NOT NULL,
  `habour` int(11) NOT NULL,
  `incoterm` varchar(10) COLLATE utf8_unicode_ci DEFAULT NULL,
  `transport_temp_min` decimal(10,2) NOT NULL,
  `transport_temp_max` decimal(10,2) NOT NULL
) ENGINE=InnoDB DEFAULT CHARSET=utf8 COLLATE=utf8_unicode_ci;

--
-- Daten für Tabelle `purchase_order`
--

INSERT INTO `purchase_order` (`No`, `vendor`, `stock_location`, `departure`, `arrival`, `v_sales_order`, `forwarder`, `truck`, `trailor`, `container`, `vessel`, `habour`, `incoterm`, `transport_temp_min`, `transport_temp_max`) VALUES
('426074', '086118', 1, '2017-11-06 00:00:00', '2017-11-06 00:00:00', '', 'Akdeniz', '', 'DA KT 1022', '', 0, 0, 'DDP', '1.00', '4.00'),
('426135', '082628', 1, '2017-11-07 00:00:00', '2017-11-07 00:00:00', '', 'Primafrio', '', 'R-8676-BCM', '', 0, 0, 'DDP', '1.00', '4.00'),
('426136', '071580', 1, '2017-11-07 00:00:00', '2017-11-07 00:00:00', '', 'Top Line', '', 'OG-VD-3586', '', 0, 0, 'DDP', '1.00', '4.00'),
('426137', '072136', 1, '2017-11-07 07:00:00', '2017-11-07 07:00:00', '', 'Mooy', '', 'BX LP 45', '', 0, 0, 'DDP', '1.00', '4.00'),
('426151', '072136', 1, '2017-11-06 07:00:00', '2017-11-06 07:00:00', '', 'Mooy', '', 'BX LP 45', '', 0, 0, 'DDP', '1.00', '4.00'),
('426154', '095940', 1, '2017-11-09 11:00:00', '2017-11-09 11:00:00', '', 'Carrion', '', 'R7290 BCM', '', 0, 0, 'DDP', '1.00', '4.00'),
('426155', '072136', 1, '2017-11-08 07:00:00', '2017-11-08 07:00:00', '', 'Van Daalen', '', '34 BDJ 6', '', 0, 0, 'DDP', '1.00', '4.00'),
('426157', '092117', 1, '2017-11-09 11:00:00', '2017-11-09 11:00:00', '', 'Carrion', '', 'R7290 BCM', '', 0, 0, 'DDP', '1.00', '4.00'),
('426159', '072136', 1, '2017-11-08 07:00:00', '2017-11-08 07:00:00', '', '', '', '', '', 0, 0, 'DDP', '1.00', '4.00'),
('426175', '099809', 1, '2017-11-07 18:00:00', '2017-11-07 18:00:00', '', 'MVS', '', 'MVS', '', 0, 0, 'DDP', '4.00', '4.00'),
('426178', '095940', 1, '2017-11-10 09:00:00', '2017-11-10 09:00:00', '', 'Carrion', '', 'R-7427-BCL', '', 0, 0, 'DDP', '1.00', '4.00'),
('426181', '086118', 1, '2017-11-08 07:00:00', '2017-11-08 07:00:00', '', 'Hellmann', '', 'Hellmann', '', 0, 0, 'DDP', '1.00', '4.00'),
('426182', '086118', 1, '2017-11-10 08:00:00', '2017-11-10 08:00:00', '', 'Hellmann', '', '', '', 0, 0, 'DDP', '1.00', '4.00'),
('426183', '072136', 1, '2017-11-08 08:00:00', '2017-11-08 08:00:00', '', 'Van Daalen', '', '34 BDJ 5', '', 0, 0, 'DDP', '1.00', '4.00'),
('426185', '072136', 1, '2017-11-09 07:40:00', '2017-11-09 07:40:00', '', '', '', '', '', 0, 0, 'DDP', '1.00', '4.00'),
('426186', '092117', 1, '2017-11-10 09:00:00', '2017-11-10 09:00:00', '', 'Carrion', '', 'R-7427-BCL', '', 0, 0, 'DDP', '1.00', '4.00'),
('426187', '072136', 1, '2017-11-09 07:40:00', '2017-11-09 07:40:00', '', 'Van Daalen', '', '61-DSD-9', '', 0, 0, 'DDP', '1.00', '4.00'),
('426208', '070110', 1, '2017-11-09 12:14:00', '2017-11-09 12:14:00', '', 'Carrion', '', 'R-7245-BCG', '', 0, 0, 'DDP', '1.00', '4.00'),
('426214', '072136', 1, '2017-11-09 07:40:00', '2017-11-09 07:40:00', '', 'Van Daalen', '', '61 DSD 9', '', 0, 0, 'DDP', '1.00', '4.00'),
('426227', '072136', 1, '2017-11-10 12:00:00', '2017-11-10 12:00:00', '', 'Mooy', '', 'BH HZ 39', '', 0, 0, 'DDP', '1.00', '4.00'),
('426228', '072136', 1, '2017-11-10 13:10:00', '2017-11-10 13:10:00', '', '', '', '', '', 0, 0, 'DDP', '1.00', '4.00');

-- --------------------------------------------------------

--
-- Tabellenstruktur für Tabelle `purchase_order_line`
--

CREATE TABLE `purchase_order_line` (
  `No` int(11) NOT NULL,
  `Purchase_order` varchar(25) CHARACTER SET utf8 COLLATE utf8_unicode_ci NOT NULL,
  `Line` int(11) NOT NULL,
  `Product` varchar(20) NOT NULL,
  `Variant` varchar(30) CHARACTER SET utf8 COLLATE utf8_unicode_ci NOT NULL,
  `Trading_Units` mediumint(9) NOT NULL,
  `PU_TU` tinyint(4) NOT NULL,
  `Packing_Units` smallint(6) NOT NULL,
  `TU_Pallet` smallint(6) NOT NULL,
  `pallet` int(11) NOT NULL,
  `Pallets` smallint(6) NOT NULL,
  `Price` float NOT NULL,
  `Price_Allocation` tinyint(4) NOT NULL,
  `lot` varchar(10) NOT NULL,
  `barcode` varchar(160) NOT NULL,
  `certificate` int(11) NOT NULL,
  `brix_min` decimal(10,2) NOT NULL,
  `brix_max` decimal(10,2) NOT NULL,
  `ass_line` int(11) NOT NULL DEFAULT '0'
) ENGINE=InnoDB DEFAULT CHARSET=latin1;

--
-- Daten für Tabelle `purchase_order_line`
--

INSERT INTO `purchase_order_line` (`No`, `Purchase_order`, `Line`, `Product`, `Variant`, `Trading_Units`, `PU_TU`, `Packing_Units`, `TU_Pallet`, `pallet`, `Pallets`, `Price`, `Price_Allocation`, `lot`, `barcode`, `certificate`, `brix_min`, `brix_max`, `ass_line`) VALUES
(1, '426074', 10000, '0026', '0026MX12.000125K438015110', 225, 12, 2700, 225, 2, 1, 0, 0, '', '', 0, '0.00', '0.00', 0),
(4, '426136', 10000, '0032', '0032ES12125E641301110', 496, 12, 5952, 0, 1, 0, 0, 0, '', '', 0, '0.00', '0.00', 0),
(5, '426136', 20000, '0032', '0032ES12125K438216110', 496, 12, 5952, 248, 1, 2, 0, 0, '', '', 0, '0.00', '0.00', 0),
(6, '426135', 10000, '0032', '0032PT12125K438215110', 270, 12, 3240, 270, 2, 1, 0, 0, '', '', 0, '0.00', '0.00', 0),
(7, '426137', 10000, '0032', '0032PT12125K438216111', 224, 12, 2688, 224, 1, 1, 0, 0, '', '', 0, '0.00', '0.00', 0),
(8, '426137', 20000, '0032', '0032PT12125K438216110', 448, 12, 5376, 224, 1, 2, 0, 0, '', '', 0, '0.00', '0.00', 0),
(9, '426137', 30000, '0032', '0032PT12125K438216110', 448, 12, 5376, 224, 1, 2, 0, 0, '', '', 0, '0.00', '0.00', 0),
(10, '426137', 40000, '0026', '0026BE8125K438216111', 224, 8, 1792, 224, 1, 1, 0, 0, '', '', 0, '0.00', '0.00', 0),
(11, '426151', 10000, '0030', '0030NL8500K438215111', 50, 8, 400, 0, 1, 0, 0, 0, '', '', 0, '0.00', '0.00', 0),
(12, '426151', 20000, '0030', '0030NL8500K438016111', 2, 8, 16, 2, 2, 1, 0, 0, '', '', 0, '0.00', '0.00', 0),
(13, '426151', 30000, '0030', '0030NL12400K438216111', 1, 12, 12, 0, 2, 0, 0, 0, '', '', 0, '0.00', '0.00', 0),
(14, '426151', 40000, '0032', '0032MA12125K438016111', 2010, 12, 24120, 223, 1, 9, 0, 0, '', '', 0, '0.00', '0.00', 0),
(15, '426151', 50000, '0032', '0032PT12125K438216111', 1500, 12, 18000, 224, 1, 6, 0, 0, '', '', 0, '0.00', '0.00', 0),
(16, '426175', 10000, '0026', '0026MX8125K338216110', 36, 8, 288, 36, 1, 1, 0, 0, '', '', 0, '0.00', '0.00', 0),
(17, '426151', 60000, '0030', '0030NL8500K6411615111', 50, 8, 400, 50, 1, 1, 0, 0, '', '', 0, '0.00', '0.00', 0),
(18, '426159', 10000, '0032', '0032PT12125K438216111', 224, 12, 2688, 224, 1, 1, 0, 0, '', '', 0, '0.00', '0.00', 0),
(19, '426159', 20000, '0026', '0026NL8125K438216110', 448, 8, 3584, 224, 1, 2, 0, 0, '', '', 0, '0.00', '0.00', 0),
(20, '426155', 10000, '0030', '0030NL10250K438216111', 120, 10, 1200, 120, 1, 1, 0, 0, '', '', 0, '0.00', '0.00', 0),
(21, '426155', 20000, '0032', '0032PT12125K438216111', 224, 12, 2688, 224, 1, 1, 0, 0, '', '', 0, '0.00', '0.00', 0),
(22, '426155', 30000, '0031', '0031PE12125K338216111', 180, 12, 2160, 180, 2, 1, 0, 0, '', '', 0, '0.00', '0.00', 0),
(23, '426155', 40000, '0026', '0026NL8125K438216111', 224, 8, 1792, 224, 1, 1, 0, 0, '', '', 0, '0.00', '0.00', 0),
(24, '426183', 10000, '0030', '0030NL8500K438215111', 60, 8, 480, 60, 2, 1, 0, 0, '', '', 0, '0.00', '0.00', 0),
(25, '426181', 10000, '0026', '0026MX12125K438215110', 900, 12, 10800, 225, 2, 4, 0, 0, '', '', 0, '0.00', '0.00', 0),
(26, '426182', 10000, '0026', '0026MX12125K43821110', 370, 12, 4440, 370, 2, 1, 0, 0, '', '', 0, '0.00', '0.00', 0),
(27, '426182', 20000, '0026', '0026MX12125K438215110', 370, 12, 4440, 370, 2, 1, 0, 0, '', '', 0, '0.00', '0.00', 0),
(28, '426208', 10000, '0032', '0032MA12125K438215110', 270, 12, 3240, 135, 2, 2, 0, 0, '', '', 0, '0.00', '0.00', 0),
(29, '426187', 10000, '0026', '0026NL8125K438216111', 224, 8, 1792, 224, 1, 1, 0, 0, '', '', 0, '0.00', '0.00', 0),
(30, '426187', 20000, '0032', '0032PT12125K43821110', 224, 12, 2688, 224, 1, 1, 0, 0, '', '', 0, '0.00', '0.00', 0),
(31, '426185', 10000, '0030', '0030NL10250K438016111', 80, 10, 800, 80, 1, 1, 0, 0, '', '', 0, '0.00', '0.00', 0),
(32, '426185', 20000, '0030', '0030NL10250K438216111', 40, 10, 400, 40, 1, 1, 0, 0, '', '', 0, '0.00', '0.00', 0),
(33, '426214', 10000, '0032', '0032PT12125K438216111', 254, 12, 3048, 254, 1, 1, 0, 0, '', '', 0, '0.00', '0.00', 0),
(34, '426214', 20000, '0032', '0032MA12125K438216111', 448, 12, 5376, 224, 1, 2, 0, 0, '', '', 0, '0.00', '0.00', 0),
(35, '426157', 10000, '0032', '0032ES12125K338215110', 240, 12, 2880, 240, 1, 1, 0, 0, '', '', 0, '0.00', '0.00', 0),
(36, '426154', 10000, '0032', '0032ES12125K338215110', 240, 12, 2880, 240, 2, 1, 0, 0, '', '', 0, '0.00', '0.00', 0),
(37, '426178', 10000, '0032', '0032ES8125K438015110', 160, 8, 1280, 160, 1, 1, 0, 0, '', '', 0, '0.00', '0.00', 0),
(38, '426186', 10000, '0032', '0032ES12125K438215110', 240, 12, 2880, 240, 1, 1, 0, 0, '', '', 0, '0.00', '0.00', 0),
(39, '426228', 10000, '0031', '0031PE12500K438416111', 113, 1, 113, 113, 2, 1, 0, 0, '', '', 0, '0.00', '0.00', 0),
(40, '426228', 20000, '0032', '0032PT12125K438216111', 445, 12, 5340, 223, 1, 2, 0, 0, '', '', 0, '0.00', '0.00', 0),
(41, '426227', 10000, '0026', '0026NL8125K338216111', 448, 8, 3584, 224, 1, 2, 0, 0, '', '', 0, '0.00', '0.00', 0);

-- --------------------------------------------------------

--
-- Tabellenstruktur für Tabelle `qcheckpoint_class`
--

CREATE TABLE `qcheckpoint_class` (
  `No` int(11) NOT NULL,
  `defect_class` varchar(50) COLLATE utf8_unicode_ci NOT NULL,
  `weightning` int(11) NOT NULL
) ENGINE=InnoDB DEFAULT CHARSET=utf8 COLLATE=utf8_unicode_ci;

--
-- Daten für Tabelle `qcheckpoint_class`
--

INSERT INTO `qcheckpoint_class` (`No`, `defect_class`, `weightning`) VALUES
(1, 'mayor defects', 5),
(2, 'minor defects', 3),
(3, 'remarks', 1),
(4, 'logistic', 5);

-- --------------------------------------------------------

--
-- Tabellenstruktur für Tabelle `qcheckpoint_inb_line`
--

CREATE TABLE `qcheckpoint_inb_line` (
  `no` int(11) NOT NULL,
  `quality_checkpoint` int(11) NOT NULL,
  `inbound_line` int(11) NOT NULL,
  `value` decimal(10,4) NOT NULL,
  `max_good` decimal(10,2) NOT NULL,
  `max_regular` decimal(10,2) NOT NULL,
  `base` decimal(10,2) NOT NULL DEFAULT '50.00'
) ENGINE=InnoDB DEFAULT CHARSET=utf8 COLLATE=utf8_unicode_ci;

--
-- Daten für Tabelle `qcheckpoint_inb_line`
--

INSERT INTO `qcheckpoint_inb_line` (`no`, `quality_checkpoint`, `inbound_line`, `value`, `max_good`, `max_regular`, `base`) VALUES
(1, 1, 1, '0.0000', '1.00', '3.00', '100.00'),
(2, 2, 1, '0.0000', '1.00', '2.00', '100.00'),
(3, 3, 1, '0.0000', '1.00', '3.00', '100.00'),
(4, 4, 1, '0.0000', '1.00', '2.00', '100.00'),
(5, 5, 1, '0.0000', '1.00', '3.00', '100.00'),
(6, 6, 1, '0.0000', '2.00', '5.00', '100.00'),
(7, 7, 1, '0.0000', '1.00', '2.00', '100.00'),
(8, 8, 1, '0.0000', '5.00', '10.00', '100.00'),
(9, 9, 1, '0.0000', '5.00', '10.00', '100.00'),
(10, 10, 1, '0.0000', '2.00', '5.00', '100.00'),
(11, 11, 1, '0.0000', '3.00', '6.00', '100.00'),
(12, 12, 1, '0.0000', '2.00', '5.00', '100.00'),
(13, 13, 1, '0.0000', '5.00', '10.00', '100.00'),
(14, 14, 1, '2.0000', '1.00', '3.00', '100.00'),
(15, 15, 1, '0.0000', '1.00', '3.00', '100.00'),
(16, 16, 1, '1.0000', '0.00', '0.00', '0.00'),
(17, 17, 1, '1.0000', '0.00', '0.00', '0.00'),
(18, 18, 1, '8.2000', '1.00', '3.00', '100.00'),
(19, 19, 1, '108.0000', '5.00', '10.00', '225.00'),
(30, 1, 4, '0.0000', '1.00', '3.00', '0.00'),
(31, 2, 4, '0.0000', '1.00', '2.00', '0.00'),
(32, 3, 4, '0.0000', '1.00', '3.00', '0.00'),
(33, 4, 4, '0.0000', '1.00', '2.00', '0.00'),
(34, 5, 4, '0.0000', '1.00', '3.00', '0.00'),
(35, 6, 4, '0.0000', '2.00', '5.00', '0.00'),
(36, 7, 4, '0.0000', '1.00', '2.00', '0.00'),
(37, 8, 4, '0.0000', '5.00', '10.00', '0.00'),
(38, 9, 4, '0.0000', '5.00', '10.00', '0.00'),
(39, 10, 4, '0.0000', '2.00', '5.00', '0.00'),
(40, 11, 4, '0.0000', '3.00', '6.00', '0.00'),
(41, 12, 4, '0.0000', '2.00', '5.00', '0.00'),
(42, 13, 4, '0.0000', '5.00', '10.00', '0.00'),
(43, 14, 4, '-4.5000', '1.00', '3.00', '0.00'),
(44, 15, 4, '0.0000', '1.00', '3.00', '0.00'),
(45, 16, 4, '0.0000', '0.00', '0.00', '0.00'),
(46, 17, 4, '0.0000', '0.00', '0.00', '0.00'),
(47, 18, 4, '7.2000', '1.00', '3.00', '0.00'),
(48, 19, 4, '0.0000', '5.00', '10.00', '0.00'),
(49, 1, 5, '0.0000', '1.00', '3.00', '50.00'),
(50, 2, 5, '0.0000', '1.00', '2.00', '50.00'),
(51, 3, 5, '0.0000', '1.00', '3.00', '50.00'),
(52, 4, 5, '4.0000', '1.00', '2.00', '50.00'),
(53, 5, 5, '0.0000', '1.00', '3.00', '50.00'),
(54, 6, 5, '0.0000', '2.00', '5.00', '50.00'),
(55, 7, 5, '0.0000', '1.00', '2.00', '50.00'),
(56, 8, 5, '0.0000', '5.00', '10.00', '50.00'),
(57, 9, 5, '0.0000', '5.00', '10.00', '50.00'),
(58, 10, 5, '0.0000', '2.00', '5.00', '50.00'),
(59, 11, 5, '0.0000', '3.00', '6.00', '50.00'),
(60, 12, 5, '0.0000', '2.00', '5.00', '50.00'),
(61, 13, 5, '0.0000', '5.00', '10.00', '50.00'),
(62, 14, 5, '1.5000', '1.00', '3.00', '50.00'),
(63, 15, 5, '0.0000', '1.00', '3.00', '50.00'),
(64, 16, 5, '1.0000', '0.00', '0.00', '0.00'),
(65, 17, 5, '1.0000', '0.00', '0.00', '0.00'),
(66, 18, 5, '0.0000', '1.00', '3.00', '50.00'),
(67, 19, 5, '0.0000', '5.00', '10.00', '496.00'),
(68, 1, 6, '0.0000', '1.00', '3.00', '50.00'),
(69, 2, 6, '0.0000', '1.00', '2.00', '50.00'),
(70, 3, 6, '0.0000', '1.00', '3.00', '50.00'),
(71, 4, 6, '3.0000', '1.00', '2.00', '50.00'),
(72, 5, 6, '0.0000', '1.00', '3.00', '50.00'),
(73, 6, 6, '0.0000', '2.00', '5.00', '50.00'),
(74, 7, 6, '0.0000', '1.00', '2.00', '50.00'),
(75, 8, 6, '0.0000', '5.00', '10.00', '50.00'),
(76, 9, 6, '0.0000', '5.00', '10.00', '50.00'),
(77, 10, 6, '0.0000', '2.00', '5.00', '50.00'),
(78, 11, 6, '0.0000', '3.00', '6.00', '50.00'),
(79, 12, 6, '0.0000', '2.00', '5.00', '50.00'),
(80, 13, 6, '0.0000', '5.00', '10.00', '50.00'),
(81, 14, 6, '0.0000', '1.00', '3.00', '50.00'),
(82, 15, 6, '0.0000', '1.00', '3.00', '50.00'),
(83, 16, 6, '0.0000', '0.00', '0.00', '0.00'),
(84, 17, 6, '0.0000', '0.00', '0.00', '0.00'),
(85, 18, 6, '7.0000', '1.00', '3.00', '50.00'),
(86, 19, 6, '0.0000', '5.00', '10.00', '270.00'),
(87, 1, 8, '0.0000', '1.00', '3.00', '100.00'),
(88, 2, 8, '0.0000', '1.00', '2.00', '100.00'),
(89, 3, 8, '0.0000', '1.00', '3.00', '100.00'),
(90, 4, 8, '0.0000', '1.00', '2.00', '100.00'),
(91, 5, 8, '5.0000', '1.00', '3.00', '100.00'),
(92, 6, 8, '0.0000', '2.00', '5.00', '100.00'),
(93, 7, 8, '0.0000', '1.00', '2.00', '100.00'),
(94, 8, 8, '0.0000', '5.00', '10.00', '100.00'),
(95, 9, 8, '0.0000', '5.00', '10.00', '100.00'),
(96, 10, 8, '0.0000', '2.00', '5.00', '100.00'),
(97, 11, 8, '0.0000', '3.00', '6.00', '100.00'),
(98, 12, 8, '0.0000', '2.00', '5.00', '100.00'),
(99, 13, 8, '0.0000', '5.00', '10.00', '100.00'),
(100, 14, 8, '-4.5000', '1.00', '3.00', '100.00'),
(101, 15, 8, '0.0000', '1.00', '3.00', '100.00'),
(102, 16, 8, '0.0000', '0.00', '0.00', '0.00'),
(103, 17, 8, '1.0000', '0.00', '0.00', '0.00'),
(104, 18, 8, '4.0000', '1.00', '3.00', '100.00'),
(105, 19, 8, '0.0000', '5.00', '10.00', '224.00'),
(106, 1, 9, '0.0000', '1.00', '3.00', '100.00'),
(107, 2, 9, '0.0000', '1.00', '2.00', '100.00'),
(108, 3, 9, '0.0000', '1.00', '3.00', '100.00'),
(109, 4, 9, '0.0000', '1.00', '2.00', '100.00'),
(110, 5, 9, '5.0000', '1.00', '3.00', '100.00'),
(111, 6, 9, '0.0000', '2.00', '5.00', '100.00'),
(112, 7, 9, '0.0000', '1.00', '2.00', '100.00'),
(113, 8, 9, '0.0000', '5.00', '10.00', '100.00'),
(114, 9, 9, '0.0000', '5.00', '10.00', '100.00'),
(115, 10, 9, '0.0000', '2.00', '5.00', '100.00'),
(116, 11, 9, '0.0000', '3.00', '6.00', '100.00'),
(117, 12, 9, '0.0000', '2.00', '5.00', '100.00'),
(118, 13, 9, '0.0000', '5.00', '10.00', '100.00'),
(119, 14, 9, '1.5000', '1.00', '3.00', '100.00'),
(120, 15, 9, '0.0000', '1.00', '3.00', '100.00'),
(121, 16, 9, '0.0000', '0.00', '0.00', '0.00'),
(122, 17, 9, '1.0000', '0.00', '0.00', '0.00'),
(123, 18, 9, '0.0000', '1.00', '3.00', '100.00'),
(124, 19, 9, '0.0000', '5.00', '10.00', '448.00'),
(125, 1, 10, '0.0000', '1.00', '3.00', '100.00'),
(126, 2, 10, '0.0000', '1.00', '2.00', '100.00'),
(127, 3, 10, '0.0000', '1.00', '3.00', '100.00'),
(128, 4, 10, '0.0000', '1.00', '2.00', '100.00'),
(129, 5, 10, '5.0000', '1.00', '3.00', '100.00'),
(130, 6, 10, '0.0000', '2.00', '5.00', '100.00'),
(131, 7, 10, '0.0000', '1.00', '2.00', '100.00'),
(132, 8, 10, '0.0000', '5.00', '10.00', '100.00'),
(133, 9, 10, '0.0000', '5.00', '10.00', '100.00'),
(134, 10, 10, '0.0000', '2.00', '5.00', '100.00'),
(135, 11, 10, '0.0000', '3.00', '6.00', '100.00'),
(136, 12, 10, '0.0000', '2.00', '5.00', '100.00'),
(137, 13, 10, '0.0000', '5.00', '10.00', '100.00'),
(138, 14, 10, '1.5000', '1.00', '3.00', '100.00'),
(139, 15, 10, '0.0000', '1.00', '3.00', '100.00'),
(140, 16, 10, '0.0000', '0.00', '0.00', '0.00'),
(141, 17, 10, '1.0000', '0.00', '0.00', '0.00'),
(142, 18, 10, '0.0000', '1.00', '3.00', '100.00'),
(143, 19, 10, '0.0000', '5.00', '10.00', '448.00'),
(144, 1, 11, '0.0000', '1.00', '3.00', '100.00'),
(145, 2, 11, '1.0000', '1.00', '2.00', '100.00'),
(146, 3, 11, '0.0000', '1.00', '3.00', '100.00'),
(147, 4, 11, '0.0000', '1.00', '2.00', '100.00'),
(148, 5, 11, '7.0000', '1.00', '3.00', '100.00'),
(149, 6, 11, '0.0000', '2.00', '5.00', '100.00'),
(150, 7, 11, '0.0000', '1.00', '2.00', '100.00'),
(151, 8, 11, '0.0000', '5.00', '10.00', '100.00'),
(152, 9, 11, '0.0000', '5.00', '10.00', '100.00'),
(153, 10, 11, '0.0000', '2.00', '5.00', '100.00'),
(154, 11, 11, '0.0000', '3.00', '6.00', '100.00'),
(155, 12, 11, '0.0000', '2.00', '5.00', '100.00'),
(156, 13, 11, '0.0000', '5.00', '10.00', '100.00'),
(157, 14, 11, '1.5000', '1.00', '3.00', '100.00'),
(158, 15, 11, '0.0000', '1.00', '3.00', '100.00'),
(159, 16, 11, '0.0000', '0.00', '0.00', '0.00'),
(160, 17, 11, '1.0000', '0.00', '0.00', '0.00'),
(161, 18, 11, '0.0000', '1.00', '3.00', '100.00'),
(162, 19, 11, '0.0000', '5.00', '10.00', '224.00'),
(163, 1, 12, '0.0000', '1.00', '3.00', '0.00'),
(164, 2, 12, '0.0000', '1.00', '2.00', '0.00'),
(165, 3, 12, '0.0000', '1.00', '3.00', '0.00'),
(166, 4, 12, '48.0000', '1.00', '2.00', '0.00'),
(167, 5, 12, '0.0000', '1.00', '3.00', '0.00'),
(168, 6, 12, '2.0000', '2.00', '5.00', '0.00'),
(169, 7, 12, '0.0000', '1.00', '2.00', '0.00'),
(170, 8, 12, '0.0000', '5.00', '10.00', '0.00'),
(171, 9, 12, '0.0000', '5.00', '10.00', '0.00'),
(172, 10, 12, '0.0000', '2.00', '5.00', '0.00'),
(173, 11, 12, '0.0000', '3.00', '6.00', '0.00'),
(174, 12, 12, '0.0000', '2.00', '5.00', '0.00'),
(175, 13, 12, '0.0000', '5.00', '10.00', '0.00'),
(176, 14, 12, '1.5000', '1.00', '3.00', '0.00'),
(177, 15, 12, '0.0000', '1.00', '3.00', '0.00'),
(178, 16, 12, '1.0000', '0.00', '0.00', '0.00'),
(179, 17, 12, '1.0000', '0.00', '0.00', '0.00'),
(180, 18, 12, '28.0000', '1.00', '3.00', '0.00'),
(181, 19, 12, '0.0000', '5.00', '10.00', '0.00'),
(182, 1, 13, '0.0000', '1.00', '3.00', '0.00'),
(183, 2, 13, '0.0000', '1.00', '2.00', '0.00'),
(184, 3, 13, '0.0000', '1.00', '3.00', '0.00'),
(185, 4, 13, '0.0000', '1.00', '2.00', '0.00'),
(186, 5, 13, '0.0000', '1.00', '3.00', '0.00'),
(187, 6, 13, '2.0000', '2.00', '5.00', '0.00'),
(188, 7, 13, '0.0000', '1.00', '2.00', '0.00'),
(189, 8, 13, '0.0000', '5.00', '10.00', '0.00'),
(190, 9, 13, '0.0000', '5.00', '10.00', '0.00'),
(191, 10, 13, '0.0000', '2.00', '5.00', '0.00'),
(192, 11, 13, '0.0000', '3.00', '6.00', '0.00'),
(193, 12, 13, '0.0000', '2.00', '5.00', '0.00'),
(194, 13, 13, '0.0000', '5.00', '10.00', '0.00'),
(195, 14, 13, '1.5000', '1.00', '3.00', '0.00'),
(196, 15, 13, '0.0000', '1.00', '3.00', '0.00'),
(197, 16, 13, '1.0000', '0.00', '0.00', '0.00'),
(198, 17, 13, '1.0000', '0.00', '0.00', '0.00'),
(199, 18, 13, '4.0000', '1.00', '3.00', '0.00'),
(200, 19, 13, '0.0000', '5.00', '10.00', '2.00'),
(201, 1, 14, '0.0000', '1.00', '3.00', '12.00'),
(202, 2, 14, '0.0000', '1.00', '2.00', '12.00'),
(203, 3, 14, '0.0000', '1.00', '3.00', '12.00'),
(204, 4, 14, '0.0000', '1.00', '2.00', '12.00'),
(205, 5, 14, '0.0000', '1.00', '3.00', '12.00'),
(206, 6, 14, '2.0000', '2.00', '5.00', '12.00'),
(207, 7, 14, '0.0000', '1.00', '2.00', '12.00'),
(208, 8, 14, '0.0000', '5.00', '10.00', '12.00'),
(209, 9, 14, '0.0000', '5.00', '10.00', '12.00'),
(210, 10, 14, '0.0000', '2.00', '5.00', '12.00'),
(211, 11, 14, '0.0000', '3.00', '6.00', '12.00'),
(212, 12, 14, '0.0000', '2.00', '5.00', '12.00'),
(213, 13, 14, '0.0000', '5.00', '10.00', '12.00'),
(214, 14, 14, '1.5000', '1.00', '3.00', '12.00'),
(215, 15, 14, '0.0000', '1.00', '3.00', '12.00'),
(216, 16, 14, '0.0000', '0.00', '0.00', '0.00'),
(217, 17, 14, '1.0000', '0.00', '0.00', '0.00'),
(218, 18, 14, '4.0000', '1.00', '3.00', '12.00'),
(219, 19, 14, '0.0000', '5.00', '10.00', '1.00'),
(220, 1, 15, '0.0000', '1.00', '3.00', '0.00'),
(221, 2, 15, '1.0000', '1.00', '2.00', '0.00'),
(222, 3, 15, '0.0000', '1.00', '3.00', '0.00'),
(223, 4, 15, '0.0000', '1.00', '2.00', '0.00'),
(224, 5, 15, '5.0000', '1.00', '3.00', '0.00'),
(225, 6, 15, '0.0000', '2.00', '5.00', '0.00'),
(226, 7, 15, '0.0000', '1.00', '2.00', '0.00'),
(227, 8, 15, '0.0000', '5.00', '10.00', '0.00'),
(228, 9, 15, '0.0000', '5.00', '10.00', '0.00'),
(229, 10, 15, '0.0000', '2.00', '5.00', '0.00'),
(230, 11, 15, '0.0000', '3.00', '6.00', '0.00'),
(231, 12, 15, '0.0000', '2.00', '5.00', '0.00'),
(232, 13, 15, '0.0000', '5.00', '10.00', '0.00'),
(233, 14, 15, '1.5000', '1.00', '3.00', '0.00'),
(234, 15, 15, '0.0000', '1.00', '3.00', '0.00'),
(235, 16, 15, '1.0000', '0.00', '0.00', '0.00'),
(236, 17, 15, '1.0000', '0.00', '0.00', '0.00'),
(237, 18, 15, '4.0000', '1.00', '3.00', '0.00'),
(238, 19, 15, '0.0000', '5.00', '10.00', '2010.00'),
(239, 1, 16, '0.0000', '1.00', '3.00', '100.00'),
(240, 2, 16, '1.0000', '1.00', '2.00', '100.00'),
(241, 3, 16, '0.0000', '1.00', '3.00', '100.00'),
(242, 4, 16, '0.0000', '1.00', '2.00', '100.00'),
(243, 5, 16, '0.0000', '1.00', '3.00', '100.00'),
(244, 6, 16, '0.0000', '2.00', '5.00', '100.00'),
(245, 7, 16, '0.0000', '1.00', '2.00', '100.00'),
(246, 8, 16, '0.0000', '5.00', '10.00', '100.00'),
(247, 9, 16, '0.0000', '5.00', '10.00', '100.00'),
(248, 10, 16, '0.0000', '2.00', '5.00', '100.00'),
(249, 11, 16, '0.0000', '3.00', '6.00', '100.00'),
(250, 12, 16, '0.0000', '2.00', '5.00', '100.00'),
(251, 13, 16, '0.0000', '5.00', '10.00', '100.00'),
(252, 14, 16, '1.5000', '1.00', '3.00', '100.00'),
(253, 15, 16, '0.0000', '1.00', '3.00', '100.00'),
(254, 16, 16, '1.0000', '0.00', '0.00', '0.00'),
(255, 17, 16, '1.0000', '0.00', '0.00', '0.00'),
(256, 18, 16, '4.0000', '1.00', '3.00', '100.00'),
(257, 19, 16, '0.0000', '5.00', '10.00', '1500.00'),
(258, 1, 17, '0.0000', '1.00', '3.00', '50.00'),
(259, 2, 17, '5.0000', '1.00', '2.00', '50.00'),
(260, 3, 17, '0.0000', '1.00', '3.00', '50.00'),
(261, 4, 17, '0.0000', '1.00', '2.00', '50.00'),
(262, 5, 17, '0.0000', '1.00', '3.00', '50.00'),
(263, 6, 17, '0.0000', '2.00', '5.00', '50.00'),
(264, 7, 17, '0.0000', '1.00', '2.00', '50.00'),
(265, 8, 17, '10.0000', '5.00', '10.00', '50.00'),
(266, 9, 17, '0.0000', '5.00', '10.00', '50.00'),
(267, 10, 17, '0.0000', '2.00', '5.00', '50.00'),
(268, 11, 17, '0.0000', '3.00', '6.00', '50.00'),
(269, 12, 17, '0.0000', '2.00', '5.00', '50.00'),
(270, 13, 17, '0.0000', '5.00', '10.00', '50.00'),
(271, 14, 17, '0.0000', '1.00', '3.00', '50.00'),
(272, 15, 17, '0.0000', '1.00', '3.00', '50.00'),
(273, 16, 17, '0.0000', '0.00', '0.00', '0.00'),
(274, 17, 17, '0.0000', '0.00', '0.00', '0.00'),
(275, 18, 17, '-24.0000', '1.00', '3.00', '50.00'),
(276, 19, 17, '0.0000', '5.00', '10.00', '50.00'),
(277, 1, 18, '0.0000', '1.00', '3.00', '100.00'),
(278, 2, 18, '0.0000', '1.00', '2.00', '100.00'),
(279, 3, 18, '0.0000', '1.00', '3.00', '100.00'),
(280, 4, 18, '48.0000', '1.00', '2.00', '100.00'),
(281, 5, 18, '0.0000', '1.00', '3.00', '100.00'),
(282, 6, 18, '0.0000', '2.00', '5.00', '100.00'),
(283, 7, 18, '0.0000', '1.00', '2.00', '100.00'),
(284, 8, 18, '0.0000', '5.00', '10.00', '100.00'),
(285, 9, 18, '0.0000', '5.00', '10.00', '100.00'),
(286, 10, 18, '0.0000', '2.00', '5.00', '100.00'),
(287, 11, 18, '0.0000', '3.00', '6.00', '100.00'),
(288, 12, 18, '0.0000', '2.00', '5.00', '100.00'),
(289, 13, 18, '0.0000', '5.00', '10.00', '100.00'),
(290, 14, 18, '1.5000', '1.00', '3.00', '100.00'),
(291, 15, 18, '0.0000', '1.00', '3.00', '100.00'),
(292, 16, 18, '1.0000', '0.00', '0.00', '0.00'),
(293, 17, 18, '1.0000', '0.00', '0.00', '0.00'),
(294, 18, 18, '0.0000', '1.00', '3.00', '100.00'),
(295, 19, 18, '0.0000', '5.00', '10.00', '50.00'),
(296, 1, 20, '0.0000', '1.00', '3.00', '100.00'),
(297, 2, 20, '1.0000', '1.00', '2.00', '100.00'),
(298, 3, 20, '0.0000', '1.00', '3.00', '100.00'),
(299, 4, 20, '0.0000', '1.00', '2.00', '100.00'),
(300, 5, 20, '6.0000', '1.00', '3.00', '100.00'),
(301, 6, 20, '0.0000', '2.00', '5.00', '100.00'),
(302, 7, 20, '0.0000', '1.00', '2.00', '100.00'),
(303, 8, 20, '0.0000', '5.00', '10.00', '100.00'),
(304, 9, 20, '0.0000', '5.00', '10.00', '100.00'),
(305, 10, 20, '0.0000', '2.00', '5.00', '100.00'),
(306, 11, 20, '0.0000', '3.00', '6.00', '100.00'),
(307, 12, 20, '0.0000', '2.00', '5.00', '100.00'),
(308, 13, 20, '0.0000', '5.00', '10.00', '100.00'),
(309, 14, 20, '1.0000', '1.00', '3.00', '100.00'),
(310, 15, 20, '0.0000', '1.00', '3.00', '100.00'),
(311, 16, 20, '1.0000', '0.00', '0.00', '0.00'),
(312, 17, 20, '1.0000', '0.00', '0.00', '0.00'),
(313, 18, 20, '1.9000', '1.00', '3.00', '100.00'),
(314, 19, 20, '0.0000', '5.00', '10.00', '224.00'),
(315, 1, 21, '0.0000', '1.00', '3.00', '100.00'),
(316, 2, 21, '2.0000', '1.00', '2.00', '100.00'),
(317, 3, 21, '0.0000', '1.00', '3.00', '100.00'),
(318, 4, 21, '0.0000', '1.00', '2.00', '100.00'),
(319, 5, 21, '10.0000', '1.00', '3.00', '100.00'),
(320, 6, 21, '1.0000', '2.00', '5.00', '100.00'),
(321, 7, 21, '0.0000', '1.00', '2.00', '100.00'),
(322, 8, 21, '0.0000', '5.00', '10.00', '100.00'),
(323, 9, 21, '0.0000', '5.00', '10.00', '100.00'),
(324, 10, 21, '0.0000', '2.00', '5.00', '100.00'),
(325, 11, 21, '0.0000', '3.00', '6.00', '100.00'),
(326, 12, 21, '0.0000', '2.00', '5.00', '100.00'),
(327, 13, 21, '0.0000', '5.00', '10.00', '100.00'),
(328, 14, 21, '1.0000', '1.00', '3.00', '100.00'),
(329, 15, 21, '0.0000', '1.00', '3.00', '100.00'),
(330, 16, 21, '0.0000', '0.00', '0.00', '0.00'),
(331, 17, 21, '1.0000', '0.00', '0.00', '0.00'),
(332, 18, 21, '0.0000', '1.00', '3.00', '100.00'),
(333, 19, 21, '0.0000', '5.00', '10.00', '448.00'),
(334, 1, 22, '0.0000', '1.00', '3.00', '100.00'),
(335, 2, 22, '0.0000', '1.00', '2.00', '100.00'),
(336, 3, 22, '0.0000', '1.00', '3.00', '100.00'),
(337, 4, 22, '0.0000', '1.00', '2.00', '100.00'),
(338, 5, 22, '0.0000', '1.00', '3.00', '100.00'),
(339, 6, 22, '2.0000', '2.00', '5.00', '100.00'),
(340, 7, 22, '0.0000', '1.00', '2.00', '100.00'),
(341, 8, 22, '0.0000', '5.00', '10.00', '100.00'),
(342, 9, 22, '0.0000', '5.00', '10.00', '100.00'),
(343, 10, 22, '0.0000', '2.00', '5.00', '100.00'),
(344, 11, 22, '0.0000', '3.00', '6.00', '100.00'),
(345, 12, 22, '0.0000', '2.00', '5.00', '100.00'),
(346, 13, 22, '0.0000', '5.00', '10.00', '100.00'),
(347, 14, 22, '-4.0000', '1.00', '3.00', '100.00'),
(348, 15, 22, '0.0000', '1.00', '3.00', '100.00'),
(349, 16, 22, '0.0000', '0.00', '0.00', '0.00'),
(350, 17, 22, '1.0000', '0.00', '0.00', '0.00'),
(351, 18, 22, '0.2000', '1.00', '3.00', '100.00'),
(352, 19, 22, '0.0000', '5.00', '10.00', '120.00'),
(353, 1, 23, '0.0000', '1.00', '3.00', '100.00'),
(354, 2, 23, '1.0000', '1.00', '2.00', '100.00'),
(355, 3, 23, '0.0000', '1.00', '3.00', '100.00'),
(356, 4, 23, '0.0000', '1.00', '2.00', '100.00'),
(357, 5, 23, '5.0000', '1.00', '3.00', '100.00'),
(358, 6, 23, '0.0000', '2.00', '5.00', '100.00'),
(359, 7, 23, '0.0000', '1.00', '2.00', '100.00'),
(360, 8, 23, '0.0000', '5.00', '10.00', '100.00'),
(361, 9, 23, '0.0000', '5.00', '10.00', '100.00'),
(362, 10, 23, '0.0000', '2.00', '5.00', '100.00'),
(363, 11, 23, '0.0000', '3.00', '6.00', '100.00'),
(364, 12, 23, '0.0000', '2.00', '5.00', '100.00'),
(365, 13, 23, '0.0000', '5.00', '10.00', '100.00'),
(366, 14, 23, '1.0000', '1.00', '3.00', '100.00'),
(367, 15, 23, '0.0000', '1.00', '3.00', '100.00'),
(368, 16, 23, '0.0000', '0.00', '0.00', '0.00'),
(369, 17, 23, '1.0000', '0.00', '0.00', '0.00'),
(370, 18, 23, '0.2000', '1.00', '3.00', '100.00'),
(371, 19, 23, '0.0000', '5.00', '10.00', '224.00'),
(372, 1, 24, '0.0000', '1.00', '3.00', '100.00'),
(373, 2, 24, '0.0000', '1.00', '2.00', '100.00'),
(374, 3, 24, '0.0000', '1.00', '3.00', '100.00'),
(375, 4, 24, '0.0000', '1.00', '2.00', '100.00'),
(376, 5, 24, '0.0000', '1.00', '3.00', '100.00'),
(377, 6, 24, '0.0000', '2.00', '5.00', '100.00'),
(378, 7, 24, '0.0000', '1.00', '2.00', '100.00'),
(379, 8, 24, '0.0000', '5.00', '10.00', '100.00'),
(380, 9, 24, '0.0000', '5.00', '10.00', '100.00'),
(381, 10, 24, '0.0000', '2.00', '5.00', '100.00'),
(382, 11, 24, '0.0000', '3.00', '6.00', '100.00'),
(383, 12, 24, '0.0000', '2.00', '5.00', '100.00'),
(384, 13, 24, '0.0000', '5.00', '10.00', '100.00'),
(385, 14, 24, '1.0000', '1.00', '3.00', '100.00'),
(386, 15, 24, '0.0000', '1.00', '3.00', '100.00'),
(387, 16, 24, '0.0000', '0.00', '0.00', '0.00'),
(388, 17, 24, '0.0000', '0.00', '0.00', '0.00'),
(389, 18, 24, '0.0000', '1.00', '3.00', '100.00'),
(390, 19, 24, '0.0000', '5.00', '10.00', '180.00'),
(391, 1, 25, '0.0000', '1.00', '3.00', '100.00'),
(392, 2, 25, '1.0000', '1.00', '2.00', '100.00'),
(393, 3, 25, '0.0000', '1.00', '3.00', '100.00'),
(394, 4, 25, '0.0000', '1.00', '2.00', '100.00'),
(395, 5, 25, '5.0000', '1.00', '3.00', '100.00'),
(396, 6, 25, '0.0000', '2.00', '5.00', '100.00'),
(397, 7, 25, '0.0000', '1.00', '2.00', '100.00'),
(398, 8, 25, '1.0000', '5.00', '10.00', '100.00'),
(399, 9, 25, '0.0000', '5.00', '10.00', '100.00'),
(400, 10, 25, '0.0000', '2.00', '5.00', '100.00'),
(401, 11, 25, '0.0000', '3.00', '6.00', '100.00'),
(402, 12, 25, '0.0000', '2.00', '5.00', '100.00'),
(403, 13, 25, '0.0000', '5.00', '10.00', '100.00'),
(404, 14, 25, '1.0000', '1.00', '3.00', '100.00'),
(405, 15, 25, '0.0000', '1.00', '3.00', '100.00'),
(406, 16, 25, '0.0000', '0.00', '0.00', '0.00'),
(407, 17, 25, '0.0000', '0.00', '0.00', '0.00'),
(408, 18, 25, '0.0000', '1.00', '3.00', '100.00'),
(409, 19, 25, '0.0000', '5.00', '10.00', '224.00'),
(410, 1, 26, '10.0000', '1.00', '3.00', '50.00'),
(411, 2, 26, '0.0000', '1.00', '2.00', '50.00'),
(412, 3, 26, '0.0000', '1.00', '3.00', '50.00'),
(413, 4, 26, '12.0000', '1.00', '2.00', '50.00'),
(414, 5, 26, '0.0000', '1.00', '3.00', '50.00'),
(415, 6, 26, '2.0000', '2.00', '5.00', '50.00'),
(416, 7, 26, '0.0000', '1.00', '2.00', '50.00'),
(417, 8, 26, '2.0000', '5.00', '10.00', '50.00'),
(418, 9, 26, '0.0000', '5.00', '10.00', '50.00'),
(419, 10, 26, '0.0000', '2.00', '5.00', '50.00'),
(420, 11, 26, '0.0000', '3.00', '6.00', '50.00'),
(421, 12, 26, '0.0000', '2.00', '5.00', '50.00'),
(422, 13, 26, '0.0000', '5.00', '10.00', '50.00'),
(423, 14, 26, '1.0000', '1.00', '3.00', '50.00'),
(424, 15, 26, '0.0000', '1.00', '3.00', '50.00'),
(425, 16, 26, '0.0000', '0.00', '0.00', '0.00'),
(426, 17, 26, '0.0000', '0.00', '0.00', '0.00'),
(427, 18, 26, '1.7000', '1.00', '3.00', '50.00'),
(428, 19, 26, '0.0000', '5.00', '10.00', '60.00'),
(429, 1, 27, '0.0000', '1.00', '3.00', '100.00'),
(430, 2, 27, '0.0000', '1.00', '2.00', '100.00'),
(431, 3, 27, '0.0000', '1.00', '3.00', '100.00'),
(432, 4, 27, '0.0000', '1.00', '2.00', '100.00'),
(433, 5, 27, '0.0000', '1.00', '3.00', '100.00'),
(434, 6, 27, '0.0000', '2.00', '5.00', '100.00'),
(435, 7, 27, '0.0000', '1.00', '2.00', '100.00'),
(436, 8, 27, '0.0000', '5.00', '10.00', '100.00'),
(437, 9, 27, '0.0000', '5.00', '10.00', '100.00'),
(438, 10, 27, '0.0000', '2.00', '5.00', '100.00'),
(439, 11, 27, '0.0000', '3.00', '6.00', '100.00'),
(440, 12, 27, '0.0000', '2.00', '5.00', '100.00'),
(441, 13, 27, '0.0000', '5.00', '10.00', '100.00'),
(442, 14, 27, '1.0000', '1.00', '3.00', '100.00'),
(443, 15, 27, '0.0000', '1.00', '3.00', '100.00'),
(444, 16, 27, '0.0000', '0.00', '0.00', '0.00'),
(445, 17, 27, '1.0000', '0.00', '0.00', '0.00'),
(446, 18, 27, '0.5000', '1.00', '3.00', '100.00'),
(447, 19, 27, '0.0000', '5.00', '10.00', '900.00'),
(448, 1, 28, '0.0000', '1.00', '3.00', '20.00'),
(449, 2, 28, '0.0000', '1.00', '2.00', '20.00'),
(450, 3, 28, '0.0000', '1.00', '3.00', '20.00'),
(451, 4, 28, '0.0000', '1.00', '2.00', '20.00'),
(452, 5, 28, '0.0000', '1.00', '3.00', '20.00'),
(453, 6, 28, '0.0000', '2.00', '5.00', '20.00'),
(454, 7, 28, '0.0000', '1.00', '2.00', '20.00'),
(455, 8, 28, '0.0000', '5.00', '10.00', '20.00'),
(456, 9, 28, '0.0000', '5.00', '10.00', '20.00'),
(457, 10, 28, '0.0000', '2.00', '5.00', '20.00'),
(458, 11, 28, '0.0000', '3.00', '6.00', '20.00'),
(459, 12, 28, '0.0000', '2.00', '5.00', '20.00'),
(460, 13, 28, '0.0000', '5.00', '10.00', '20.00'),
(461, 14, 28, '2.0000', '1.00', '3.00', '20.00'),
(462, 15, 28, '0.0000', '1.00', '3.00', '20.00'),
(463, 16, 28, '0.0000', '0.00', '0.00', '0.00'),
(464, 17, 28, '0.0000', '0.00', '0.00', '0.00'),
(465, 18, 28, '-20.0000', '1.00', '3.00', '20.00'),
(466, 19, 28, '80.0000', '5.00', '10.00', '370.00'),
(467, 1, 29, '0.0000', '1.00', '3.00', '20.00'),
(468, 2, 29, '0.0000', '1.00', '2.00', '20.00'),
(469, 3, 29, '0.0000', '1.00', '3.00', '20.00'),
(470, 4, 29, '0.0000', '1.00', '2.00', '20.00'),
(471, 5, 29, '0.0000', '1.00', '3.00', '20.00'),
(472, 6, 29, '0.0000', '2.00', '5.00', '20.00'),
(473, 7, 29, '0.0000', '1.00', '2.00', '20.00'),
(474, 8, 29, '0.0000', '5.00', '10.00', '20.00'),
(475, 9, 29, '0.0000', '5.00', '10.00', '20.00'),
(476, 10, 29, '0.0000', '2.00', '5.00', '20.00'),
(477, 11, 29, '0.0000', '3.00', '6.00', '20.00'),
(478, 12, 29, '0.0000', '2.00', '5.00', '20.00'),
(479, 13, 29, '0.0000', '5.00', '10.00', '20.00'),
(480, 14, 29, '2.0000', '1.00', '3.00', '20.00'),
(481, 15, 29, '0.0000', '1.00', '3.00', '20.00'),
(482, 16, 29, '0.0000', '0.00', '0.00', '0.00'),
(483, 17, 29, '0.0000', '0.00', '0.00', '0.00'),
(484, 18, 29, '0.0000', '1.00', '3.00', '20.00'),
(485, 19, 29, '80.0000', '5.00', '10.00', '370.00'),
(486, 1, 30, '0.0000', '1.00', '3.00', '50.00'),
(487, 2, 30, '0.0000', '1.00', '2.00', '50.00'),
(488, 3, 30, '0.0000', '1.00', '3.00', '50.00'),
(489, 4, 30, '0.0000', '1.00', '2.00', '50.00'),
(490, 5, 30, '0.0000', '1.00', '3.00', '50.00'),
(491, 6, 30, '0.0000', '2.00', '5.00', '50.00'),
(492, 7, 30, '0.0000', '1.00', '2.00', '50.00'),
(493, 8, 30, '0.0000', '5.00', '10.00', '50.00'),
(494, 9, 30, '0.0000', '5.00', '10.00', '50.00'),
(495, 10, 30, '0.0000', '2.00', '5.00', '50.00'),
(496, 11, 30, '10.0000', '3.00', '6.00', '50.00'),
(497, 12, 30, '0.0000', '2.00', '5.00', '50.00'),
(498, 13, 30, '0.0000', '5.00', '10.00', '50.00'),
(499, 14, 30, '4.0000', '1.00', '3.00', '50.00'),
(500, 15, 30, '0.0000', '1.00', '3.00', '50.00'),
(501, 16, 30, '0.0000', '0.00', '0.00', '0.00'),
(502, 17, 30, '0.0000', '0.00', '0.00', '0.00'),
(503, 18, 30, '0.0000', '1.00', '3.00', '50.00'),
(504, 19, 30, '300.0000', '5.00', '10.00', '270.00'),
(505, 1, 31, '0.0000', '1.00', '3.00', '100.00'),
(506, 2, 31, '2.0000', '1.00', '2.00', '100.00'),
(507, 3, 31, '0.0000', '1.00', '3.00', '100.00'),
(508, 4, 31, '0.0000', '1.00', '2.00', '100.00'),
(509, 5, 31, '10.0000', '1.00', '3.00', '100.00'),
(510, 6, 31, '0.0000', '2.00', '5.00', '100.00'),
(511, 7, 31, '0.0000', '1.00', '2.00', '100.00'),
(512, 8, 31, '0.0000', '5.00', '10.00', '100.00'),
(513, 9, 31, '0.0000', '5.00', '10.00', '100.00'),
(514, 10, 31, '0.0000', '2.00', '5.00', '100.00'),
(515, 11, 31, '0.0000', '3.00', '6.00', '100.00'),
(516, 12, 31, '0.0000', '2.00', '5.00', '100.00'),
(517, 13, 31, '0.0000', '5.00', '10.00', '100.00'),
(518, 14, 31, '0.0000', '1.00', '3.00', '100.00'),
(519, 15, 31, '0.0000', '1.00', '3.00', '100.00'),
(520, 16, 31, '0.0000', '0.00', '0.00', '0.00'),
(521, 17, 31, '1.0000', '0.00', '0.00', '0.00'),
(522, 18, 31, '0.0000', '1.00', '3.00', '100.00'),
(523, 19, 31, '0.0000', '5.00', '10.00', '224.00'),
(524, 1, 32, '0.0000', '1.00', '3.00', '100.00'),
(525, 2, 32, '0.0000', '1.00', '2.00', '100.00'),
(526, 3, 32, '0.0000', '1.00', '3.00', '100.00'),
(527, 4, 32, '0.0000', '1.00', '2.00', '100.00'),
(528, 5, 32, '5.0000', '1.00', '3.00', '100.00'),
(529, 6, 32, '0.0000', '2.00', '5.00', '100.00'),
(530, 7, 32, '0.0000', '1.00', '2.00', '100.00'),
(531, 8, 32, '0.0000', '5.00', '10.00', '100.00'),
(532, 9, 32, '0.0000', '5.00', '10.00', '100.00'),
(533, 10, 32, '0.0000', '2.00', '5.00', '100.00'),
(534, 11, 32, '0.0000', '3.00', '6.00', '100.00'),
(535, 12, 32, '0.0000', '2.00', '5.00', '100.00'),
(536, 13, 32, '0.0000', '5.00', '10.00', '100.00'),
(537, 14, 32, '0.0000', '1.00', '3.00', '100.00'),
(538, 15, 32, '0.0000', '1.00', '3.00', '100.00'),
(539, 16, 32, '0.0000', '0.00', '0.00', '0.00'),
(540, 17, 32, '1.0000', '0.00', '0.00', '0.00'),
(541, 18, 32, '0.0000', '1.00', '3.00', '100.00'),
(542, 19, 32, '0.0000', '5.00', '10.00', '224.00'),
(543, 1, 33, '0.0000', '1.00', '3.00', '0.00'),
(544, 2, 33, '0.0000', '1.00', '2.00', '0.00'),
(545, 3, 33, '0.0000', '1.00', '3.00', '0.00'),
(546, 4, 33, '0.0000', '1.00', '2.00', '0.00'),
(547, 5, 33, '0.0000', '1.00', '3.00', '0.00'),
(548, 6, 33, '0.0000', '2.00', '5.00', '0.00'),
(549, 7, 33, '0.0000', '1.00', '2.00', '0.00'),
(550, 8, 33, '0.0000', '5.00', '10.00', '0.00'),
(551, 9, 33, '0.0000', '5.00', '10.00', '0.00'),
(552, 10, 33, '2.0000', '2.00', '5.00', '0.00'),
(553, 11, 33, '0.0000', '3.00', '6.00', '0.00'),
(554, 12, 33, '0.0000', '2.00', '5.00', '0.00'),
(555, 13, 33, '0.0000', '5.00', '10.00', '0.00'),
(556, 14, 33, '0.0000', '1.00', '3.00', '0.00'),
(557, 15, 33, '0.0000', '1.00', '3.00', '0.00'),
(558, 16, 33, '0.0000', '0.00', '0.00', '0.00'),
(559, 17, 33, '0.0000', '0.00', '0.00', '0.00'),
(560, 18, 33, '0.0000', '1.00', '3.00', '0.00'),
(561, 19, 33, '0.0000', '5.00', '10.00', '80.00'),
(562, 1, 34, '0.0000', '1.00', '3.00', '100.00'),
(563, 2, 34, '0.0000', '1.00', '2.00', '100.00'),
(564, 3, 34, '0.0000', '1.00', '3.00', '100.00'),
(565, 4, 34, '0.0000', '1.00', '2.00', '100.00'),
(566, 5, 34, '0.0000', '1.00', '3.00', '100.00'),
(567, 6, 34, '0.0000', '2.00', '5.00', '100.00'),
(568, 7, 34, '0.0000', '1.00', '2.00', '100.00'),
(569, 8, 34, '0.0000', '5.00', '10.00', '100.00'),
(570, 9, 34, '0.0000', '5.00', '10.00', '100.00'),
(571, 10, 34, '0.0000', '2.00', '5.00', '100.00'),
(572, 11, 34, '0.0000', '3.00', '6.00', '100.00'),
(573, 12, 34, '0.0000', '2.00', '5.00', '100.00'),
(574, 13, 34, '0.0000', '5.00', '10.00', '100.00'),
(575, 14, 34, '0.0000', '1.00', '3.00', '100.00'),
(576, 15, 34, '0.0000', '1.00', '3.00', '100.00'),
(577, 16, 34, '0.0000', '0.00', '0.00', '0.00'),
(578, 17, 34, '1.0000', '0.00', '0.00', '0.00'),
(579, 18, 34, '0.0000', '1.00', '3.00', '100.00'),
(580, 19, 34, '0.0000', '5.00', '10.00', '40.00'),
(581, 1, 35, '0.0000', '1.00', '3.00', '100.00'),
(582, 2, 35, '1.0000', '1.00', '2.00', '100.00'),
(583, 3, 35, '0.0000', '1.00', '3.00', '100.00'),
(584, 4, 35, '0.0000', '1.00', '2.00', '100.00'),
(585, 5, 35, '5.0000', '1.00', '3.00', '100.00'),
(586, 6, 35, '0.0000', '2.00', '5.00', '100.00'),
(587, 7, 35, '0.0000', '1.00', '2.00', '100.00'),
(588, 8, 35, '0.0000', '5.00', '10.00', '100.00'),
(589, 9, 35, '0.0000', '5.00', '10.00', '100.00'),
(590, 10, 35, '0.0000', '2.00', '5.00', '100.00'),
(591, 11, 35, '0.0000', '3.00', '6.00', '100.00'),
(592, 12, 35, '0.0000', '2.00', '5.00', '100.00'),
(593, 13, 35, '0.0000', '5.00', '10.00', '100.00'),
(594, 14, 35, '0.0000', '1.00', '3.00', '100.00'),
(595, 15, 35, '0.0000', '1.00', '3.00', '100.00'),
(596, 16, 35, '0.0000', '0.00', '0.00', '0.00'),
(597, 17, 35, '1.0000', '0.00', '0.00', '0.00'),
(598, 18, 35, '0.0000', '1.00', '3.00', '100.00'),
(599, 19, 35, '0.0000', '5.00', '10.00', '254.00'),
(600, 1, 36, '0.0000', '1.00', '3.00', '100.00'),
(601, 2, 36, '1.0000', '1.00', '2.00', '100.00'),
(602, 3, 36, '0.0000', '1.00', '3.00', '100.00'),
(603, 4, 36, '0.0000', '1.00', '2.00', '100.00'),
(604, 5, 36, '20.0000', '1.00', '3.00', '100.00'),
(605, 6, 36, '0.0000', '2.00', '5.00', '100.00'),
(606, 7, 36, '0.0000', '1.00', '2.00', '100.00'),
(607, 8, 36, '0.0000', '5.00', '10.00', '100.00'),
(608, 9, 36, '0.0000', '5.00', '10.00', '100.00'),
(609, 10, 36, '0.0000', '2.00', '5.00', '100.00'),
(610, 11, 36, '0.0000', '3.00', '6.00', '100.00'),
(611, 12, 36, '0.0000', '2.00', '5.00', '100.00'),
(612, 13, 36, '0.0000', '5.00', '10.00', '100.00'),
(613, 14, 36, '0.0000', '1.00', '3.00', '100.00'),
(614, 15, 36, '0.0000', '1.00', '3.00', '100.00'),
(615, 16, 36, '1.0000', '0.00', '0.00', '0.00'),
(616, 17, 36, '1.0000', '0.00', '0.00', '0.00'),
(617, 18, 36, '-5.6000', '1.00', '3.00', '100.00'),
(618, 19, 36, '23.0000', '5.00', '10.00', '448.00'),
(619, 1, 38, '0.0000', '1.00', '3.00', '50.00'),
(620, 2, 38, '0.0000', '1.00', '2.00', '50.00'),
(621, 3, 38, '0.0000', '1.00', '3.00', '50.00'),
(622, 4, 38, '0.0000', '1.00', '2.00', '50.00'),
(623, 5, 38, '0.0000', '1.00', '3.00', '50.00'),
(624, 6, 38, '0.0000', '2.00', '5.00', '50.00'),
(625, 7, 38, '0.0000', '1.00', '2.00', '50.00'),
(626, 8, 38, '0.0000', '5.00', '10.00', '50.00'),
(627, 9, 38, '0.0000', '5.00', '10.00', '50.00'),
(628, 10, 38, '0.0000', '2.00', '5.00', '50.00'),
(629, 11, 38, '0.0000', '3.00', '6.00', '50.00'),
(630, 12, 38, '0.0000', '2.00', '5.00', '50.00'),
(631, 13, 38, '0.0000', '5.00', '10.00', '50.00'),
(632, 14, 38, '0.0000', '1.00', '3.00', '50.00'),
(633, 15, 38, '0.0000', '1.00', '3.00', '50.00'),
(634, 16, 38, '0.0000', '0.00', '0.00', '0.00'),
(635, 17, 38, '0.0000', '0.00', '0.00', '0.00'),
(636, 18, 38, '0.0000', '1.00', '3.00', '50.00'),
(637, 19, 38, '0.0000', '5.00', '10.00', '240.00'),
(638, 1, 40, '0.0000', '1.00', '3.00', '0.00'),
(639, 2, 40, '0.0000', '1.00', '2.00', '0.00'),
(640, 3, 40, '0.0000', '1.00', '3.00', '0.00'),
(641, 4, 40, '0.0000', '1.00', '2.00', '0.00'),
(642, 5, 40, '0.0000', '1.00', '3.00', '0.00'),
(643, 6, 40, '0.0000', '2.00', '5.00', '0.00'),
(644, 7, 40, '0.0000', '1.00', '2.00', '0.00'),
(645, 8, 40, '0.0000', '5.00', '10.00', '0.00'),
(646, 9, 40, '0.0000', '5.00', '10.00', '0.00'),
(647, 10, 40, '0.0000', '2.00', '5.00', '0.00'),
(648, 11, 40, '2.0000', '3.00', '6.00', '0.00'),
(649, 12, 40, '0.0000', '2.00', '5.00', '0.00'),
(650, 13, 40, '0.0000', '5.00', '10.00', '0.00'),
(651, 14, 40, '0.2000', '1.00', '3.00', '0.00'),
(652, 15, 40, '0.0000', '1.00', '3.00', '0.00'),
(653, 16, 40, '0.0000', '0.00', '0.00', '0.00'),
(654, 17, 40, '0.0000', '0.00', '0.00', '0.00'),
(655, 18, 40, '0.0000', '1.00', '3.00', '0.00'),
(656, 19, 40, '0.0000', '5.00', '10.00', '240.00'),
(657, 1, 41, '0.0000', '1.00', '3.00', '50.00'),
(658, 2, 41, '0.0000', '1.00', '2.00', '50.00'),
(659, 3, 41, '0.0000', '1.00', '3.00', '50.00'),
(660, 4, 41, '0.0000', '1.00', '2.00', '50.00'),
(661, 5, 41, '0.0000', '1.00', '3.00', '50.00'),
(662, 6, 41, '0.0000', '2.00', '5.00', '50.00'),
(663, 7, 41, '0.0000', '1.00', '2.00', '50.00'),
(664, 8, 41, '0.0000', '5.00', '10.00', '50.00'),
(665, 9, 41, '0.0000', '5.00', '10.00', '50.00'),
(666, 10, 41, '0.0000', '2.00', '5.00', '50.00'),
(667, 11, 41, '0.0000', '3.00', '6.00', '50.00'),
(668, 12, 41, '0.0000', '2.00', '5.00', '50.00'),
(669, 13, 41, '0.0000', '5.00', '10.00', '50.00'),
(670, 14, 41, '0.0000', '1.00', '3.00', '50.00'),
(671, 15, 41, '0.0000', '1.00', '3.00', '50.00'),
(672, 16, 41, '0.0000', '0.00', '0.00', '0.00'),
(673, 17, 41, '1.0000', '0.00', '0.00', '0.00'),
(674, 18, 41, '0.0000', '1.00', '3.00', '50.00'),
(675, 19, 41, '0.0000', '5.00', '10.00', '160.00'),
(676, 1, 42, '0.0000', '1.00', '3.00', '50.00'),
(677, 2, 42, '0.0000', '1.00', '2.00', '50.00'),
(678, 3, 42, '0.0000', '1.00', '3.00', '50.00'),
(679, 4, 42, '0.0000', '1.00', '2.00', '50.00'),
(680, 5, 42, '0.0000', '1.00', '3.00', '50.00'),
(681, 6, 42, '0.0000', '2.00', '5.00', '50.00'),
(682, 7, 42, '0.0000', '1.00', '2.00', '50.00'),
(683, 8, 42, '0.0000', '5.00', '10.00', '50.00'),
(684, 9, 42, '0.0000', '5.00', '10.00', '50.00'),
(685, 10, 42, '0.0000', '2.00', '5.00', '50.00'),
(686, 11, 42, '0.0000', '3.00', '6.00', '50.00'),
(687, 12, 42, '0.0000', '2.00', '5.00', '50.00'),
(688, 13, 42, '0.0000', '5.00', '10.00', '50.00'),
(689, 14, 42, '1.0000', '1.00', '3.00', '50.00'),
(690, 15, 42, '0.0000', '1.00', '3.00', '50.00'),
(691, 16, 42, '0.0000', '0.00', '0.00', '0.00'),
(692, 17, 42, '0.0000', '0.00', '0.00', '0.00'),
(693, 18, 42, '0.0000', '1.00', '3.00', '50.00'),
(694, 19, 42, '0.0000', '5.00', '10.00', '240.00'),
(695, 1, 43, '7.0000', '1.00', '3.00', '100.00'),
(696, 2, 43, '10.0000', '1.00', '2.00', '100.00'),
(697, 3, 43, '0.0000', '1.00', '3.00', '100.00'),
(698, 4, 43, '0.0000', '1.00', '2.00', '100.00'),
(699, 5, 43, '20.0000', '1.00', '3.00', '100.00'),
(700, 6, 43, '10.0000', '2.00', '5.00', '100.00'),
(701, 7, 43, '0.0000', '1.00', '2.00', '100.00'),
(702, 8, 43, '0.0000', '5.00', '10.00', '100.00'),
(703, 9, 43, '0.0000', '5.00', '10.00', '100.00'),
(704, 10, 43, '0.0000', '2.00', '5.00', '100.00'),
(705, 11, 43, '0.0000', '3.00', '6.00', '100.00'),
(706, 12, 43, '0.0000', '2.00', '5.00', '100.00'),
(707, 13, 43, '0.0000', '5.00', '10.00', '100.00'),
(708, 14, 43, '1.0000', '1.00', '3.00', '100.00'),
(709, 15, 43, '0.0000', '1.00', '3.00', '100.00'),
(710, 16, 43, '0.0000', '0.00', '0.00', '0.00'),
(711, 17, 43, '1.0000', '0.00', '0.00', '0.00'),
(712, 18, 43, '0.0000', '1.00', '3.00', '100.00'),
(713, 19, 43, '0.0000', '5.00', '10.00', '113.00'),
(714, 1, 44, '0.0000', '1.00', '3.00', '100.00'),
(715, 2, 44, '0.0000', '1.00', '2.00', '100.00'),
(716, 3, 44, '0.0000', '1.00', '3.00', '100.00'),
(717, 4, 44, '0.0000', '1.00', '2.00', '100.00'),
(718, 5, 44, '5.0000', '1.00', '3.00', '100.00'),
(719, 6, 44, '0.0000', '2.00', '5.00', '100.00'),
(720, 7, 44, '0.0000', '1.00', '2.00', '100.00'),
(721, 8, 44, '0.0000', '5.00', '10.00', '100.00'),
(722, 9, 44, '0.0000', '5.00', '10.00', '100.00'),
(723, 10, 44, '0.0000', '2.00', '5.00', '100.00'),
(724, 11, 44, '0.0000', '3.00', '6.00', '100.00'),
(725, 12, 44, '0.0000', '2.00', '5.00', '100.00'),
(726, 13, 44, '0.0000', '5.00', '10.00', '100.00'),
(727, 14, 44, '1.0000', '1.00', '3.00', '100.00'),
(728, 15, 44, '0.0000', '1.00', '3.00', '100.00'),
(729, 16, 44, '1.0000', '0.00', '0.00', '0.00'),
(730, 17, 44, '1.0000', '0.00', '0.00', '0.00'),
(731, 18, 44, '0.0000', '1.00', '3.00', '100.00'),
(732, 19, 44, '0.0000', '5.00', '10.00', '445.00'),
(733, 1, 45, '0.0000', '1.00', '3.00', '100.00'),
(734, 2, 45, '1.0000', '1.00', '2.00', '100.00'),
(735, 3, 45, '0.0000', '1.00', '3.00', '100.00'),
(736, 4, 45, '0.0000', '1.00', '2.00', '100.00'),
(737, 5, 45, '7.0000', '1.00', '3.00', '100.00'),
(738, 6, 45, '0.0000', '2.00', '5.00', '100.00'),
(739, 7, 45, '0.0000', '1.00', '2.00', '100.00'),
(740, 8, 45, '0.0000', '5.00', '10.00', '100.00'),
(741, 9, 45, '0.0000', '5.00', '10.00', '100.00'),
(742, 10, 45, '0.0000', '2.00', '5.00', '100.00'),
(743, 11, 45, '0.0000', '3.00', '6.00', '100.00'),
(744, 12, 45, '0.0000', '2.00', '5.00', '100.00'),
(745, 13, 45, '0.0000', '5.00', '10.00', '100.00'),
(746, 14, 45, '1.0000', '1.00', '3.00', '100.00'),
(747, 15, 45, '0.0000', '1.00', '3.00', '100.00'),
(748, 16, 45, '0.0000', '0.00', '0.00', '0.00'),
(749, 17, 45, '1.0000', '0.00', '0.00', '0.00'),
(750, 18, 45, '0.0000', '1.00', '3.00', '100.00'),
(751, 19, 45, '0.0000', '5.00', '10.00', '448.00');

-- --------------------------------------------------------

--
-- Tabellenstruktur für Tabelle `qcheckpoint_product`
--

CREATE TABLE `qcheckpoint_product` (
  `No` int(11) NOT NULL,
  `product` varchar(20) COLLATE utf8_unicode_ci NOT NULL,
  `quality_checkpoint` int(11) NOT NULL,
  `max_good` decimal(10,2) NOT NULL,
  `max_regular` decimal(10,2) NOT NULL,
  `operator` tinyint(4) NOT NULL
) ENGINE=InnoDB DEFAULT CHARSET=utf8 COLLATE=utf8_unicode_ci;

-- --------------------------------------------------------

--
-- Tabellenstruktur für Tabelle `qcheckpoint_type`
--

CREATE TABLE `qcheckpoint_type` (
  `No` int(11) NOT NULL,
  `qcheckpoint_type` varchar(20) COLLATE utf8_unicode_ci NOT NULL,
  `type_desc` varchar(255) COLLATE utf8_unicode_ci NOT NULL
) ENGINE=InnoDB DEFAULT CHARSET=utf8 COLLATE=utf8_unicode_ci;

--
-- Daten für Tabelle `qcheckpoint_type`
--

INSERT INTO `qcheckpoint_type` (`No`, `qcheckpoint_type`, `type_desc`) VALUES
(0, 'Qualität', 'Qualitative Überprüfung'),
(1, 'Logistik', 'Logistische Überprüfung');

-- --------------------------------------------------------

--
-- Tabellenstruktur für Tabelle `quality`
--

CREATE TABLE `quality` (
  `No` int(11) NOT NULL,
  `quality` varchar(25) CHARACTER SET utf8 COLLATE utf8_unicode_ci NOT NULL
) ENGINE=InnoDB DEFAULT CHARSET=latin1;

--
-- Daten für Tabelle `quality`
--

INSERT INTO `quality` (`No`, `quality`) VALUES
(2, 'Premium'),
(1, 'Standard');

-- --------------------------------------------------------

--
-- Tabellenstruktur für Tabelle `quality_checkpoint`
--

CREATE TABLE `quality_checkpoint` (
  `No` int(11) NOT NULL,
  `quality_checkpoint` varchar(255) COLLATE utf8_unicode_ci NOT NULL,
  `type` int(11) NOT NULL,
  `checkpoint_class` int(11) NOT NULL,
  `max_good` int(11) NOT NULL,
  `max_regular` int(11) DEFAULT NULL,
  `operator` int(4) NOT NULL
) ENGINE=InnoDB DEFAULT CHARSET=utf8 COLLATE=utf8_unicode_ci;

--
-- Daten für Tabelle `quality_checkpoint`
--

INSERT INTO `quality_checkpoint` (`No`, `quality_checkpoint`, `type`, `checkpoint_class`, `max_good`, `max_regular`, `operator`) VALUES
(1, 'Verderb - Schimmel', 0, 1, 1, 3, 1),
(2, 'Saftaustritt', 0, 1, 1, 2, 1),
(3, 'Ungeziefer', 0, 1, 1, 3, 1),
(4, 'Untergewicht', 0, 1, 1, 2, 1),
(5, 'Ueberreif / Weich', 0, 2, 1, 3, 1),
(6, 'Druckstellen', 0, 2, 2, 5, 1),
(7, 'Dehydriert', 0, 2, 1, 2, 1),
(8, 'Schalenfehler', 0, 3, 5, 10, 1),
(9, 'Restschmutz', 0, 3, 5, 10, 1),
(10, 'Unreif', 0, 2, 2, 5, 1),
(11, 'Beschaedigungen', 0, 3, 3, 6, 1),
(12, 'Andere', 0, 3, 2, 5, 1),
(13, 'Untermass', 0, 3, 5, 10, 1),
(14, 'Temperatur', 1, 4, 1, 3, 0),
(15, 'Brixgehalt', 0, 3, 1, 3, 0),
(16, 'Label Packstück', 1, 4, 0, 0, 2),
(17, 'Label Verkaufseinheit', 1, 4, 0, 0, 2),
(18, 'Pünktlichkeit', 1, 4, 1, 3, 0),
(19, 'Lieferfehlmenge', 1, 4, 5, 10, 1);

-- --------------------------------------------------------

--
-- Tabellenstruktur für Tabelle `quality_class`
--

CREATE TABLE `quality_class` (
  `No` int(11) NOT NULL,
  `quality_class` varchar(20) COLLATE utf8_unicode_ci NOT NULL,
  `class_short` varchar(3) COLLATE utf8_unicode_ci DEFAULT NULL
) ENGINE=InnoDB DEFAULT CHARSET=utf8 COLLATE=utf8_unicode_ci;

--
-- Daten für Tabelle `quality_class`
--

INSERT INTO `quality_class` (`No`, `quality_class`, `class_short`) VALUES
(1, 'Klasse I', 'I'),
(2, 'Klasse II', 'II'),
(3, 'Klasse Extra', 'E'),
(4, 'keine Klasse', '');

-- --------------------------------------------------------

--
-- Tabellenstruktur für Tabelle `room`
--

CREATE TABLE `room` (
  `No` int(11) NOT NULL,
  `room` varchar(25) CHARACTER SET utf8 COLLATE utf8_unicode_ci NOT NULL,
  `stock_location` int(11) NOT NULL
) ENGINE=InnoDB DEFAULT CHARSET=latin1;

--
-- Daten für Tabelle `room`
--

INSERT INTO `room` (`No`, `room`, `stock_location`) VALUES
(1, 'Kühlhaus I', 1),
(2, 'Kühlhaus II', 1),
(3, 'Kühlhaus III', 1),
(4, 'Kühlhaus IV', 1),
(6, 'Kühlhaus V', 1),
(7, 'Kühlhaus VI', 1),
(8, 'Kühlhaus VII', 1),
(9, 'Kühlhaus X', 1),
(10, 'Wareneingang', 1),
(11, 'Warenausgang', 1),
(12, '', 0);

-- --------------------------------------------------------

--
-- Tabellenstruktur für Tabelle `stock_location`
--

CREATE TABLE `stock_location` (
  `no` int(11) NOT NULL,
  `name` varchar(255) CHARACTER SET utf8 COLLATE utf8_unicode_ci NOT NULL,
  `name_2` varchar(255) CHARACTER SET utf8 COLLATE utf8_unicode_ci NOT NULL,
  `street` varchar(255) CHARACTER SET utf8 COLLATE utf8_unicode_ci NOT NULL,
  `street_2` varchar(255) CHARACTER SET utf8 COLLATE utf8_unicode_ci NOT NULL,
  `PO_code` varchar(20) CHARACTER SET utf8 COLLATE utf8_unicode_ci NOT NULL,
  `city` varchar(255) CHARACTER SET utf8 COLLATE utf8_unicode_ci NOT NULL,
  `CC` varchar(3) CHARACTER SET utf8 COLLATE utf8_unicode_ci NOT NULL,
  `LSP` varchar(20) CHARACTER SET utf8 COLLATE utf8_unicode_ci NOT NULL
) ENGINE=InnoDB DEFAULT CHARSET=latin1 COLLATE=latin1_general_cs;

--
-- Daten für Tabelle `stock_location`
--

INSERT INTO `stock_location` (`no`, `name`, `name_2`, `street`, `street_2`, `PO_code`, `city`, `CC`, `LSP`) VALUES
(1, 'Marktvertrieb Schwerin GmbH', '', 'Paul-Rücker-Straße 6b', '', '47059', 'Duisburg', 'DE', ''),
(2, 'Kronprinz Fruchthandels GmbH', '', 'Wolfgruben 5', '', '8211', 'Ilztal', 'AT', '');

-- --------------------------------------------------------

--
-- Tabellenstruktur für Tabelle `stock_place`
--

CREATE TABLE `stock_place` (
  `No` int(11) NOT NULL,
  `Room` int(11) NOT NULL,
  `Rack_No` int(11) NOT NULL,
  `Level` int(11) NOT NULL
) ENGINE=InnoDB DEFAULT CHARSET=latin1;

-- --------------------------------------------------------

--
-- Tabellenstruktur für Tabelle `tp_format`
--

CREATE TABLE `tp_format` (
  `no` varchar(20) CHARACTER SET utf8 COLLATE utf8_unicode_ci NOT NULL,
  `transport_packaging` varchar(255) CHARACTER SET utf8 COLLATE utf8_unicode_ci NOT NULL,
  `tp_type` int(20) NOT NULL,
  `length` int(11) NOT NULL,
  `width` int(11) NOT NULL,
  `height` int(11) DEFAULT NULL,
  `items_pallet` int(11) DEFAULT NULL,
  `items_level` int(11) DEFAULT NULL,
  `weight` decimal(10,0) DEFAULT NULL
) ENGINE=InnoDB DEFAULT CHARSET=latin1 COLLATE=latin1_general_cs;

--
-- Daten für Tabelle `tp_format`
--

INSERT INTO `tp_format` (`no`, `transport_packaging`, `tp_type`, `length`, `width`, `height`, `items_pallet`, `items_level`, `weight`) VALUES
('E6413', 'EPS K136', 2, 600, 400, 130, 72, 4, '650'),
('E6418', 'EPS K186', 2, 600, 400, 180, 52, 4, '650'),
('H6411', 'Holzsteige 60x40x11', 6, 600, 400, 110, 72, 4, '320'),
('ILL6410', 'IFCO LL 6410', 3, 600, 400, 100, 72, 4, '450'),
('K338', 'Karton 338', 4, 300, 260, 80, 360, 12, '180'),
('K438', 'Karton 438', 4, 400, 300, 80, 240, 80, '220'),
('K6411', 'Karton 6411', 6, 600, 400, 110, 80, 4, '450'),
('K6411A', 'Karton 6411 Aldi Nord', 5, 600, 400, 110, 72, 4, '450'),
('K6413', 'Karton 6413', 6, 600, 400, 130, 72, 4, '550'),
('K646', 'Karton 646', 6, 600, 400, 60, 120, 4, '360'),
('K649', 'Karton 649', 6, 600, 400, 90, 96, 4, '330');

-- --------------------------------------------------------

--
-- Tabellenstruktur für Tabelle `tp_type`
--

CREATE TABLE `tp_type` (
  `no` int(20) NOT NULL,
  `tp_type` varchar(255) CHARACTER SET utf8 COLLATE utf8_unicode_ci NOT NULL,
  `pool` tinyint(1) NOT NULL,
  `vendor` varchar(20) CHARACTER SET utf8 COLLATE utf8_unicode_ci NOT NULL
) ENGINE=InnoDB DEFAULT CHARSET=latin1 COLLATE=latin1_general_cs;

--
-- Daten für Tabelle `tp_type`
--

INSERT INTO `tp_type` (`no`, `tp_type`, `pool`, `vendor`) VALUES
(1, 'Karton Lieferant', 0, ''),
(2, 'Europool', 1, ''),
(3, 'IFCO', 1, ''),
(4, 'Interseroh', 1, ''),
(5, 'Karton Aldi Nord', 0, ''),
(6, 'Karton Neutral', 0, '');

-- --------------------------------------------------------

--
-- Tabellenstruktur für Tabelle `translation`
--

CREATE TABLE `translation` (
  `No` int(11) NOT NULL,
  `country` varchar(3) COLLATE utf8_unicode_ci NOT NULL,
  `table_name` varchar(255) COLLATE utf8_unicode_ci NOT NULL,
  `field_name` varchar(255) COLLATE utf8_unicode_ci NOT NULL,
  `translation` varchar(255) COLLATE utf8_unicode_ci NOT NULL
) ENGINE=InnoDB DEFAULT CHARSET=utf8 COLLATE=utf8_unicode_ci;

-- --------------------------------------------------------

--
-- Tabellenstruktur für Tabelle `variant`
--

CREATE TABLE `variant` (
  `No` varchar(30) CHARACTER SET utf8 COLLATE utf8_unicode_ci NOT NULL,
  `product` varchar(20) CHARACTER SET utf8 COLLATE utf8_unicode_ci NOT NULL,
  `origin` varchar(10) CHARACTER SET utf8 COLLATE utf8_unicode_ci NOT NULL,
  `variant` varchar(255) CHARACTER SET utf8 COLLATE utf8_unicode_ci NOT NULL,
  `items` int(11) NOT NULL,
  `weight_item` decimal(10,0) NOT NULL,
  `packaging` varchar(20) CHARACTER SET utf8 COLLATE utf8_unicode_ci NOT NULL,
  `label` int(11) NOT NULL,
  `t_packaging` varchar(20) CHARACTER SET utf8 COLLATE utf8_unicode_ci NOT NULL,
  `quality_class` int(11) DEFAULT NULL,
  `brand` int(11) NOT NULL,
  `quality` int(11) NOT NULL
) ENGINE=InnoDB DEFAULT CHARSET=latin1 COLLATE=latin1_general_cs;

--
-- Daten für Tabelle `variant`
--

INSERT INTO `variant` (`No`, `product`, `origin`, `variant`, `items`, `weight_item`, `packaging`, `label`, `t_packaging`, `quality_class`, `brand`, `quality`) VALUES
('0026BE8125E641301110', '0026', 'BE', '', 8, '125', '0', 1, 'E6413', 1, 0, 1),
('0026BE8125K438216111', '0026', 'BE', '', 8, '125', '2', 16, 'K438', 1, 1, 1),
('0026DE10125K438615110', '0026', 'DE', '', 10, '125', '6', 15, 'K438', 1, 0, 1),
('0026DE12125K438215110', '0026', 'DE', '', 12, '125', '2', 15, 'K438', 1, 0, 1),
('0026DE12125K438616111', '0026', 'DE', '', 12, '125', '6', 16, 'K438', 1, 1, 1),
('0026DE8125K438215110', '0026', 'DE', '', 8, '125', '2', 15, 'K438', 1, 0, 1),
('0026DE8125K438613110', '0026', 'DE', '', 8, '125', '6', 13, 'K438', 1, 0, 1),
('0026ES8125K43821510', '0026', 'ES', '', 8, '125', '2', 15, 'K438', 1, 0, 1),
('0026MX12.000125K438015110', '0026', 'MX', '', 12, '125', '0', 15, 'K438', 1, 0, 1),
('0026MX12.000125K438215110', '0026', 'MX', '', 12, '125', '2', 15, 'K438', 1, 0, 1),
('0026MX12125K438015110', '0026', 'MX', '', 12, '125', '0', 15, 'K438', 1, 0, 1),
('0026MX12125K43821110', '0026', 'MX', '', 12, '125', '2', 1, 'K438', 1, 0, 1),
('0026MX12125K438215110', '0026', 'MX', '', 12, '125', '2', 15, 'K438', 1, 0, 1),
('0026MX8125K338216110', '0026', 'MX', '', 8, '125', '2', 16, 'K338', 1, 0, 1),
('0026NL8125K338216111', '0026', 'NL', '', 8, '125', '2', 16, 'K338', 1, 1, 1),
('0026NL8125K438216110', '0026', 'NL', '', 8, '125', '2', 16, 'K438', 1, 0, 1),
('0026NL8125K438216111', '0026', 'NL', '', 8, '125', '2', 16, 'K438', 1, 1, 1),
('0026NL8125K43821621', '0026', 'NL', '', 8, '125', '2', 16, 'K438', 1, 1, 2),
('0026PT8125K43821510', '0026', 'PT', '', 8, '125', '2', 15, 'K438', 1, 0, 1),
('0030BE8500K6413615210', '0030', 'BE', '', 8, '500', '6', 15, 'K6413', 1, 0, 2),
('0030DE10250E6413615110', '0030', 'DE', '', 10, '250', '6', 15, 'E6413', 1, 0, 1),
('0030DE10250K6411A14110', '0030', 'DE', '', 10, '250', '1', 4, 'K6411A', 1, 0, 1),
('0030DE10500E641361510', '0030', 'DE', '', 10, '500', '6', 15, 'E6413', 1, 0, 1),
('0030DE10500E6413615110', '0030', 'DE', '', 10, '500', '6', 15, 'E6413', 1, 0, 1),
('0030DE10500E6413715110', '0030', 'DE', '', 10, '500', '7', 15, 'E6413', 1, 0, 1),
('0030DE10500ILL6410615110', '0030', 'DE', '', 10, '500', '6', 15, 'ILL6410', 1, 0, 1),
('0030DE10500K641311420', '0030', 'DE', '', 10, '500', '1', 14, 'K6413', 1, 0, 2),
('0030DE10500K64131810', '0030', 'DE', '', 10, '500', '1', 8, 'K6413', 1, 0, 1),
('0030DE10500K641324110', '0030', 'DE', '', 10, '500', '2', 4, 'K6413', 1, 0, 1),
('0030DE10500K6413615110', '0030', 'DE', '', 10, '500', '6', 15, 'K6413', 1, 0, 1),
('0030DE61000E641311110', '0030', 'DE', '', 6, '1000', '1', 1, 'E6413', 1, 0, 1),
('0030DE61000E6413715110', '0030', 'DE', '', 6, '1000', '7', 15, 'E6413', 1, 0, 1),
('0030DE61000E6413813110', '0030', 'DE', '', 6, '1000', '8', 13, 'E6413', 1, 0, 1),
('0030DE61000H6411813110', '0030', 'DE', '', 6, '1000', '8', 13, 'H6411', 1, 0, 1),
('0030DE61000K6413813110', '0030', 'DE', '', 6, '1000', '8', 13, 'K6413', 1, 0, 1),
('0030DE9500K6413615210', '0030', 'DE', '', 9, '500', '6', 15, 'K6413', 1, 0, 2),
('0030NL10250K438016111', '0030', 'NL', '', 10, '250', '0', 16, 'K438', 1, 1, 1),
('0030NL10250K438216111', '0030', 'NL', '', 10, '250', '2', 16, 'K438', 1, 1, 1),
('0030NL12400K438216111', '0030', 'NL', '', 12, '400', '2', 16, 'K438', 1, 1, 1),
('0030NL8500K438016111', '0030', 'NL', '', 8, '500', '0', 16, 'K438', 1, 1, 1),
('0030NL8500K438215111', '0030', 'NL', '', 8, '500', '2', 15, 'K438', 1, 1, 1),
('0030NL8500K6411615111', '0030', 'NL', '', 8, '500', '6', 15, 'K6411', 1, 1, 1),
('0030PE8250K438215110', '0030', 'PE', '', 8, '250', '2', 15, 'K438', 1, 0, 1),
('0030PE8250K438216110', '0030', 'PE', '', 8, '250', '2', 16, 'K438', 1, 0, 1),
('0031DE10500H6411615110', '0031', 'DE', '', 10, '500', '6', 15, 'H6411', 1, 0, 1),
('0031DE12125E641321110', '0031', 'DE', '', 12, '125', '2', 1, 'E6413', 1, 0, 1),
('0031DE12125K43821110', '0031', 'DE', '', 12, '125', '2', 1, 'K438', 1, 0, 1),
('0031DE12125K438215110', '0031', 'DE', '', 12, '125', '2', 15, 'K438', 1, 0, 1),
('0031DE12125K438216111', '0031', 'DE', '', 12, '125', '2', 16, 'K438', 1, 1, 1),
('0031DE12125K43825110', '0031', 'DE', '', 12, '125', '2', 5, 'K438', 1, 0, 1),
('0031DE8200K43821110', '0031', 'DE', '', 8, '200', '2', 1, 'K438', 1, 0, 1),
('0031DE8200K438213110', '0031', 'DE', '', 8, '200', '2', 13, 'K438', 1, 0, 1),
('0031DE8200K438615110', '0031', 'DE', '', 8, '200', '6', 15, 'K438', 1, 0, 1),
('0031ES10400K641121510', '0031', 'ES', '', 10, '400', '2', 15, 'K6411', 1, 0, 1),
('0031ES12125K43821510', '0031', 'ES', '', 12, '125', '2', 15, 'K438', 1, 0, 1),
('0031ES8200K43821610', '0031', 'ES', '', 8, '200', '2', 16, 'K438', 1, 0, 1),
('0031NL11000K438415210', '0031', 'NL', '', 1, '1000', '4', 15, 'K438', 1, 0, 2),
('0031PE12125K338216111', '0031', 'PE', '', 12, '125', '2', 16, 'K338', 1, 1, 1),
('0031PE12500K438416111', '0031', 'PE', '', 1, '2500', '4', 16, 'K438', 1, 1, 1),
('0031PL12125K438015110', '0031', 'PL', '', 12, '125', '0', 15, 'K438', 1, 0, 1),
('0031PL12125K43821110', '0031', 'PL', '', 12, '125', '2', 1, 'K438', 1, 0, 1),
('0031PL12125K438615110', '0031', 'PL', '', 12, '125', '6', 15, 'K438', 1, 0, 1),
('0031PL14000K6413415110', '0031', 'PL', '', 1, '4000', '4', 15, 'K6413', 1, 0, 1),
('0031PL15000K641321110', '0031', 'PL', '', 1, '5000', '2', 1, 'K6413', 1, 0, 1),
('0031PL15000K6413415110', '0031', 'PL', '', 1, '5000', '4', 15, 'K6413', 1, 0, 1),
('0031PL8200K438615110', '0031', 'PL', '', 8, '200', '6', 15, 'K438', 1, 0, 1),
('0032BE12125K438216211', '0032', 'BE', '', 12, '125', '2', 16, 'K438', 1, 1, 2),
('0032DE12125K438216111', '0032', 'DE', '', 12, '125', '2', 16, 'K438', 1, 1, 1),
('0032DE8125E6413215110', '0032', 'DE', '', 8, '125', '2', 15, 'E6413', 1, 0, 1),
('0032DE8125K438215110', '0032', 'DE', '', 8, '125', '2', 15, 'K438', 1, 0, 1),
('0032ES12125E641301110', '0032', 'ES', '', 12, '125', '0', 1, 'E6413', 1, 0, 1),
('0032ES12125K338215110', '0032', 'ES', '', 12, '125', '2', 15, 'K338', 1, 0, 1),
('0032ES12125K438110', '0032', 'ES', '', 12, '125', '', 0, 'K438', 1, 0, 1),
('0032ES12125K438215110', '0032', 'ES', '', 12, '125', '2', 15, 'K438', 1, 0, 1),
('0032ES12125K438216110', '0032', 'ES', '', 12, '125', '2', 16, 'K438', 1, 0, 1),
('0032ES12125K43822110', '0032', 'ES', '', 12, '125', '2', 2, 'K438', 1, 0, 1),
('0032ES8.000125K438215110', '0032', 'ES', '', 8, '125', '2', 15, 'K438', 1, 0, 1),
('0032ES8125K438015110', '0032', 'ES', '', 8, '125', '0', 15, 'K438', 1, 0, 1),
('0032ES8125K43821510', '0032', 'ES', '', 8, '125', '2', 15, 'K438', 1, 0, 1),
('0032ES8125K438215110', '0032', 'ES', '', 8, '125', '2', 15, 'K438', 1, 0, 1),
('0032MA12.000125K438215110', '0032', 'MA', '', 12, '125', '2', 15, 'K438', 1, 0, 1),
('0032MA12125K438016111', '0032', 'MA', '', 12, '125', '0', 16, 'K438', 1, 1, 1),
('0032MA12125K438215110', '0032', 'MA', '', 12, '125', '2', 15, 'K438', 1, 0, 1),
('0032MA12125K438216111', '0032', 'MA', '', 12, '125', '2', 16, 'K438', 1, 1, 1),
('0032MA12125K438216211', '0032', 'MA', '', 12, '125', '2', 16, 'K438', 1, 1, 2),
('0032NL12125K43821520', '0032', 'NL', '', 12, '125', '2', 15, 'K438', 1, 0, 2),
('0032NL12125K438215210', '0032', 'NL', '', 12, '125', '2', 15, 'K438', 1, 0, 2),
('0032NL8125K43821520', '0032', 'NL', '', 8, '125', '2', 15, 'K438', 1, 0, 2),
('0032PT12125E6413216211', '0032', 'PT', '', 12, '125', '2', 16, 'E6413', 1, 1, 2),
('0032PT12125K43821110', '0032', 'PT', '', 12, '125', '2', 1, 'K438', 1, 0, 1),
('0032PT12125K438215110', '0032', 'PT', '', 12, '125', '2', 15, 'K438', 1, 0, 1),
('0032PT12125K438216110', '0032', 'PT', '', 12, '125', '2', 16, 'K438', 1, 0, 1),
('0032PT12125K438216111', '0032', 'PT', '', 12, '125', '2', 16, 'K438', 1, 1, 1),
('0032PT12125K43821621', '0032', 'PT', '', 12, '125', '2', 16, 'K438', 1, 1, 2),
('0032PT12125K438216211', '0032', 'PT', '', 12, '125', '2', 16, 'K438', 1, 1, 2),
('0032PT8125K33821621', '0032', 'PT', '', 8, '125', '2', 16, 'K338', 1, 1, 2),
('0032PT8125K43821510', '0032', 'PT', '', 8, '125', '2', 15, 'K438', 1, 0, 1),
('0033DE10500E6413615110', '0033', 'DE', '', 10, '500', '6', 15, 'E6413', 1, 0, 1),
('0234DE101000E6413015110', '0234', 'DE', '', 10, '1000', '0', 15, 'E6413', 1, 0, 1),
('0250MA10500K6411A316110', '0250', 'MA', '', 10, '500', '3', 16, 'K6411A', 1, 0, 1);

-- --------------------------------------------------------

--
-- Tabellenstruktur für Tabelle `vendor`
--

CREATE TABLE `vendor` (
  `No` varchar(20) CHARACTER SET utf8 COLLATE utf8_unicode_ci NOT NULL,
  `name` varchar(255) CHARACTER SET utf8 COLLATE utf8_unicode_ci NOT NULL,
  `name_2` varchar(255) CHARACTER SET utf8 COLLATE utf8_unicode_ci DEFAULT NULL,
  `street` varchar(255) CHARACTER SET utf8 COLLATE utf8_unicode_ci DEFAULT NULL,
  `street_2` varchar(255) CHARACTER SET utf8 COLLATE utf8_unicode_ci DEFAULT NULL,
  `PO_code` varchar(20) CHARACTER SET utf8 COLLATE utf8_unicode_ci DEFAULT NULL,
  `city` varchar(255) CHARACTER SET utf8 COLLATE utf8_unicode_ci DEFAULT NULL,
  `country_code` varchar(3) CHARACTER SET utf8 COLLATE utf8_unicode_ci DEFAULT NULL
) ENGINE=InnoDB DEFAULT CHARSET=latin1 COLLATE=latin1_general_cs;

--
-- Daten für Tabelle `vendor`
--

INSERT INTO `vendor` (`No`, `name`, `name_2`, `street`, `street_2`, `PO_code`, `city`, `country_code`) VALUES
('000021', '', '', '', '', '', '', 'XX'),
('000026', '', '', '', '', '', '', 'XX'),
('000815', 'Testlieferant Sped.', '', '', '', '', 'Duisburg', 'DE'),
('000816', 'Testlieferant Frankreich', '', '', '', 'F', '60000', 'DE'),
('000817', 'Testlieferant Erzeuger', '', '', '', 'D', 'Berlin', 'DE'),
('007426', 'Heibach', 'Fruchthandel', 'Kettwiger Str. 3-5', '', '45127', 'Essen', 'DE'),
('007778', 'Landgard Ost Obst & Gemüse GmbH', '', 'Hirschstr. 30', '', '09661', 'Striegistal', 'DE'),
('010000', '', '', '', '', '', '', 'XX'),
('010937', 'Agricola Coop Doo', '', 'Veselina Milikica 7/1', '', '', 'Cacak', 'RS'),
('011509', 'SchmitzNorbert Bökels', '', 'Oberbenrader Str. 491', '', '47804', 'Krefeld', 'DE'),
('011570', 'Bio Tropic GmbH', '', 'Daimlerstr. 4', '', '47167', 'Duisburg', 'DE'),
('014516', 'Dalfo Ramon', '', 'Avda. Lleida 71', '', '25120', 'Alfarras', 'ES'),
('014517', 'DHL', '', 'Marktstr. 10', '', '50968', 'Köln', 'DE'),
('017515', 'Fama', '', 'M.I. St.Charles / B.P. 5102', '', '66031', 'PerpignanCedex', 'FR'),
('017527', 'Faby Fruchtgroßhandel GmbH', '', 'Sandhörn 1', '', '21720', 'Steinkirchen', 'DE'),
('017561', 'FraisAl', 'FR 52 380 708 885', 'Lieu-dit Schafbusch 116', '', '67160', 'Wissembourg', 'LU'),
('017572', 'FRESAL S.A.R.L.', '', 'Rue de la Tour 229 Centre 280', '', '94576', 'RungisCedex', 'FR'),
('019022', 'Heinrich Goetschkes', '', 'Rottes 139', '', '41564', 'Kaarst', 'DE'),
('019039', 'Gastrofresh', '', 'Bilkova 13', '', '11000', 'Praha', 'CZ'),
('020501', 'Matthias Hartmann', '', 'Heiliger Weg 60', '', '44135', 'Dortmund', 'DE'),
('020527', 'Josef Hesse GmbH', '', 'Lützowstr. 26', '', '45141', 'Essen', 'DE'),
('022818', 'Exilfood', '', 'Tisza ut 119', '', '4471', 'Gavavencsello', 'HU'),
('023592', 'Freshconcept B.V.', '', 'Beekhof 21', '', '4841', 'MBPrinsenbeek', 'NL'),
('025005', 'Karl Kiermaier', '', 'Industriestr. 13', '', '47647', 'Kerken', 'DE'),
('025030', 'Kaiser`s Tengelmann AG', '', 'Weuster Str. 4', '', '46240', 'Bottrop-Boy', 'DE'),
('025031', 'Kaisers Kaffee-Frische Centrum', '', 'Ernst-Moritz-Arndt Str. 10', '', '41747', 'Viersen', 'DE'),
('026507', 'Bauernmarkt Lindchen GmbH', '', 'Am Lindchen 3', '', '47589', 'Uedem', 'DE'),
('026516', 'Johann Lührs', 'Fruchtgroßhandel GmbH', 'Am Deich 62', '', '21723', 'Hollern-Twielenfleth', 'DE'),
('026531', 'Landgard Obst & Gemüse GmbH', '', 'Am Yachthafen 2', '', '77694', 'Kehl', 'DE'),
('027006', 'Karacsony Kft.', '', '', '', '4078', 'DebrecenHalap361', 'HU'),
('028097', 'Multi-Fresh B.V.', '', 'Venrayseweg 114b', '', '5928RH', 'Venlo', 'NL'),
('029505', 'Nordgemüse Hamburg Krogmann KG', '', 'Barsbütteler Straße 67', '', '22043', 'Hamburg', 'DE'),
('029506', 'Nagel', 'Airfreight GmbH', 'Veilingstr. Geb I Tor 857', '', '47638', 'Straelen/Herongen', 'DE'),
('036024', 'Royakkers', 'Veiling Borgloon', 'Kernielerweg 59', '', '3840', 'Borgloon', 'BE'),
('037031', 'Solor', '', 'Marché St.Charles', '', '66034', 'PerpignanCedex', 'FR'),
('037560', 'Frutania GmbH', '', 'Heinrich-Lanz-Str. 3', '', '53501', 'Grafschaft', 'DE'),
('038613', 'Voce Promet', '', 'Zikice Javanovicabr. 1', '', '14000', 'Valjevo', 'BA'),
('041511', 'TWF S.A.', '', 'Calle Bilbao 225 San Isidro', '', '', 'Lima', 'PE'),
('043007', 'Union de Cooperatives des P.O.', '', 'Z.A. Rue Henri Marchal', '', '66510', 'St.Hippolyte', 'FR'),
('046001', 'WS-Fruchthandel GmbH', '', 'Erdbrüchlestr.12', '', '76597', 'Loffenau', 'DE'),
('046017', 'P. van Wylick GmbH', 'Fruchtimport', '', '', '', 'Dortmund', 'DE'),
('046018', 'Richard Kösters', 'Inh. M.Willems', 'Lützowstr. 26', '', '45141', 'Essen', 'DE'),
('049816', 'Opstanak Svrljig', '', 'Omladinska b.b.', '', '18360', 'Svrljig', 'RS'),
('070000', 'AS.P.O. - Frutta', '', 'C/da Lenne', '', '', 'Palagiano', 'IT'),
('070001', 'Agrocastell S.A.', '', 'Castell de Ferro', '', 'E-18740', 'Granada', 'ES'),
('070002', 'Agro Carchuna Motril, S.A.', '', '', '', 'E-18730', 'Calahinda(Granada)', 'ES'),
('070004', 'Alconera Maroc S.A.', '', 'Ctra. S.Juan del Pto. Matalascanas', '', '21800', 'Moguer(Huelva)', 'ES'),
('070005', 'Aramemnon', '', '', '', 'GR-20100', 'Korinthos', 'GR'),
('070007', 'A.P.O.L.', '', 'C. da Fiocche, 300', '', '84025', 'Eboli(SA)', 'IT'),
('070008', 'Afrespuerto, S.L.', '', 'Camino Agua del Toro, S/N', '', '21810', 'PalosdelaFrontera', 'ES'),
('070009', 'Martin Alfonseca, S.L.', '', 'C/. Miguel de Cervantes, 38', '', '21430', 'LaRedondela', 'ES'),
('070011', 'I.P. Alimenta S.R.L.', '', 'Via Turati 7', '', '20121', 'Milano', 'IT'),
('070012', 'Agrod´elx S. Coop', '', '', '', 'E-03294', 'Elche/Alicante', 'ES'),
('070013', 'Alfa Fresh', '', '', '', '', 'Griechenland', 'GR'),
('070014', 'Annalisa', 'di Lamanna D. & De Laurentis C.s.s.', 'Contrada Ponte del Cane, n.c.', '', '70044', 'PolignanoaMare(BA)', 'IT'),
('070015', 'AS"Neos Aliakmon"', '', '', '', 'Ammos', 'Verias', 'GR'),
('070016', 'Alò & Lacatena', 'di Giuseppe Alò e C. s.n.c.', 'Via V. Veneto 147/A', '', '70043', 'Monopoli(Bari)', 'IT'),
('070017', 'Pietro Amoruso GmbH', '', 'Großmarkthalle', '', '81333', 'München', 'DE'),
('070018', 'Aubert Productions', '', '', '', '', 'Frankreich', 'FR'),
('070019', 'Albafruit', '', '457, Rue Issanchou', '', '82000', 'Montauban', 'FR'),
('070020', 'Acopaex S.Coop', '', 'Paseo de los rosales, 43', '', '06800', 'Mérida(Badajoz)', 'ES'),
('070025', 'Agricola GmbH', '', '', '', 'D-77602', 'Offenburg/Baden', 'DE'),
('070027', 'Almufruit,S.A', '', '', '', '04700', 'ElEjido(Almeria)', 'ES'),
('070028', 'Mario Andretta & Co.', '', 'Thalkirchner Str. 81', '', '81371', 'München', 'DE'),
('070029', 'Agritalia Sarl', '', '', '', '', 'Marrakesch', 'MA'),
('070030', 'Artlaender Obst- u. Gemueseanbau', '', 'Pater-Duelmer-Str. 19', '', '49610', 'Quakenbrueck', 'DE'),
('070031', 'Apimex Fruchthandel GmbH', '', 'Schäftlarnstr. 10', '', '81371', 'München', 'DE'),
('070032', 'Agro-Congel', '', 'Zone Portuaire', '', '', 'Larache', 'MA'),
('070034', 'diverse', '', '', '', '', 'diverse', 'AR'),
('070035', 'Anecoop', '', '', '', '', 'Anecoop', 'ES'),
('070036', 'Amana Fruits & Legumes', '', 'Ceed Grand St. Charles', '', 'F-66031', 'Perpignan-Cedex', 'FR'),
('070037', 'Areniebla', '', 'C/ Moguer No. 5', '', '', 'Valverde', 'ES'),
('070038', 'yAlkyon S.A.', '', '', '', '', 'GR', 'GR'),
('070039', 'Agrunord', '', '', '', '', 'Marseille', 'FR'),
('070040', 'Atlanta Fruchtagentur GmbH', '', '', '', '77964', 'Kehl', 'DE'),
('070041', 'Arilfrut S. A.', '', 'Poligono Industrial Parc. 308', '', '', 'E-Lleida', 'ES'),
('070042', 'Agrupolepe S.A.T.', 'AP. Correos 178', 'C/ Mayor, 41', '', '21440', 'Lepe(Huelva)', 'ES'),
('070043', 'Abenhardt GmbH & Co. KG', '', 'Marktfelder Straße 15', '', '45711', 'Datteln', 'DE'),
('070044', 'Absatzgenossenschaft Unterrieden', '', 'Ludwigsteinstr.6', '', '37214', 'Witzenhausen', 'DE'),
('070045', 'Agusti Virgilio', 'Agriculteur', 'B.P. 26 - Aouamra', '', '', 'Larache', 'MA'),
('070046', 'Sandro Luis Andreazza', '', 'Rua Luiz Tomazelli, S/N', '', 'Santa', 'LuciadoPiai', 'BR'),
('070047', 'Arlindo Setimo Calgaro', '', '', '', 'BRA-Porto', 'Alegre', 'BR'),
('070048', 'Agricola Antoluz', '', '', '', '', 'E-Cartaya', 'ES'),
('070049', 'Agri-ma International', '', 'Rue de Lisbonne BP 5341', '', 'F-68033', 'PerpignanCedex', 'FR'),
('070050', 'Agrotiki', '', '', '', 'GR-Kria', 'Vrissi', 'GR'),
('070051', 'DOO Aes Trans', '', '', '', 'Gradaca,', 'Lukavacdonjibb', 'BA'),
('070052', 'Agro Distribution SRL', '', 'Str. Ciurotti Nr. 80', '', '', 'Iasi', 'RO'),
('070053', 'Agromolinillo', '', 'C/. Elisa Fernandez, 15', '', '21800', 'Moguer(Huelva)', 'ES'),
('070054', 'AGRO', 'Przedsiebiorstwo Handlowe', 'Janowek 39', '', '05-600', 'Grojek', 'PL'),
('070055', 'Areil Solédor', 'Areil Frutaprim', '120, allée de Provence/B.P. 5013', '', '66033', 'Perpignan', 'FR'),
('070056', 'Asia GmbH', '', 'Auf der Höhe 10', '', '47059', 'Duisburg', 'DE'),
('070057', 'American Route', '', '', '', '', 'Lima', 'PE'),
('070058', 'Said Nome Aguilera', '', 'Chacabuco 512 Oficina 4', '', '3237722-k,', 'Linares', 'ES'),
('070059', 'Aladin', '', '', '', 'I-70044', 'PolignanoaMare', 'IT'),
('070061', 'Agiasma S.A.', '', '', '', '', 'Griechenland', 'GR'),
('070062', 'AOG Igensdorf', '', 'Forchheimer Str. 4 a', '', '91338', 'Igensdorf', 'DE'),
('070066', 'Agrosol, S.C.L.', '', 'C/ Villaespesa s/n', '', '38015', 'Lorca', 'ES'),
('070067', 'O. van Assche N.v.', '', 'Werkhuizenkaai 112/154', '', '1000', 'Brüssel', 'BE'),
('070069', 'Agrupa Frutas S.L.', '', '', '', '', 'Alicante', 'ES'),
('070071', 'Allegier Primeurs', '', 'Z.A. La Praderie', '', 'F-13910', 'Maillane', 'FR'),
('070072', 'Ste. Bernard Azria et Fils', '', 'Cap Janet - Terrasse Hangar 17', '', 'F-13344', 'MarseilleCedex15', 'FR'),
('070073', 'ASF Holland', '', 'Lage Brugweg 11a', '', '5979', 'Helenaveen', 'NL'),
('070074', 'AJB´s Fruitbox', '', 'Veilingweg 42', '', 'NL-7833', 'HNNieuw-Amsterdam', 'NL'),
('070075', 'ALFA', 'Thomas Fotiadis', 'Mirtofito Kavalas', '', 'GR-64007', 'Kavala', 'GR'),
('070078', 'Avel West', '', 'Parc d´activités de Kerhall', '', '29233', 'Cleder', 'FR'),
('070080', 'Agrispa', '', 'Mag. 96 à 99 - B.P. 95150', '', '66031', 'Perpignan', 'FR'),
('070081', 'Agrargenossenschaft', 'Hohenseeden eG', 'Brandensteiner Weg 3', '', '39307', 'Hohenseeden', 'DE'),
('070082', 'Ernst Aschauer', '', 'Pfaffing 7', '', '4081', 'Hartkirchen', 'AT'),
('070083', 'Agro International', '', '', '', '', 'BOS-', 'BA'),
('070084', 'Aurora Fruit', '', 'Strada dei Boschi 99 - Loc. Pozzo', '', '37057', 'SanGiovanni', 'IT'),
('070085', 'Agroatlas', 'Europa S.L.', 'Paseo Juan Carlos I, n°12-3°D', '', '04700', 'ElEjido(Almeria)', 'ES'),
('070086', 'Juan Arocha, S.L.', '', 'Avda. America 6', '', '21810', 'PalosdelaFtra.(Huelva)', 'ES'),
('070087', 'Agri Bisalta S.r.l.', '', 'Via Madonna dei Boschi 20', '', '12016', 'Peveragno(CN)', 'IT'),
('070088', 'Agrofruit d.o.o.', '', 'Statrovici', '', '76209', 'BOS-Brcko', 'BA'),
('070089', 'Altes Land', 'Fruchtagentur GmbH', 'Westerjork 95', '', '21635', 'Jork', 'DE'),
('070090', 'Alpine Chile S.A.', '', 'Estoril 60', '', 'CH-Las', 'Condes-Santiago', 'CL'),
('070092', 'Agafonte', '', '1500 Ait Melloul', '', '80150', 'Marokko', 'MA'),
('070093', 'Ayna Lebensmittel', 'Fruchtgroßhandel GmbH', 'Banksstr. 28 , Stand 122-3', '', '20097', 'Hamburg', 'DE'),
('070095', 'Agrosell', 'Monika Gorska', 'Huta Bledowska 8', '', '05-620', 'Bledow', 'PL'),
('070096', 'Argentine Trading Company, Corp', '', '303 Galen Dr. Suite 206', '', 'Key', 'Biscayne,FL33149', 'US'),
('070097', 'Arandanos del Pintado S.R.L', '', 'RUTA 30 km. 149 Y CAMINO PIEDRA PIN', '', 'PADRON', '1433Y6751LRA.SEC:CAT', 'UY'),
('070099', 'Adanofruits', '', 'RUTA 3 KM. 343.5', '', '', 'Paysandu', 'UY'),
('070100', 'AJB´s Fruitbox', '', 'Veilingstraat 42', '', '7833', 'HNNieuwAmsterdam', 'NL'),
('070101', 'Alconera Maroc S.A.R.L.', '', 'ST.Emb. MLY Bousselham B.P.342', '', 'My', 'Bousselham', 'MA'),
('070102', 'Apo Scaligera', '', 'Loc Ponte Rosso', '', 'I-37059', 'S.MariadiZevio(VR)', 'IT'),
('070103', 'Achten v.o.p', '', 'Keulseweg 177', '', '5953', 'HJReuver', 'NL'),
('070104', 'Agrodual d.o.o.', '', 'Bulevar Nikole Tesle 30 A', '', 'SRB-11000', 'Belgrad', 'RS'),
('070105', 'Aqui Fruits & Greens BV', '', 'Venrayseweg 116 a', '', 'NL-5928', 'RHVenlo', 'NL'),
('070106', 'Citricola Ayuí S.A.A.I.C.', '', '', '', 'Mons.', 'Rosch5005-C.P.E3201', 'AR'),
('070107', 'Agroberries S.A.', '', '3 de Febrero 123', '', 'C.P.', '3300Posadas-Misiones', 'AR'),
('070108', 'Alex Ingredients Inc.', '', '237 Place Frontenac', '', 'CA-Pointe-Claire,', 'Quebec', 'CA'),
('070109', 'Allfresh Export SFA', '', 'Estoril 50, office 717, La Condes', '', 'CL-7591047', 'Santiago', 'CL'),
('070110', 'Arofa S.L.', '', 'Berroa,4 Edif.La Estrella Ofic.117', '', '31192', 'Tajonar(Navarra)', 'ES'),
('070112', 'Arava Holland B.V.', '', 'Klappolder 121', '', 'Bleiswijk', '2665ZL', 'NL'),
('070113', 'Aspersa Ltd.', '', 'Kissamos / Kreta', '', '73400', 'Chania', 'GR'),
('070115', 'Anjou Myrtilles SARL', '', '2 Rue du Vau de Chevre', '', 'FR-49390', 'LaBreillelesPins', 'FR'),
('070118', 'Ambient Evrope D.O.O. Slovenia', '', 'Vojkovo Nabrezje 38', '', 'Kooper', '6000Slovenia', 'SK'),
('070119', 'Ambient Business Consulting Ltd.', '', '14 Shazar St Netanya', '', '4249309', 'Israel', 'IL'),
('070121', 'Agricom Ltda', 'Diego Altamirano', 'El Golf 99 Piso 3', '', 'Las', 'Condes', 'MA'),
('070122', 'African Blue', '', 'Lotissement Belle Vue, B.P n"15', '', '5314', 'MOULAYBOUSSELHAM,Marokko', 'MA'),
('070124', 'Agrargesellschaft Herbsleben AG', '', 'Döllstädter Str. 1', '', '99955', 'Herbsleben', 'DE'),
('070125', 'AsperGrow Holding B.V.', '', 'Molenstraat 60', '', '4641', 'BEOssendrecht', 'NL'),
('070126', 'Agro Trade - Sandra Stefaniak', 'PL7642666721', 'ul. Pogodna 7', '', '64920', 'Pila', 'PL'),
('070127', 'Valle Azul S.P.A', '', 'Badajoz N 100 Oficina 725 / 726', '', '7550000', 'LasCondes,Santiago', 'ES'),
('070128', 'Agroktimata Epe', 'Karadouka-Michaelides E.P.E', 'L. Katsoni 30', '', 'GR-18344', 'Moshato', 'GR'),
('070129', 'Apple Farm Sp. z.o.o.', '', 'Starowiejska 41-43', '', '81-363,', 'Gdynia', 'PL'),
('070130', 'Allfresh International B.V.', '', 'Handelsweg 84', '', '2988', 'DB-Ridderkerk', 'NL'),
('070131', 'Azul Sereno SA', '', 'Av. Viera 592', '', 'URY-50000', 'Salto', 'UY'),
('070132', 'Sociedad Agroplus Limitada', '', 'O Higgins 420 oficina 82', '', '', 'Concepcion', 'CL'),
('070133', 'Agostinho Oliveira Almeida', '', 'Rua Dr. Crispim Borges de Castro', '', '4520-195', 'SantaMariadaFeira', 'PT'),
('070134', 'Agricola La Venta S.A.', '', 'Av. Circunvalacion del Club Golf154', '', '615-4200', 'SantiagodeSurco', 'PE'),
('070135', 'AS Obst & Gemüse', 'Groß- und Einzelhandel', 'Auf der Höhe 63', '', '47059', 'Duisburg', 'DE'),
('070138', 'Exportadora Alfaberries LTDA', '', 'Panamericana Norte 1077', '', '3780000', 'Chilian,Chile', 'PL'),
('070139', 'SH Agro GmbH & Co. KG', 'Obst u. Gemüse Handel', 'Münsterstr. 43', '', '49219', 'Glandorf', 'DE'),
('070140', 'Exportadora Agro Rio LTDA', '', 'Fundo el Rio de Quillaimo', '', 'Linares', '/RetiroChile', 'ES'),
('070141', 'Exp.Berries San Alberto LTDA', 'San Alberto Hi Juela N°2', 'Calle O`Higgings336 VII Region', '', 'Maule,', 'Chile', 'CL'),
('070142', 'AGP Export', 'Sociedad Exportadora', 'Km 18 camino a Pinto', '', '3780000', 'FundolaPiedra', 'MA'),
('070143', 'Momberg Pablo S.Y. LTDA', 'RUT.89.319.200-K', 'Fundo Santa Angela', '', 'Osorno,', 'Chile', 'CL'),
('070144', 'AGROGANP, Exploracao Agricola Lda', '', 'Rua do Carvalho no 176 b', '', '4760-089', 'CabecudosVilaNovadeF', 'PT'),
('070149', 'Exportadora fruticola sur', 'S.A. ATHOS', 'Paz Soldan no 225 OF 203', '', '615-4200', 'Lima', 'PE'),
('070150', 'Aartsenfruit Breda b.v.', '', 'Heilaar-Noordweg 9', '', '4814', 'NRBreda', 'NL'),
('070151', 'ABB Trading', '', 'Fabriekstraat 6', '', '5961', 'PKHorst', 'NL'),
('070152', 'Apo Scaligera', '', 'Loc Ponte Rosso', '', 'I-S.', 'MariadiZevio', 'IT'),
('070153', 'Alpine Fresh, Inc', 'Jose Hidalgo', 'Carretera los Reyes-Santa Clara S/N', '', '60300', 'Michoacan', 'MX'),
('070700', 'Baumgarten GmbH', '', 'Bergfried 22', '', '21720', 'Guderhandviertel', 'DE'),
('070701', 'Blampin Fruits', '', 'Mag. Roca No. 2 - BP 15044', '', '66030', 'PerpignanCedex', 'FR'),
('070702', 'Barniol France S.A.', '', '29 Rue de Latour', '', '66200', 'Elne', 'FR'),
('070703', 'BHW-Obstmarkt', '', 'Im Seelein 12', '', '97332', 'Volkach', 'DE'),
('070704', 'Sdad. Coop. "Nta. Sra. de la Bella"', 'nicht verwenden!!!', 'Ctra. Huelva Ayamonte, km 684', '', '21440', 'Lepe(Huelva)', 'ES'),
('070705', 'Bonafru', 'SCA Hortofruticola de Bonares', 'Pol. Ind. El Corchito, S/N 2a', '', '21830', 'FaseBonares(Huelva)', 'ES'),
('070706', 'Bakos RT', '', 'Koztarsasag U 11-13', '', '2600', 'Vac', 'HU'),
('070707', 'Bel-Lorca S.L.', '', 'C/Nerea 1211', '', '30710', 'LosAlcazares(Murcia)', 'ES'),
('070708', 'Valli del Sarca', 'Contadini Basso Sarca', 'Via R. Zandonai, 20', '', '38074', 'Dro(TN)', 'IT'),
('070709', 'FLB Frucht Logistik Brockmann', '', 'Lützowstr. 28b', '', '45141', 'Essen', 'DE'),
('070710', 'Betafruit', '', 'Nagelsweg 126', '', '20097', 'Hamburg', 'DE'),
('070711', 'Fruticola Baja Aragonesa', '', 'C. Baja, 20 Bajos - Apdo. Correos', '', '50700', 'Caspe(Zaragoza)', 'ES'),
('070712', 'Büttgen, Franz-Josef', '', 'Krötenpfad', '', '', 'Altendorf-Ersdorf', 'DE'),
('070713', 'Bifraise S.A.R.L.', '', '', '', 'My', 'Bousselham', 'MA'),
('070714', 'Baldini-Quagliarella & C.s.r.l.', '', '', '', '70052', 'Bisceglie', 'IT'),
('070715', 'Beca Negoce', '', 'Av. Hassan II', '', 'Ait', 'Melloul', 'MA'),
('070716', 'Birkensee Beerenkulturen', '', 'Neulandweg 83', '', '63329', 'Egelsbach', 'DE'),
('070717', 'Obsthof Brauweiler', '', 'Krötenpfuhl 8', '', '53340', 'Meckenheim-Altendorf', 'DE'),
('070718', 'Obstbau Josef Büttgen', '', 'Roßkamp 18', '', '53340', 'Meckenheim', 'DE'),
('070719', 'Baqir', '', 'Großmarkt', '', '70327', 'Stuttgart', 'DE'),
('070720', 'Agricola Rio Baya, S.L.', '', 'Plza. Manuel Summers, 6', '', '21440', 'Lepe(Huelva)', 'ES'),
('070721', 'Rio Jerte', '', 'Carretera Nacional 110, km 360', '', 'E-10611', 'TornavacasCaceres', 'ES'),
('070722', 'Charlys Erdbeerhof', '', 'Am Friedhof 1', '', '52428', 'Jülich-Broich', 'DE'),
('070724', 'H. Barten', '', 'Heesenweg 44', '', '47495', 'Rheinberg', 'DE'),
('070725', 'Röhrkasten Henning', 'Hof Röhrkasten', 'Höfen 17', '', '31600', 'Uchte', 'DE'),
('070726', 'Carmine Bussone OHG', '', 'Thalkirchner Str. 129', '', '81371', 'München', 'DE'),
('070727', 'Blanfruit', '', '', '', '', 'F-', 'FR'),
('070728', 'Bellipario, Domenico', '', 'C. da S.Vagno', '', 'I-70044', 'PolignanoaMare(BA)', 'IT'),
('070729', 'DOO Blondy Promet', '', '', '', 'Gradacac,', 'LukavacGornijbb', 'BA'),
('070730', 'Ets L. Blanchard S.A.', '', '', '', 'F-22710', 'Penvénan', 'FR'),
('070732', 'Berries Osorna Chile S.A.', '', 'Ruta 215 km 20 fundo los Maitenes', '', '5290000,', 'Osorno', 'AR'),
('070733', 'Exportaciones Bernat S.L.', 'Excma. Diputacion, 48', '', '', 'E-46717', 'LaFontd`enCarros', 'ES'),
('070734', 'Nalda & Escriva', 'vormals Expo Eurofruit', 'Partida la Cava, s/n', '', '46717', 'LaFontd´enCarros', 'ES'),
('070735', 'Exportaciones Blanca, S.L.', 'Frutas Eximia', 'Calle Nino, 44', '', '60540', 'EstaciondeBlanca(Murcia)', 'ES'),
('070736', 'Christian Beneke Landwirtschaft', '', 'Rotbuchenstr. 3', '', '49424', 'Goldenstedt', 'DE'),
('070737', 'Bayas de Oro, S.A.', '', 'Pol. Ind. San Jorge, naces 13-14', '', '21810', 'PalosdelaFrontera', 'ES'),
('070738', 'Bermida S.A.', '', 'Humboldt 2355 2.P.', '', 'Republica', 'Argentina', 'CL'),
('070739', 'Bilbaina de Comercialpacion SA', '', '', '', '', 'Basauri', 'ES'),
('070740', 'Bionest', '', 'Ctra. Almonte El Rocio km 22,5', '', 'E-21730', 'Almonte(Huelva)', 'ES'),
('070741', 'Sun Berry International', '', 'Venrayseweg 106c', '', '5928-RH', 'Venlo', 'NL'),
('070742', 'Le fruit du beau rivage', 'Bourdin et fils', '', '', 'F-07300', 'Glun', 'FR'),
('070743', 'Bornand frères', '', '6, Grande Rue', '', 'F-74930', 'Reignier', 'FR'),
('070744', 'Bayanne', 'Domaine de Bayanne', '', '', 'F-26300', 'Alixan', 'FR'),
('070745', 'Werner Brück', 'Obstbau', 'Bahnhofstr. 3 a', '', '53340', 'Meckenheim', 'DE'),
('070746', 'H.C. van Blijderveen', '', 'Culekampseweg 4', '', '4031', 'JGIngen', 'NL'),
('070747', 'Best Fruit', '', 'Psihogios N. Bros. Ltd.', '', 'GR-21200', 'Pirgela-Argos', 'GR'),
('070748', 'De Boelpaep N.V.', '', 'Kempenarestraat 48', '', 'B-2860', 'St.Katelijne-Waver', 'BE'),
('070749', 'Bockhop - Erdbeeren GbR', '', 'Möllner Straße 19 a', '', '23911', 'Schmilau', 'DE'),
('070750', 'Birgitt Brünagel', '', 'Burgstr. 10', '', '', 'Gelsdorf', 'DE'),
('070751', 'Bachtalias S.A.', 'Imports-Exports', '', '', 'GR-Zevgolatio', 'Korinthias', 'GR'),
('070752', 'Berie-Food GmbH', '', 'Godesberger Str. 6a', '', '10318', 'Berlin', 'DE'),
('070754', 'Fruitpartners Blom BV', '', 'Hoojweg 16', '', '4158', 'LEDejl', 'NL'),
('070755', 'Hans Brocker KG', '', 'Im Flies 12 -14', '', '47877', 'Willich-Schiefbahn', 'DE'),
('070756', 'Barsu', 'Su Ürünleri Turizm Tasimacilik Gida', '', '', '', 'Isparta', 'TR'),
('070757', 'Bossmann, Robert', '', 'Neuverser Hof', '', 'D-40789', 'Monheim', 'DE'),
('070758', 'Hof Busen', '', 'Vorster Straße 354', '', '41169', 'Mönchengladbach', 'DE'),
('070759', 'Michael Blum', 'Hubertushof', '', '', '53909', 'Zülpich', 'DE'),
('070760', 'Nic. Breuers', '', 'Postbus 3131', '', 'NL-5902', 'RCVenlo', 'NL'),
('070763', 'Buonanno', '', '', '', '', 'Perpignan', 'FR'),
('070764', 'Beyel', '', '', '', '53913', 'Swisttal-Ludendorf', 'DE'),
('070765', 'Blasco Alain', 'S.A.S. Alroprim', 'Avenue de Londres', '', 'F-68030', 'Perpignan-Cedex', 'FR'),
('070766', 'BayWa AG', 'Obstgroßmarkt Ravensburg', 'Raiffeisenstr. 1', '', '88214', 'Ravensburg', 'DE'),
('070767', 'Berrybrothers BV', '', 'Nijken 18', '', '6088', 'NRRoggel', 'NL'),
('070768', 'Breizh Primeurs', '', 'ZI de Gràces', '', '22200', 'Guingamp', 'FR'),
('070769', 'Bonna-M&T GmbH', '', 'Franzstr. 32', '', '53111', 'Bonn', 'DE'),
('070770', 'El Bollo Ttes. y Excav.', '', 'C/San Jose, 16', '', 'E-21800', 'Moguer(Huelva)', 'ES'),
('070771', 'Gaec les Berges', '', 'Chemin de St. Jean', '', 'F-26600', 'LaRochedeGlun', 'FR'),
('070773', 'Agricola El Bosque S.L.', '', 'CL Fray Junipero Serra 2a', '', '21004', 'Huelva', 'ES'),
('070776', 'Emand Basha Import and Eyport', '', '', '', '', 'Cairo', 'EG'),
('070777', 'Berries del Sur S.A.', '', 'BR.Artigas 1126/702', '', 'Montevideo', '11300,Uruguay', 'UY'),
('070778', 'Baradero Frutales SA', '', 'O´Higgins 1826', '', '1428', 'CAPFederalBuenosAires', 'AR'),
('070779', 'Bhio Carrion', 'Cultivo Biologico', 'Calle Tomás Edison, Parcelas 117-11', '', '16660', 'LasPedroneras,CuencaSpanie', 'ES'),
('070780', 'Brabantse Wal B.V.', '', 'O.L.Vr. ter Duinenlaan 209', '', '4641', 'RSOssendrecht,NL', 'NL'),
('070782', 'Berries Paradise SAPI DE CV', '', 'Margen Derecho KM 1', '', 'Nuevo', 'Poblado,Jalisco', 'MX'),
('070783', 'Bloedbessen VOF', '', 'Achterstraat 3a', '', '4415', 'RPAsch', 'NL'),
('070784', 'Bergia Giancarlo & C. SNC', '', 'Via San Bernardo 66', '', '12020', 'SanRocco-BernezzoCN', 'IT'),
('070785', 'Baumann GmbH', '', 'Dingolfinger Str. 26', '', '94333', 'Geiselhöring', 'DE'),
('070786', 'Beau Rivage', '', '17 Chemin de L´Ile', '', '07300', 'Glun', 'FR'),
('070787', 'Gut Böckenhoff GmbH', '', 'Am Bakenhof 1', '', '46348', 'Raesfeld/Erle', 'DE'),
('070788', 'berrygroup', '', 'ul. Zielona 11', '', 'PL', '64-514Pamiatkowo', 'PL'),
('070790', 'Bionet West Hellas', '', 'Agginara', '', '27300', 'GastouniIlias', 'GR'),
('070791', 'Bioagros SA', '', 'V. Pavlou 2', '', '58300', 'KriaVrisiPella', 'GR'),
('070792', 'Biokip S.A.', '', 'Petra Prevezis', '', '48200', 'Filippiada-Ziros', 'GR'),
('070795', 'AB Bassatine Maghreb sarl', '', '66, rue Loubnane - Appt. 2', '', '', 'Kenitra', 'MA'),
('070803', 'Blue Flavor, S.L.', 'ESB72246739', 'Avda. Virgen del Carmen, 21', '', '11201', 'Algeciras-Cadiz', 'ES'),
('070805', 'BNS Biocyclic Network Services', '', 'Raphael Santi 58 (Nefeli11, App.202', '', 'CY-6052', 'Larnaca', 'CY'),
('070806', 'Berries Mesopotamico SRL', '', 'El Nambuti 1969', '', 'AR-Ciudad', 'Evita-BuenosAires-1778', 'AR'),
('070807', 'Berries del Bio Bio', '', 'Aurelio Manzano 588', '', 'Concepcion', 'Chile', 'CL'),
('070808', 'Berrynest', 'S.A.T. H-0023', 'Ctra. Almonte - El Rocio, km 22,5', '', '21730', 'Almonte(Huelva)', 'ES'),
('070809', 'Blueberry World B.V.', '', 'Venrayseweg 106c', '', '5928', 'RHVenlo', 'NL'),
('070810', 'Uwe Buschhaus', 'Pilzgroßhandel', 'Ruhrstr. 92a', '', '58452', 'Witten', 'DE'),
('070812', 'Hofladen Bernhard Böckenhoff', '', 'Loker Weg 10', '', '46348', 'Raesfeld', 'DE'),
('070813', 'Christian Beneke', '', 'Brenlage 3', '', '49377', 'Langförden', 'DE'),
('070814', 'Berryworld Europe bv', '', 'Schanseind 16', '', '4921', 'PM,Made', 'NL'),
('070815', 'Bluenet S.L.', '', 'Velazquez, 22', '', '28290', 'Madrid,LasMatas', 'ES'),
('070816', 'Exportadora Cerro Blanco', '', 'Holanda N° 099, oficina 306', '', '75000000', 'SantiagodeChile,', 'ES'),
('070817', 'Berry Bliss', 'Hanna Moscardo Malinowski', 'Jakubow 2', '', '96111', 'Kowiesy', 'PL'),
('070818', 'Spargel + Beeren Baumann GmbH', '', 'Dingolfinger Str. 26', '', '94333', 'Geiselhöring', 'DE'),
('070819', 'Bio-Europe B.V.', 'Mgr. Berkvenstraat 47', '', '', '5757BH', 'Liessel', 'NL'),
('070820', 'Bakunde Exploracao Agricola lda', '', 'Rua do Carvalho 176 A', '', '4770-071', 'CalbecudosVNdeFamalicao', 'PT'),
('070821', 'Iris Brückel', '', 'Bockhorn Nr. 40', '', '29664', 'Walsrode', 'DE'),
('070822', 'Berry Packing Services BV', '', 'Venrayseweg 102C', '', '5928', 'RHVenlo', 'NL'),
('070823', 'Bonduelle Deutschland GmbH', '', 'Am Heilbrunnen 138/138', '', '72766', 'Reutlingen', 'DE'),
('070824', 'Banken Champignons BV', '', 'Bijsterhuizen 3130', '', '6604', 'LVWijchen', 'NL'),
('070825', 'BLF Gruppe', '', 'Milchstraße 15', '', '42553', 'Velbert', 'DE'),
('070828', 'Johannes Buchard', 'Ökologischer Landbau', 'Nordweg 42', '', '29352', 'Adelheidsdorf', 'DE'),
('070830', 'Bartels, Heiner', '', 'Wenzendorfer Straße 2', '', '21279', 'Wennerstorf', 'DE'),
('071206', 'Dahlhausen`s Hofladen', '', 'Wormersdorfer Str. 8', '', '53340', 'Meckenheim', 'DE'),
('071401', 'Casasfruits', '', 'Magasin 4-5', '', 'F-66030', 'PerpignanCedex', 'FR'),
('071402', 'Camilor France International', '', 'M.I. Saint Charles - BP 5027', '', '66030', 'PerpignanCedex', 'FR'),
('071403', 'Chrisanidis Bros. C.O.', '', '', '', 'Folia', 'Kavala', 'GR'),
('071404', 'Codma', '', '', '', '74011', 'Castellaneta', 'IT'),
('071405', 'Cima Doriano', '', 'Via Provinciale, 229', '', '56019', 'Vecchiano(Pisa)', 'IT'),
('071407', 'Cugat', 'Baix Mon, s.a.t. No. 1', 'Ctra. Tortosa-Benifallet, km 4,3', '', '43510', 'Bitem(Tarragona)', 'ES'),
('071408', 'Celikoglu', 'Ticaret Sicil No. 708', 'Badinca Köyü Mevkil', '', '', 'Alasehir', 'TR'),
('071409', 'Cirillo S.R.L.', '', 'Via Castriota, 96', '', '80058', 'TorreAnnunziata(NA)', 'IT'),
('071410', 'Canavese', 'Distribution - Importation - Export', 'C.D.2 La Muscatelle - B.P. 161', '', 'F-13675', 'AubagneCedex', 'FR'),
('071411', 'Citrimed', '', '', '', 'La', 'Llosa', 'ES'),
('071412', 'Coeshor, S. Coop.', '', 'Alfonso XIII - Complexo Fuengirola', '', '', 'Fuengirola', 'ES'),
('071413', 'Frutas Contreras, S.L.', '', 'C/ Fragua, 2', '', '29799', 'Morche(Malaga)', 'ES'),
('071414', 'Campofresco', 'Xabier Jauregui Alonso', 'Apartado 283', '', '20080', 'SanSebastián', 'ES'),
('071415', 'Ditta Catenaro Italo s.a.s.', '', '', '', 'I-66030', 'S.ApollinareChietino', 'IT'),
('071416', 'Christina', '', '', '', '', 'F-', 'FR'),
('071417', 'Capor Soc. Coop. a.r.l.', '', 'Via Emilia 3800', '', '47020', 'Longiano-FO', 'IT'),
('071418', 'Cimac', '', '', '', '', 'Lepe', 'ES'),
('071419', 'Caballero Vidal Fernando', '', 'Innsbruckerstr.64', '', '70329', 'Stuttgart', 'DE'),
('071422', 'Cool Fresh', '', 'Handelsweg 35', '', '', 'NL-Ridderkerk', 'NL'),
('071425', 'CIAAD ( Deutschland) GmbH', '', 'Stadtseestr. 21 b', '', '63762', 'Grossostheim', 'DE'),
('071428', 'C.A.B. a.r.l.', '', 'Via Marche, 2', '', 'I-75020', 'ScanzanoJonico(MT)', 'IT'),
('071430', 'Combilo BV', '', 'Transportweg 23', '', '2742', 'RHWaddinxveen', 'NL'),
('071431', 'Combrils', '', '', '', '', 'Spanien', 'ES'),
('071432', 'Cipaf', '', 'B.P.5035 - Plate-Forme Int. St.Ch.', '', '66030', 'PerpignanCedex', 'FR'),
('071433', 'S.A.T. Condado de Huelva', '', 'Carretera  Almonte,  s/n.', '', '21720', 'RocianadelCondado(Huelva)', 'ES'),
('071434', 'Coop. Coldiretti, a.r.l.', 'Vinicola-Olearia-Ortofrutticola', 'S.S. 16 km.', '', '71046', 'S.FerdinandodiPuglia', 'IT'),
('071435', 'Exportaciones Ciscar, S.L.', '', 'Bdo. Pallares, 54', '', '46712', 'Piles(Valencia)', 'ES'),
('071436', 'Centro-Frucht', 'Import-Export', 'Thalkirchnerstr. 81', '', '81371', 'München', 'DE'),
('071437', 'Coop. Agraria Hortifruticola', 'de Cartaya', 'Ctra. Tariquejo, km 0,4', '', '21450', 'Cartaya', 'ES'),
('071438', 'Cartana Fruits', '', 'Avda. Guillén Tatay, 19-36', '', 'E-46110', 'Godella(Valencia)', 'ES'),
('071439', 'Copadel', 'Le Clos des Muriers', '', '', 'F-30401', 'VilleneuvelesAvignon', 'FR'),
('071445', 'Croon, Erwin', '', 'Hauptstr. 109', '', '41812', 'Erkelenz-Lövenich', 'DE'),
('071446', 'Csépany és Tarsai Kft.', '', 'Karácsondi út 1/a', '', '3200', 'Gyöngyös', 'HU'),
('071451', 'Jean Cazalis, S.A.', '', '58, Rue d`Agen', '', '94591', 'RungisCedex', 'FR'),
('071452', 'Cosanse', '', 'Avda. Generalisimo 7', '', 'Apdo.', 'CarreosNo15', 'ES'),
('071454', 'Frutos del Condado S.C.A. DE C.H.', '', 'Poligono El Linó, s/n.', '', '21710', 'BollullosPardelCondado', 'ES'),
('071561', 'Casalicchio di Chiarella', '', '', '', '', '.', 'IT'),
('071562', 'Landgard', '', 'Raiffeisenstr. 10', '', '53332', 'Bornheim', 'DE'),
('071563', 'Cececla S.L.', '', 'Calle Teide 18', '', '04710', 'StaM´delAguila(ElEjido)', 'ES'),
('071565', 'Capel S.A. 4 Saisons', '', 'Z.I. de Peyrettes', '', 'FR-46170', 'CastelnauMontratier', 'FR'),
('071566', 'Cuna de Platero, S.C.A.', '', 'Camino de Montemayor', '', '21800', 'Moguer', 'ES'),
('071567', 'Contra Spargel', '', 'Steinstraße 14', '', '39307', 'Parchen', 'DE'),
('071568', 'Viveros Victoria S.L.U.', '', 'Calle Altozano n°4, 1izq.', '', '21720', 'RocianaDelCondado', 'ES'),
('071569', 'Domaine du Colombier', 'S.C.E.A. Viale', 'Mercurol', '', '26600', 'Tain-L`Hermitage', 'FR'),
('071570', 'CNN', 'Fruit Anal Vegetables GmbH', 'Westfalen Str. 43', '', '40472', 'Düsseldorf', 'DE'),
('071571', 'Hans Conrad Fruchthandels GmbH', '', 'Großmarkt II OG Zi. 255', '', '20097', 'Hamburg', 'DE'),
('071572', 'Camposol S.A.', '', 'Carretera Panam.Norte km 497', '', 'La', 'Libertad/Lima13', 'PE'),
('071573', 'Cropex For Export & Import', '', '22 Geser El Suez St', '', 'Kairo,', 'Ägypten', 'EG'),
('071574', 'Cruz del Sur Blueberries', '', 'Guayabo 1718 escritorio 502', '', '', 'Montevideo', 'UY'),
('071576', 'Castellino di Castellino Valter eC.', '', 'Loc.Torre Bongiovanni, 1', '', '12089', 'VillanovaMondovi,Italy', 'IT'),
('071577', 'Cena GmbH', 'Großmarkthalle München', 'Schäftlarnstr. 10', '', '81371', 'München', 'DE'),
('071580', 'Santa Maria de la Rábida', 'Sociedad Cooperativa Andaluza', 'Camino de la Cocola, s/n.', '', '21810', 'PalosdelaFrontera', 'ES'),
('071581', 'Productora Corchito S.L.', '', 'Finca la cana, S/N', '', '21440', 'Lepe(Huelva)', 'ES'),
('071583', 'Huertos Collipulli', '', 'Ruta 5 Sur km. 578.5, Sector Pidima', '', 'CL-La', 'Araucania', 'CL'),
('071656', '', '', '', '', '', '', 'XX'),
('071798', 'Cerezas Argentinas S.A.', '', 'Reconquista 1166 - Piso 8', '', 'C1003ABX', 'BuenosAires', 'AR'),
('071799', 'iCordis Obst- und Gemüsegroßhandel', 'GmbH', 'Am Feldberg 2', '', '04749', 'Ostrau', 'DE'),
('071800', 'Comfrut S.A.', '', 'Eliodro Yanez 2905', '', 'Providencia', '-Santiago', 'CL'),
('071802', 'Cairo International Trade', '', 'Heldopolis', '', '', 'Kairo', 'EG'),
('071803', 'Codefa-Orca. S.A.', 'au capital de € 457.347', 'Saint Charles mag. 116/117/118', '', '66030', 'PerpignanCedex', 'FR'),
('071804', 'Manuel Agustin Conde Galván', '', 'C/Pablo Picasso, 8 B', '', '21820', 'LucenadePuerto', 'ES'),
('071806', 'clafru', '', 'Hoevenzavellaan 69-71', '', 'B-3600', 'Genk-Belgium', 'BE'),
('071808', 'CarSol Europe BV', '', 'Bahialaan 100', '', '3065', 'WCRotterdam', 'NL'),
('071809', 'Core-Export SPA', 'Exportadora de Productos', 'Av. Kennedy 5600 OF 1113 - Vitacura', '', '', 'CL-Santiago', 'PE'),
('071811', 'Consorfrut S. L.', '', 'Calle Eslida 7 - Entresuelo', '', '46026', 'Valencia', 'ES'),
('071812', 'Frutas Curi, S.L.', 'Fincas Pilar de la Dehesa', 'C/ San Salvador, 19', '', '21450', 'Cartaya(Huelva)', 'ES'),
('071813', 'Centro del Sur, S.C.A.', '', 'Carretera de la Estacion S/N', '', '18360', 'Huetor-Tajar(Granada)', 'ES'),
('071814', 'Citromax S.A.C.I,', 'CUT 30-50623091-4', 'Ruta Nac, 36km 763', '', '4134', 'TafiViejo-Tucuman', 'AR'),
('072101', 'DOEGO EG Fruchthandel u. Import', '', 'Feldstr. 84', '', '44141', 'Dortmund', 'DE'),
('072102', 'DAS International B.V.', '', 'Koopliedenweg 29', '', '2991', 'LNBarendrecht', 'NL'),
('072107', 'Dezio Fruit SRL', '', 'Via Roma 38', '', '74011', 'Castellaneta', 'IT'),
('072108', 'Dismar International', '', '', '', '', 'Perpignan', 'FR'),
('072109', 'Distrimex', '', 'M.I.N. Bat T', '', '84000', 'Avignon', 'FR'),
('072110', 'Frutas Duc-Sol', 'Vicente Soler Fayos, S.L.', 'C/. José Antonio Perelló, 11', '', '46840', 'PobladelDuc(Valencia)', 'ES'),
('072111', 'Dimitra', 'Agricultural Association', 'Agios Georgios', '', '59100', 'VeriaHellas', 'GR'),
('072112', 'D.I.V.A. - Fruits', '', 'M.I. St. Charles - B.P. 5155', '', '66037', 'PerpignanCedex', 'FR'),
('072113', 'Di Pierro', '', '', '', '', 'Bisceglie', 'IT'),
('072114', 'Dole Fresh Fruit Europe Ltd. & Co.', '', 'Stadtdeich 7', '', '20097', 'Hamburg', 'BE'),
('072115', 'Hof Dehlfing', '', 'Nienburger Str. 68', '', '49453', 'Rehden', 'DE'),
('072116', 'Donana 2000 S.L.', '', 'C/ Carril de los Moriscos, 56', '', '21720', 'RocianadelCondado', 'ES'),
('072117', 'Dralle', 'Fruchthandel GmbH', 'Aschborn 17', '', '21706', 'Drochtersen', 'DE'),
('072118', 'Jean & Hch. Derkum GmbH', '', '', '', '50968', 'Köln', 'DE'),
('072119', 'Delta Blau S.L.', '', 'Mercasevilla Nave 5 mod. 10-12', '', '41020', 'Sevilla', 'ES'),
('072120', 'Dittmeyer`s Frucht Plantagen KG', '', 'Langelohstr. 134', '', '22549', 'Hamburg', 'DE'),
('072121', 'Dole Fresh Fruit', 'Europe OHG', 'Stadtdeich 7', '', '20097', 'Hamburg', 'DE'),
('072122', 'Fres Dominguez S.L.', '', 'C/. Monjas, No. 9', '', '21400', 'Lepe(Huelva)', 'ES'),
('072123', 'Drader', 'Cooperative Agricole', '70, Ain El Ari, - B.P. 570', '', '92000', 'Larache', 'MA'),
('072124', 'DSV', 'Deutsche Spargel-Vertriebs AG', 'Steinstr. 30', '', '39307', 'Parchen', 'DE'),
('072125', 'Defi Prim', 'Import / Export', '', '', '', 'Perpignan', 'FR'),
('072126', 'D-Mark Export-Import', '', 'ul. Slowackego 4', '', '63-00', 'SrodaWlkp.Polska', 'PL'),
('072127', 'Dalex', 'Handlowa', 'Janowek 39', '', '05-600', 'Grojek', 'PL'),
('072129', 'Denscheilmann + Wellein GmbH', '', 'Postfach 1305', '', '96004', 'Bamberg', 'DE'),
('072130', 'Karl-Heinz Demandt', '', 'Huverheide 6', '', '47918', 'Tönisvorst', 'DE'),
('072131', 'Drafel S.A.R.L.', '', '499, Lot Wafaa BP 570', '', '', 'Larache', 'MA'),
('072133', 'ekDirekt Frucht Import GmbH', '', 'Grossmarkt Hamburg Stand K407', '', '20097', 'Hamburg', 'DE'),
('072134', 'Danex', 'Danuta Fylak', 'Os. Stefana Batorego 28/6', '', '60687', 'Poznan', 'PL'),
('072135', 'Gebr. Dahmen', '', '', '', '47029', 'Duisburg', 'DE'),
('072136', 'Driscolls of Europe', '', 'Bijster 26', '', '4817', 'HXBreda', 'NL'),
('072137', 'Dabrowska  Marta', 'Gospodarstwo Rolne', 'Jasionka 87', '', '21-200', 'Parczew', 'PL'),
('072138', '3D Dona', 'Crastre - Donabedian', '121 Rue de Montpellier', '', 'F-94622', 'RungisCedex', 'FR'),
('072139', 'Louis Debernard AB Med', '', '5 rue Levavasseur, Zone st Charles', '', '66000', 'Perpignan', 'FR'),
('072141', 'Domifres S.C.A.', 'C.I.F.: F - 21266051', 'C/. Chile, 14', '', 'E-21800', 'Moguer(Huelva)', 'ES'),
('072142', 'Douven Blauwe Bessen BV', '', 'Herenbosweg 24', '', 'NL-5962', 'NXHorst', 'NL'),
('072143', 'DE-SA Fruchthandels GmbH', 'Kontorhaus 2 Büro 316', 'Schäftlarnstr.10', '', '81371', 'München', 'DE'),
('072144', 'disFruta GmbH', '', 'Ulmenstraße 275', '', '40468', 'Düsseldorf', 'DE'),
('072146', 'Direct Source International', '', 'Keizersdijk 28', '', '3291', 'CEStrijen', 'NL'),
('072151', 'Donana Fresa S. Coop. And', '', 'Ctra. Hinojos, S/N', '', '21730', 'Almonte(Huelva)', 'ES'),
('072152', 'D&G Fruchtagentur', 'Import-Export GmbH', 'Ziegelstr. 17', '', '73230', 'Kirchheim/Teck', 'DE'),
('072153', 'Gospodarstwo Rolne Dluzyna Sp. zoo', '', 'Dluzyna 12/1', '', '74-110', 'Banie', 'PL'),
('072156', 'Berries Donana S.L.U.', '', 'Calle Rabida 6', '', '21800', 'Moguer-Huelva', 'ES'),
('072802', 'Efti-Frucht GmbH', '', 'Großmarkthalle', '', '81332', 'München', 'DE'),
('072804', 'EUfrugA', 'Isabel Sánchez GmbH', 'Kaiserstr. 46', '', '40479', 'Düsseldorf', 'DE'),
('072805', 'Eurl Eripac', '', '39, route de la Croix Labert', '', '44450', 'St.JuliendeConcelles', 'FR'),
('072806', 'Evrosspargel', '', '', '', 'Nea', 'Vissa', 'GR'),
('072807', 'Ecufruits S.A.', '', 'August-Bebel-Str. 49', '', '63303', 'Dreieich', 'DE'),
('072809', 'Ehmanns', 'Fruchtimport', 'Am Churkamp 10-16', '', '47059', 'Duisburg', 'DE'),
('072811', 'Europa F.V.', 'Soc. Coop. A.R.L.', 'Loc. Su Lillu', '', '09012', 'Capoterra(CA)', 'IT'),
('072812', 'Eurodim', '', '', '', '', 'Perpignan', 'FR'),
('072813', 'Europafrucht', '', '', '', '', 'Bari', 'IT'),
('072814', 'Jorge Evaristo Lda', '', 'Rua da Palmeira No.4 / Serra do C.', '', '2530', 'Lourinha', 'PT'),
('072815', 'Euro-Ortofruticola del Trigno', '', 'Viale Canada, 70 - Zona Industriale', '', '66054', 'SanSalvo', 'CH'),
('072816', 'Europa Fruits & Vegetables', '', 'localiata´su Lillu', '', 'I', '09012CaCapoterra', 'IT'),
('072817', 'Edeka AG Fruchtkontor', '', 'Raiffeisenstr. 8', '', '53332', 'Bornheim-Roisdorf', 'DE'),
('072818', 'Euroberry Marketing', '', 'Av. San Francisco Javier 9', '', '41018', 'Sevilla', 'ES'),
('072819', 'EXO Saarbrücken', '', '', '', '66121', 'Saarbrücken', 'DE'),
('072820', 'Engels Erdbeeren', '', 'Marktstr. 64 a', '', '53859', 'Niederkassel-Rheidt', 'DE'),
('072823', 'ELO Erzeugergrossmarkt-Langenför', 'den-Oldenburg eG', 'Lange Straße 7', '', '49377', 'VechtaLangenförden', 'DE'),
('072825', 'Elit Service', '', '', '', '', 'FR-', 'FR'),
('072827', 'Espanord SA (Perpignan)', '', 'MIN Cedex 21 à 23 D2', '', 'F-59465', 'Lomme', 'FR'),
('072828', 'Exp. Ecoaustral Ltda.', '', 'Av. del Condor 600 of. 61', '', 'Santiago', 'deChile', 'CL'),
('072830', 'Eva - Frut S.A.', 'Import - Export', 'Kopanos - Naoussa Gr.', '', 'GR-59035', 'Kopanos', 'GR'),
('072831', 'Eurofruit', '', 'K. Theodorou 1', '', 'GR-25100', 'Egio', 'GR'),
('072832', 'F.Espinosa', '', 'C/ Tales, s/n', '', 'E-12520', 'Nules(Castellon)', 'ES'),
('072833', 'Epak S.A.', 'Import-Export', 'N. Anatoli', '', 'GR-72200', 'IerapetraKreta', 'GR'),
('072834', 'Eufrucht', 'Fruchtimport GmbH', 'Thalkirchner Str. 81', '', '81333', 'München', 'DE'),
('072835', 'Erasmio', '', 'Straße', '', '67200', 'Erasmio-Xanthiris', 'GR'),
('072836', 'Fres Elibel', '', '', '', 'Palos', 'delaFrontera', 'ES'),
('072838', 'Enbata Fruits', '', 'Z.I. des Joncaux', '', 'FR-64703', 'HendayeCedex', 'FR'),
('072840', 'Egnatia', '', '', '', 'GR-67200', 'Erasmio-Xanthiris', 'GR'),
('072842', 'Esfruimar S.A.', '', 'M.I.N St. Charles', '', '66034', 'Perpignan-Cedex', 'FR'),
('072843', 'EXA Fruchtimport GmbH & Co. KG', '', 'Max-von-Laue-Str. 2', '', '55423', 'Unna', 'DE'),
('072844', 'EXPA Frucht GmbH', 'Nea Exfrut', 'Kochelseestr. 10', '', '81371', 'München', 'DE'),
('072845', 'Eifel Sarl', '', 'La Sudrie', '', '19130', 'Vignols', 'FR'),
('072846', 'Exalco - BIO S.L.', '', 'C. / Francia 4', '', 'E-29240', 'ValleAbdalajis(Malaga)', 'ES'),
('072847', 'Expo Fresh SA', '', 'Av. Sucre N°1869, piso 1, oficina15', '', 'San,', 'Isidro,BuenosAires,Argentin', 'AR'),
('072849', 'Eurogroup Italia S.r.l.', '', 'Via Sommacampagna, 63h', '', 'I-37137', 'Verona', 'IT'),
('072850', 'Egyland', 'Import, Export & Commercial Author.', '120 Osman Ibn Affan St., Heliopolis', '', '', 'Cairo', 'EG'),
('072852', 'Frutas Esther S.A.', '', 'Ctra. Tariquejo, Cmno. Valdeflore', '', '21450', 'Cartaya(Huelva)', 'ES'),
('072853', 'Expo Voce d.o.o.', 'Subsidiary of Vocar Piramida', 'Lukavac Don ji  bb', '', '76250', 'Gradacac', 'BA'),
('072854', 'Eosta B.V.', '', 'Transportweg 7', '', '2742', 'RHWaddinxveen', 'NL'),
('072855', 'Eurogroup Espana F.&V. S.A.U.', '', 'Ronda Narciso Monturiol 6-208B', '', '46980', 'Paterna', 'ES'),
('072856', 'Elliot Podkarpacka Grupa', 'Producentor  Barolei Sp. z.o.o.', 'Bratkowice 681d', '', '36055', 'Bratkowice', 'PL'),
('072857', 'Elmarmar for Import', 'Export & Trading Agencies', 'Km94 Cairo/Alexandira Desert Road', '', '', 'Cairo', 'EG'),
('072858', 'Productora Entre Berries Ltda', '', 'FDO. Quilas Bajas km 28 Routa 215', '', 'CL-Puyehue', 'Osorno', 'CL'),
('072859', 'Expafruit SPA', '', 'Estado 213 Oficina 201', '', '', 'Curico', 'CL'),
('072860', 'Elisa Berry BH d.o.o,.', '', 'Ulica Magistrati put Maline A-290', '', '75270', 'ZIVINICE', 'DE'),
('072862', 'Extraberries de Concordia S.A.', '', 'Calle Reconquista N° 1166', '', 'C1003XBA,', 'BuenosAires', 'AR'),
('072863', 'Exportadora San Roque SpA', '', 'Camino Lo Boza KM 4,5 Pudahuel', '', '378000', 'Santiago', 'ES'),
('072864', 'Ekstra Fungi Doo', '', 'Kliment Ohrodski 20', '', '2300', 'Kocani', 'MK'),
('073501', 'Fraisibelle du Perigord', 'Les Salvoyrien', '', '', 'F-24480', 'AllessurDordogne', 'FR'),
('073502', 'Fruit World Breda BV', '', 'Postbus 222', '', '4190', 'CEGeldermalsen', 'NL'),
('073503', 'Heinz Funken KG', '', 'Industriering Ost 91', '', '47906', 'Kempen', 'DE'),
('073504', 'Frankort & Koning BV', '', 'Venrayseweg 126', '', '5928', 'RHVenlo', 'NL'),
('073505', 'Flamencofres S.L.', '', 'Lucena del PP', '', '21540', 'Huelva', 'ES'),
('073506', 'Fruitsud', '', '', '', '', 'Perpignan', 'FR'),
('073507', 'Faurie Alain', '', '', '', 'F-24750', 'Boulazac', 'FR'),
('073508', 'La Cartuja de Moguer, S.L.', '', '', '', '', 'Moguer', 'FR'),
('073509', 'Fruchthof Hochgürtel GmbH', '', 'Drachenburger Str. 5', '', '53179', 'Bonn', 'DE'),
('073512', 'Facciolla Fratelli', '', '', '', '', 'Italien', 'IT'),
('073513', 'Fruchthansa Köln', '', 'Urfelder Str. 65', '', '50389', 'Wesseling', 'DE'),
('073514', 'Fruico Provence', '', 'Route de Cheval-Blanc', '', 'F-84305', 'Cavaillon-Cedex', 'FR'),
('073515', 'Früh-Obst GbR', '', '', '', '', 'Meckenheim', 'DE'),
('073516', 'Fruits Queralt, S.L', '', 'Ctra.Estacis, Sin', '', '25153', 'Puiguera', 'ES'),
('073517', 'Antonio J.R.Silvestre Ferreira', '', 'Herdadedo Vale da Rosa', '', 'P', '7900-909FerreiradoAlentejo', 'PT'),
('073518', 'Sol Condado, S.A,', '', 'C/. Calvario, 117', '', 'Bollullos', 'delCondado(Huelva)', 'ES'),
('073519', 'Y. & P. Fresca Imports-Exports Ltd', '', 'P.O. Box 27867', '', 'CY-2433', 'Nicosia', 'CY'),
('073520', 'Frigorificos Falcon', '', 'C/Del Soto n.20', '', '31261', 'Andosilla', 'ES'),
('073521', 'France Food', '', '98 Rue de Bordeaux / BAT D6C', '', 'F-94619', 'Rungis', 'FR'),
('073522', 'Frunet Bio', '', 'Ctra. de Algarrobo, km 2,5', '', 'E-29750', 'Algorrobo(Malaga)', 'ES'),
('073525', 'Jean-Paul M. Faure', '', 'Les Plantas', '', 'F-26300', 'Alixan', 'FR'),
('073526', 'Foxfruit B.V.', '', 'Klappolder 110', '', '2665', 'LPBleiswijk', 'NL'),
('073527', 'Frutina Fruchthandel', 'Fritz Gütinger e.K.', 'Brückenstr. 4', '', '78532', 'Tuttlingen', 'DE'),
('073528', 'Frutucuman Argentina', '', 'Maipú 50 7 C - S.M. de Tucumán', '', 'C.P.', '4000Tucumán', 'AR'),
('073529', 'Fressan de Lepe', '', 'C/. Ramon y Cajal 40', '', '21440', 'Lepe(Huelva)', 'ES'),
('073530', 'Frudis S.R.L.', '', 'Via L. da Vinci, 66', '', '70016', 'Noicattaro(BA)', 'IT'),
('073531', 'La Ffressa', 'Export-Import S.L.', 'Ctra. Huelva-Ayamonte, Km 684', '', '21440', 'Lepe(Huelva)', 'ES'),
('073532', 'Freshland', 'Eisagoges Exagoges', '', '', 'Palea', 'KuluraAigio', 'GR'),
('073533', 'Faus Dura S.A.', 'BP 69949 - 66962 Perpignan', 'M.I. Saint-Charles', '', '66011', 'PerpignanCedex', 'FR'),
('073534', 'Fres Garrido, S.L.', 'C.I.F. B-21.114.749', 'C/. Moguer, 3', '', '21810', 'PalosdelaFrontera', 'ES'),
('073536', 'FruitConneqt B.V.', '', 'Beemdstraat 12', '', '4158', 'EM,Deil', 'NL'),
('073537', 'Comercial y Alimentos Almahue Ltda.', '', 'Don Carlos 2939, Oficina 308', '', 'Las', 'condes,Santiago', 'NL'),
('073539', 'Frugis, Raffaele & Antonio s.n.c.', '', 'Via C. Basile, 40', '', 'I-70044', 'PolignanoaMare(BA)', 'IT'),
('073540', 'Fresabor', 'Frutas de Bonares, S.C.A.', 'Pol. Ind. El Corchito, 3-7', '', '21830', 'Bonares(Huelva)', 'ES'),
('073550', 'Antalya Dis Tic. Ve San Ltd.', '', 'Top Anci Sebze Hali No 517-518', '', '', 'T-Antalya', 'TR'),
('073552', 'Antonio Falciglia', 'Azienda Agricola', '', '', 'I-75028', 'Tursi', 'IT'),
('073553', 'Falciglia Gaetano', 'Azienda Agricola', 'Loc. Campo Freddo, 5', '', 'I-75028', 'Tursi', 'IT'),
('073555', 'Fruticola Agrar-Handelsgesellschaft', 'mbH', 'Postfach 1424', '', 'D-77604', 'Offenburg', 'DE'),
('073556', 'Fruticola Europea, s.l.', '', 'C/ Calvari, 8', '', '25120', 'Alfarrás', 'ES'),
('073558', 'Fresouer', '', '135 Lot Al Magrib Al Jadid', '', '92000', 'LaracheMarokko', 'MA'),
('073559', 'Frescolon, S.L.', '', 'Pol. San Jorge Nave 96', '', '21810', 'PalosdelaFrontera', 'ES'),
('073562', 'Fres Perez, S.L.', '', 'C/. Garcia Sarmiento, 2', '', '21810', 'PalosdelaFrontera(Huelva)', 'ES'),
('073564', 'Frukar b.V.', 'Import-Export-Transito', 'Postbus 870', '', '2678', 'ZZDeLier', 'NL'),
('073565', 'Frupal SAT 7094', '', 'CRTA.Nacional IV KM 564,100', '', '41720', 'LosPalacios(Sevilla)', 'ES'),
('073566', 'Frumerca S.L.', '', 'Avda. Molina de Segura, 5', '', '30007', 'Murcia', 'ES'),
('073567', 'Frutas GmbH', 'Fruchtagentur', 'Auf der Höhe 10', '', '47059', 'Duisburg', 'DE'),
('073568', 'Frutas Ali', '', 'Avda. Sierra Espuna, 1', '', '30840', 'AlhamadeMurcia', 'DE'),
('073569', 'Floropan', '', 'Apdo. Correos, No. 58', '', '21730', 'Almonte', 'ES'),
('073570', 'Fruchtexpress', '', 'Am Fünfminutenweg 11', '', '04603', 'Windischleuba', 'DE'),
('073571', 'France Fresh Kehl', '', 'Honsellstr. 2', '', '77694', 'Kehl', 'DE'),
('073573', 'Fruitmed', '', 'M.I, Saint Charles / B.P.5139', '', '66031', 'Perpignan', 'FR'),
('073574', 'Fruidor Nantes', '', 'MIN - 58, Bd. Gustave Roch', '', '44261', 'NantesCedex2', 'FR'),
('073575', 'Fleuron d`Anjou', '', '', '', '', 'F-Allones', 'FR'),
('073576', 'Florida European Export', '', '1500 NW 96th Ave.', '', 'Miami', 'FL33172', 'US'),
('073577', 'Frutas Beri, S.A.', '', 'Brazal Nuevo 2A', '', 'E-30130', 'Beniel(Murcia)', 'ES'),
('073578', 'Fontestad France S.A.', '', '405 Av de Milan', '', '66031', 'PerpignanCedex', 'FR'),
('073581', 'Frisch-Frucht GmbH', '', 'Am Großmarkt 1', '', '55218', 'Ingelheim', 'DE'),
('073582', 'FCCM', 'Fruit Center Cologne Mersin eK', 'Zur Ville 1', '', '50226', 'Frechen', 'DE'),
('073583', 'BC Enegias S.L.', '', 'C/Solea, 4-6', '', '11630', 'ArcosdelaFrontera', 'ES'),
('073584', 'Flor de Donana', '', 'C/ Rábida, 17 - A', '', 'E-21730', 'Almonte(Huelva)', 'ES'),
('073585', 'Frescarily S.L.', '', 'C/ Rabida, 37', '', 'Palos', 'delaFrontera(Huelva)', 'ES'),
('073588', 'Gerd Fuchs und Sohn GbR', '', 'Kasselberger Weg 157', '', '50769', 'Köln', 'DE'),
('073589', 'Flores Doo', '', 'G. Vakuf', '', '', 'Uskoplje', 'BA'),
('073590', 'Franken Obst GmbH', '', 'Forchheimer Str. 4a', '', '91338', 'Igensdorf', 'DE'),
('073591', 'Fresh Fruit Absatzgenossenschaft', '', 'Vagohid 1', '', '6237', 'Kecel', 'HU'),
('073592', 'Freshconcept B.V.', '', 'Beekhof 21', '', '4841', 'MBPrinsenbeek', 'NL'),
('073594', 'Fresmiel', '', 'C/Rábida, 54', '', '21730', 'Almonte(Huelva)', 'ES'),
('073595', 'Gerd und Marieta Flegel', '', 'Rodewalder Strasse 35', '', '29690', 'Gilten/Nienhagen', 'DE'),
('073596', 'Frux Exportadora Ltda.', '', 'Andres de Fuenzalida 47 Piso 7', '', 'Providenca', 'Santiago-Chile', 'CL'),
('073597', 'Landgard Obst & Gemüse GmbH', 'Chemnitz Dresden', 'Hermann-Pöge-Str. 15', '', '01920', 'Chemnitz', 'DE'),
('073598', 'Fruitness GmbH', '', 'Ketzerweg 29', '', '67105', 'Schifferstadt', 'DE'),
('073600', 'Fruit de Monde GmbH', '', 'Friedhofstr.31-35', '', '45478', 'MülheimanderRuhr', 'DE'),
('073601', 'FRUITness GmbH', '', 'Neulandstr. 25a', '', '74889', 'Sinsheim', 'DE'),
('073603', 'Fruchtagentur Rheinland', 'Inh. D. Hönigl e.K.', 'Marie-Curie-Straße 1', '', '53359', 'Rheinbach', 'DE'),
('073604', 'Fres Citrus', '', 'C/Francisco Garfia,14', '', '21800', 'Moguer(Huelva)', 'ES'),
('073605', 'Fruit-Direct Europe, S.L.', '', 'C/Juan Gall 30', '', '21120', 'Corrales/Huelva', 'ES'),
('073606', 'Framino S.A.', '', 'Treinta y Tres 1271', '', '11000', 'Montevideo', 'UY'),
('073607', 'Fresh Royal S.L', '', 'Hacienda la Jarilla', '', '41300', 'SanJosedelaRinconad', 'ES'),
('073608', 'Frutas Uriarte', '', 'C/Zaroa. No 3 Bajo Pabellon B-2', '', 'C.P.', '01015Vitoria-Gasteiz', 'ES'),
('073609', 'Fragaria d.o.o.', '', 'V Ravnice 2', '', '10000', 'Zagreb', 'HR'),
('073610', 'FreshCraft Sp. z.o.o.', '', 'ul. Bohaterów Porytowego Wzgórza 17', '', '23-300', 'JanówLubelski', 'PL'),
('073611', 'Frutal GmbH & Co. KG', '', 'Kirchstraße 12', '', '21218', 'Seevetal', 'DE'),
('073612', 'Fruit Link', '', 'Laagraven 11-13', '', '3439', 'LGNieuwegein', 'NL'),
('073613', 'Fresgonzalez', 'Comercial Agricola la Rabida', 'P. San Jorge 11 y 12', '', '21810', 'PalosdelaFrontera', 'ES'),
('073614', 'Fruit Market', '', 'Handelsweg 20', '', '2988', 'DCRiddekerk', 'NL'),
('073616', 'Obsthof Froitzheim', '', 'Kompstr. 18', '', '52388', 'Nörvenich-Pingsheim', 'DE'),
('073618', 'Fres Perez, S.C.A', '', 'C/. Garcia Sarmiento, 2', '', '21810', 'PalosdelaFrontera(Huelva)', 'ES'),
('073619', 'Kostenkonto Fibu', '', '', '', '', 'Duisburg', 'EG'),
('073620', 'Los Fresnos S.C.A.', '', 'Ctra. Romilla-Chauchina, S/N', '', '18339', 'Romilla,Granada', 'ES'),
('073621', 'Fijol Import Export GmbH', '', 'Stennerlandstr. 42', '', '33397', 'Rietberg', 'DE'),
('073622', 'Fruit Garden', '', 'Wierzbie 31', '', '62610', 'Sompolno', 'PL'),
('073624', 'Fresh Fruits', '', '4 El Nafora Square Building No. 72', '', 'EL', 'Mokattam(Cairo)', 'EG'),
('073625', 'S. Coop. And. Fruta de Andalucia', '', 'C/Paraguay N°16', '', '21800', 'Moguer', 'ES'),
('073626', 'Fruvital Fruchthandelsges.mbH', '', 'Hanns-Martin-Scheyer Str.35', '', 'D-47877', 'Willich', 'DE'),
('073628', 'Fresca GmbH', '', 'Pflugstraße 2', '', '40470', 'Düsseldorf', 'DE'),
('073629', 're Agrico For Investment', '', 'no', '', '', 'no', 'EG'),
('073631', 'Fresh World International Sp. Z.o.o', '', 'ul Swierkowa 3a', '', '05-850', 'OzarowMazowiecki', 'PL'),
('073632', 'Four Seasons Fruit Supplay BV', '', 'Gebroken meeldijk 52', '', 'NL-2991', 'VDBarendrecht', 'NL'),
('073634', 'Fistur Sociedad Agricola LTDA', '', 'Av. Prat 199 Bloque B, Dept 1107', '', '11111', 'Concpetion', 'DE'),
('073635', 'Fresal S.A.R.L.', '', 'Rue de la Tour 229 Centra 280', '', 'FR-94576', 'RungisCedex', 'FR'),
('073636', 'Christian Fuchs', '', 'Kasselberger Weg 153', '', 'D-50769', 'Köln', 'DE'),
('073637', 'Fossa Eugenia', '', 'Beckersweg 25', '', '5915', 'PBVenlo', 'NL'),
('073638', 'FrutaNovesia Fruchthandel GmbH', '', 'Hanns-Martin-Schleyer-Str. 35', '', '47877', 'Willich', 'DE'),
('074201', 'Grassi', '', '', '', '', 'Italien', 'IT'),
('074202', 'Grupo Agricola Grupac S.A.', '', '.', '', 'E-46540', 'ElPuig(Valencia)', 'ES'),
('074203', 'Grup Fruiter, sccl', '', 'C/Mora S/N', '', '43747', 'Benissanet', 'ES'),
('074204', 'Greeve Import Export', '', 'Postbus 214', '', '2680', 'AEMonster', 'NL'),
('074205', 'Gyümölcsker 94 Kft.', '', 'Epreskert u. 13.', '', '4030', 'Debrecen', 'HU'),
('074206', 'Gogoll', 'Fruchthandel-Import GmbH', 'An der Landwehr 41', '', '47495', 'Rheinberg', 'DE');
INSERT INTO `vendor` (`No`, `name`, `name_2`, `street`, `street_2`, `PO_code`, `city`, `country_code`) VALUES
('074207', 'Genimar', '', '20, Rue d`Ouradour sur Glane', '', '', 'Casablanca', 'MA'),
('074209', 'Gyümöles', '', '', '', '', 'Kekse', 'HU'),
('074210', 'Gieraths, H.', '', 'Wormersdorfer Str.40', '', '53340', 'Meckenheim', 'DE'),
('074211', 'Georg Gillas Fruitexport', '', 'Stn Kim Old Not. Road', '', 'GR-22100', 'Korinthos-Patras', 'GR'),
('074212', 'Güizzo', 'Frutas Frescas', 'Av. Boulogne sur Mer 569', '', '5500', 'Mendoza', 'AR'),
('074213', 'Spargelhof Goetzens', '', 'Escheln 3', '', '47906', 'Kempen', 'DE'),
('074214', 'Goldfrucht Großhandel GmbH', '', 'Beusselstr. 44', '', '10553', 'Berlin', 'DE'),
('074215', 'The Greenery B.V.', 'NL805273852B01', 'Dierensteinweg 30', '', '2991', 'ABBarendrecht', 'NL'),
('074216', 'Gelis George', '', '', '', '', 'Griechenland', 'GR'),
('074217', 'Garcia Mateo Import-Export S.L.', '', '', '', '', 'E-Madrid', 'ES'),
('074218', 'Gaec de la Ferme Fleurie', 'Mr. Christian Dorey', 'Quartier Champ Plat', '', 'F-26260', 'SaintBardoux', 'FR'),
('074219', 'Grufesa', '', 'Cuesta de la Pila S/N', '', '21800', 'Moguer(Huelva)', 'ES'),
('074220', 'Gines-Gon', '', '', '', '', 'E-', 'ES'),
('074221', 'Gaec le fruit du beau rivage', '', '17, Chemin de l´ile', '', 'F-07300', 'Glun', 'FR'),
('074223', 'Carl Gottmann´s Handelmaatschappij', '', 'Zuideinde 61', '', '2991', 'LJBarendrecht', 'NL'),
('074224', 'Guadex', '', 'Csna. Palma del Rio Cordoba', '', '14700', 'PalmadelRio', 'ES'),
('074225', 'Gamorel S.A.', '', 'Ex Ruta 3 km 504', '', '50000,', 'Salto', 'UY'),
('074226', 'Green! die gemüsemanufaktur', 'Frank Scholten e.K.', 'Auf der Höhe 10', '', '47059', 'Duisburg', 'DE'),
('074227', 'De Groot International BV', '', 'Drielseweg 23', '', '5321', 'NC', 'NL'),
('074229', 'Gemex BVBA', '', 'Kaarbaan 3', '', '3600', 'Genk', 'BE'),
('074233', 'Greenyard Fresh Germany GmbH', '', 'Am Winterhafen 5', '', '28217', 'Bremen', 'DE'),
('074234', 'Wilczewski Jerzy', '(Gospodarstwo Ogrondnicze)', 'Biakousy 51a', '', '16-130', 'Janow', 'PL'),
('074236', 'GRAMM AGROPECUARIA SA', '', 'Av. Del Libertador 6343-Piso 3A', '', 'C1428', 'BuenosAires', 'AR'),
('074303', 'GHS Handels GmbH', 'Obst und Gemüse', 'Wiesenstr.6', '', '94431', 'Ganacker', 'DE'),
('074304', 'Goldimpex Agraria Sarl', '', 'Avenue de Robion B. P. 230', '', 'F-84306', 'CavaillonCedex', 'FR'),
('074306', 'Agro Gailes', '', 'BP No. 1', '', 'My', 'Bousselham', 'MA'),
('074307', 'GHS Gögl', '', 'Horetice', '', 'CZ-43801', 'Zatec', 'CZ'),
('074309', 'Global Fruit S.C.', '', 'Ctra. National II, km 450', '', 'SP', '25170TorresdeSegre', 'ES'),
('074310', 'S.C. Gyoni S.R.L. Iasi', '', 'Str. ciurchi Nr. 80 BL. Q2, ET.2', '', '', 'ROM-Iasi', 'RO'),
('074312', 'Heinrich Götschkes', '', 'Rottes 139', '', '41564', 'Kaarst', 'DE'),
('074313', 'Grochowska, Aneta', '', 'Wola Zyzna 78', '', '28-225', 'SzydlowWoj.Swietokrzysk', 'PL'),
('074452', 'Global Fresh', '', 'Von-Galen-Str. 2', '', '47638', 'Straelen', 'DE'),
('074453', 'Geoplant S.A.', 'Special Agricultural Applications', 'Central Office - Packing House', '', '27053', 'Lechena', 'GR'),
('074455', 'Greem Food', 'Import Export, S. L.', 'Arroyo Manzano. c/ Penuelas N° 2', '', 'E-29793', 'ElMorcheAP.41(Malaga)', 'ES'),
('074456', 'Global Carga', '', '', '', '', 'CL-', 'CL'),
('074457', 'Mario Gomez', '', 'Alte Brauerei 1', '', '33098', 'Paderborn', 'DE'),
('074458', 'Garden Frutta srl', 'Centro Agroalimentare Stand 36', 'Via Sommacampagna,63 D/E', '', '37137', 'Verona', 'IT'),
('074459', 'Greenline International BV', '', 'Marconistraat 3a', '', '3029', 'AERotterdam', 'NL'),
('074460', 'Günaydin Trading GmbH', '', 'Bankstr.28', '', '20097', 'Hamburg', 'DE'),
('074461', 'Forsthof Grußendorf', '', 'Lindenstraße 36', '', '38524', 'Sassenburg', 'DE'),
('074470', 'Garrido y Garcia', '', 'C/Francisco Garfias, 14', '', '21800', 'Moguer(Huelva)', 'ES'),
('074471', 'Gramm Agropecuaria S.A.', '', 'Lavalle 1447', '', 'C1048', 'BuenosAires', 'AR'),
('074472', 'Gut Loy', 'Hendrik Funch', 'Dorfstr. 13', '', '26180', 'Rastede-Loy', 'DE'),
('074475', 'GSM Import-Export GmbH', 'Fruchthof Berlin', 'Beusselstr. 44n-q', '', '10553', 'Berlin', 'DE'),
('074476', 'GMS Tarim San. Ve Tic Ltd.', '', 'Cumhuriyet Mh. Muzaffer Arici B. 11', '', '24000', 'YenicekentKasabasi', 'TR'),
('074477', 'Grünzeug&mehr', '', 'Laxenberger Straße 365', '', '1230', 'Wien', 'AT'),
('074778', 'Green Egypt', '', '115 El Thawra St. / Heliopolis', '', '', 'Kairo', 'EG'),
('074779', 'Greko SA', 'Agrotiki Emporiki SA', 'V. Pavlou 2 str', '', '58300', 'KriaVrissi', 'GR'),
('074780', 'Green Valley', 'for import & export', 'Dr. Hassan Mahmoud st. 9', '', '11311', 'Heliopolis-Cairo', 'AR'),
('074781', 'Gardenia', '', '3 Abd-Ellateef El-Saadan St.', '', '', 'Cairo', 'EG'),
('074783', 'Gilad Desert Produce', '', 'P.O. Box 832', '', '15241', 'KfarTavor', 'IL'),
('074784', 'Hermanos Golbano SL', 'MercaMadrid', 'Calle 13, Oficina 9', '', '28053', 'Madrid', 'ES'),
('074785', 'GAEC D.F.K', '', 'Sautuges Sud', '', 'F-33680', 'LeTemple', 'FR'),
('074786', 'Thwan van Gennip B.V.', '', 'Eindje 6', '', '5715', 'PKLierop', 'NL'),
('074787', 'Global Fresh Produce LLP', 'UTR 5708685591', 'Suite 1, 68 Fellows Road', '', 'NW3', '3LJLondon', 'GB'),
('074788', 'Maatschap van Gennip', 'Kwekerijen', 'Ploegstraat 47', '', '5712', 'GHSomeren', 'NL'),
('074789', 'Garcia Garrido e Hijos S.C.A.', '', 'Avda. Ramon y Cajal 1', '', '21720', 'RocianadelCondado(Huelva)', 'ES'),
('074790', 'Groentekwekerij D`n Broekkant b.v.', 'Theo van Gennip', 'Pater Eustachiuslaan 8', '', 'NL-5735', 'SKAarleRixtel', 'NL'),
('074793', 'Grundhöfer GmbH', 'Frische & Logistik', 'Johann-Georg-Fahr-Anlage 1', '', '60347', 'FrankfurtamMain', 'DE'),
('074794', 'Los Gallombares SCL', '', 'Carretera De Piego s/n', '', '18311', 'Granada', 'ES'),
('074795', 'Groselhymirtilo', 'Sociedade Agricola Lda', 'Rua Araujo carnda, 168', '', '4715-005', 'Braga', 'PT'),
('074796', 'Marco Miguel Costa Gomes', '', 'Rua Costa Gomes, No 45 4 DT FR Real', '', '4700-262', 'Braga', 'PT'),
('074797', 'Gartenbauzentrale eG', '', 'Schulze-Delitzsch-Str. 10', '', '26871', 'Papenburg', 'DE'),
('074901', 'Hortocanalex, S.L.', '', '', '', 'EL', 'Ejido', 'ES'),
('074902', 'Hourtenhof', '', 'Kamper Str. 141', '', '47445', 'Moers', 'DE'),
('074904', 'D. & B. Hege GBR', '', 'Neuzeilsheim 19', '', '68526', 'Ladenburg-Neuzeilsheim', 'DE'),
('074905', 'Hortifrut', '', 'Carretera Almonte El Rocio, km 24,2', '', '21730', 'Almonte(Huelva)', 'ES'),
('074907', 'Las Beatas de Lepe, S.A.', '', 'Ctra. Circunvalacion, s/n', '', '21440', 'Lepe(Huelva)', 'ES'),
('074909', 'Spargeltechnik Hermeler', '', 'Lohmannstr. 4', '', '48336', 'Sassenberg-Füchtorf', 'DE'),
('074910', 'Hortiberia S.A.', '', 'Pol.Ind.Cabezo Beaza', '', '30395', 'Cartagena(Murcia)', 'ES'),
('074911', 'Hortico', '', 'Av. 5 de Outubro, 176-4`D.to', '', '1050-063', 'Lisboa', 'PT'),
('074912', 'Staay-Hispa B.V.', '', 'Handelscentrum ZHZ Loods 55-60', '', '2991', 'LDBarendrecht', 'NL'),
('074913', 'Hait', '', '', '', '', 'Marokko', 'MA'),
('074916', 'Hameico Dortmund GmbH', '', 'Heiliger Weg 60', '', '44135', 'Dortmund', 'DE'),
('074917', 'Hausladen Fruchthandelsgesellschaft', 'mbH', 'Schäftlarnstrasse 8,Großmarkthalle', '', '81371', 'München', 'DE'),
('074919', 'Hungaro Goldfrucht RT', '', 'Llufeherto Vaoas Tag 2', '', 'Nagyhala', '52', 'HU'),
('074920', 'Hinzmann, Herbert', '', 'Höhenhof 1', '', '53343,', 'Wachtberg', 'DE'),
('074921', 'Hellas-Frucht Import GmbH', '', 'Würzstr. 1', '', '81371', 'München', 'DE'),
('074922', 'Manfred Hansen', '', 'Peterstr. 16', '', '53501', 'Holzweiler', 'DE'),
('074923', 'Hirschleber, Hans-Josef', '', 'Schützenstr. 36', '', '53343,', 'Wachtberg', 'DE'),
('074924', 'Hensgens', 'Am Kreuzberg', '', '', '52538', 'Selfkant-Havert', 'DE'),
('074925', 'agro', '', 'Hamburger Str. 4', '', '50321', 'Brühl', 'DE'),
('074927', 'Georg Hoch', '', 'Laumersheimer Str. 43', '', '67256', 'WeisenheimamSand', 'DE'),
('074928', 'Hortopacheco', '', 'Finca "El Barranquillo"', '', 'E-30700', 'Torre-Pacheco(Murcia)', 'ES'),
('074929', 'Heltra', '', 'Steinstr. 30', '', '39307', 'Parchen', 'DE'),
('074930', 'Hans Hölting Fruchtimport GmbH', '', 'Beusselstr. 44 N-Q', '', '10553', 'Berlin', 'DE'),
('074931', 'Hohenlohe KG', '', 'Schmiedsgasse 5', '', '74595', 'Langenburg', 'DE'),
('074932', 'Hoyamar', '', 'Dip. La Hoya S/N', '', '30316', 'Lorca(Murcia)', 'ES'),
('074933', 'Hesse', '', '', '', '', 'Essen', 'DE'),
('074934', 'Himbert GmbH', '', 'Saarbrücker Str. 162', '', '66333', 'Völklingen-Fenne', 'DE'),
('074935', 'Hiemstra B.V.', '', '', '', '', 'NL-Beringen', 'NL'),
('074936', 'Hars & Hagebauer', 'Markt GmbH', 'Großmarkt / Banksstr.', '', '20097', 'Hamburg', 'DE'),
('074937', 'Heck GbR', 'Hans-Josef und Johannes Heck', 'Kitzstr. 10', '', '53913', 'Swisttal', 'DE'),
('074938', 'Huber-Beeren', 'J. u. S. Huber GbR', 'Spitzenweg 1', '', '76473', 'Iffezheim', 'DE'),
('074939', 'Ingo Helfrich  Spargelanbau', '', 'Hinterweg 160   Margaretenhof', '', '64331', 'Weiterstadt', 'DE'),
('074940', 'Hensen, Bernd', '', 'Dorfplatz 17', '', '50129', 'Bergheim-Rheidt', 'DE'),
('074941', 'Roswitha Habbig', '', 'Pater-Müller-Str. 4', '', '53340', 'Meckenheim-Eisdorf', 'DE'),
('074942', 'Herwi N.V.', 'Heremans Aerts N.V.', 'Leuvensesteenweg 22 B3', '', '1910', 'Kampenhout', 'BE'),
('074943', 'Hortofruticola de Rociana', 'Hortofruit', 'C/ Carrill de los Moriscos, 56', '', '21720', 'RocianadelCondado', 'ES'),
('074946', 'Heck + Bossmann', '', 'Langstraße 1', '', '53757', 'SanktAugustin', 'DE'),
('074948', 'Heymann', 'Spargel- und Erdbeerhof', 'Dyck 75', '', '41334', 'Nettetal', 'DE'),
('074950', 'Heide´s Blaubeerhof', 'Dennis Schmidt', 'Seegarten 2', '', '29581', 'GroßSüstedt', 'DE'),
('074953', 'Henschke, Werner', '', 'Deutschherrenstr. 161', '', '53179', 'Bonn-BadGodesberg', 'DE'),
('074954', 'Helwan Co.For Export Import', '', 'El-Saryat Elkorniash Road', '', '30(100)', 'St.Elmaadi,Ägypten', 'EG'),
('074955', 'Herbert van der Hamm GmbH', '', 'Gottlieb-Daimler-Str. 14', '', '68165', 'Mannheim', 'DE'),
('074956', 'Hortec, S.C.C.L.', '', 'C/ Transversal 8, n°47', '', '08040-', 'MercabarnaBarcelona', 'ES'),
('074957', 'Twan van den Hurk', '', 'Tongerlosepad 5', '', '5993', 'NTMaasbree,Niederlande', 'NL'),
('074958', 'Grupo Heres', '', 'Rue de Silly 5', '', '92100', 'BoulogneBillancourt', 'FR'),
('074959', 'Hillfresh', 'International', 'Spoorlaan 12', '', '2991', 'LMBarendrecht', 'NL'),
('074960', 'HFL', 'Hamburger Fruchtimport- & Logistik', 'Brandshofer Deich 33', '', '20539', 'Hamburg', 'DE'),
('074961', 'HBF International LLC', '', '23301 S.W. McKibben Road', '', 'Sheridan,', 'Or.97378', 'US'),
('074962', 'Roland Heise', '', '', '', '', 'Chile', 'CL'),
('074971', 'Hars&Hagebauer GmbH Hamburg', 'Großmarkt', 'Bankstr. 28', '', '20097', 'Hamburg', 'DE'),
('074972', 'Hortovilla S.Coop.And.', '', 'Paraje Los Llanos s/n', '', '18369,', 'VillanuevaMesiaGranada', 'ES'),
('074973', 'Haluco B.V.  Delicious', 'Ron Wemmenhove', 'Klappolder', '', '2665', 'Bleiswijk', 'NL'),
('074974', 'Conrad Hogrefe', '', 'Walsroder Str. 9', '', '29693', 'Eickeloh', 'DE'),
('074977', 'Spargelhof Hoffheinz', '', 'Straße der Freundschaft 56', '', '39307', 'Genthin', 'DE'),
('074978', 'Holly Berry B.V.', '', 'Verlengde Molenweg', '', '3201', 'CEStrijen', 'NL'),
('074979', 'van der Hamm', 'Fruchthandelsges.mbH', 'Gottlieb-Daimler-Str. 14', '', '68165', 'Mannheim', 'DE'),
('074980', 'M.P.F. Hermesmeyer Vertriebs GmbH', '', 'Elbestraße 34', '', '45478', 'MülheimanderRuhr', 'DE'),
('075603', 'Iberfrance', 'Saint-Charles International', 'Magasin no. 1-2-3', '', 'FR-66031', 'PerpignanCedex', 'FR'),
('075605', 'Interprim', '', 'MIN Saint-Charles', '', '66031', 'PerpignanCedex', 'FR'),
('075606', 'Interfraise', '', '', '', '24380', 'Vergt', 'FR'),
('075608', 'Ilios', '', '', '', '', 'Griechenland', 'GR'),
('075609', 'Interfruit Enschede', '', '', '', '', 'Enschede', 'NL'),
('075610', 'Incerfruit', '', 'Ctra. Benaguasil - Benisanò , s/n', '', 'E-Benaguasil', '(Valencia)', 'ES'),
('075611', 'Ippendorf, Hans', '', 'Bergstr. 23', '', '53343', 'Wachtberg-Niederbachem', 'DE'),
('075612', 'Innovations Agricoles', '', '', '', '', 'Belfaa', 'MA'),
('075613', 'International Fruit Marketing B.V.', '', 'Keilestraat 7', '', 'NL', '3029BPRotterdam', 'NL'),
('075614', 'Imexco', '', 'M.I. St. Charles', '', '66031', 'Perpignan-Cedex', 'FR'),
('075615', 'Internacional de Comercio, S. Coop', '', 'Apartado de Correos 160', '', '47420', 'Iscar(Valladolid)', 'ES'),
('075617', 'ILAN TOT PLC', 'Strawberry Farm', '', '', '', 'Ethiopia', 'ET'),
('075618', 'PIQP International Quality Produce', '', '6, rue de Madrid', '', '80000', 'Agadir', 'MA'),
('075621', 'Grupo Interrupcion', '', 'Ugarteche 3306 PB 1', '', 'C1425EVL-Ciud.', 'Auton.deBuenosAir', 'AR'),
('075622', 'Intercon', 'Intercontinental de comercio', 'C/Perez Galdos, 28', '', '41004', 'Sevilla', 'ES'),
('075623', 'Integrity Argentina S.A.', '', 'Ruta Nac 14 km 264', '', 'Concordia', '-EntreRios', 'CL'),
('075624', 'Inter-Fruit', 'Handel und Handelsagentur', 'Schlüsselhofgasse 54/1', '', 'A-4400', 'Steyr', 'AT'),
('075625', 'Ideal Fruits S.L.', '', 'cL. Espana 4', '', '47008', 'Valladolid', 'ES'),
('076303', 'Josef Jenniges', 'Fruchtimport GmbH & Co. KG', 'Benrather Str. 31', '', '42115', 'Wuppertal', 'DE'),
('076304', 'Elmar Jennissen', 'Landwirtschaft', 'Am Klosterbaum', '', '52525', 'Heinsberg', 'DE'),
('076306', 'Janssen GbR', 'Erdbeerhof', 'In den Kämpen 5', '', '26409', 'Wittmund-Updorf', 'DE'),
('076307', 'J.H.', '', '', '', '94572', 'Rungis/Cedex', 'FR'),
('076308', 'F. Jungnickel GmbH & Co. KG', '', 'Josefstr. 120-122', '', '41462', 'Neuss', 'DE'),
('076309', 'Jolly', '', 'Via Ovidio 2', '', '75025', 'Policoro(MT)', 'IT'),
('076310', 'Claude Janvier S.E.E.', '', '27 Rue de Romoratin', '', '41230', 'VernouenSologne', 'FR'),
('076311', 'Jafruit b.v.', 'Fruitimport', 'Beemdstraat 14', '', 'NL-4158', 'EMDeil', 'NL'),
('076312', 'Jaguar', 'the fresh company B.V.', 'Handelsweg 180', '', '2988', 'DCRidderkerk', 'NL'),
('076313', 'Jote, S.Coop.And.', '', 'PG Los Arroyos S/N', '', '21800', 'Moguer', 'ES'),
('076314', 'Jioly S.R.L.', '', 'Via Villabella, 18', '', '37047', 'SanBonifacio(VR)Italia', 'IT'),
('076317', 'Kmetjia Jarkovic', '', 'Brod v Podbocju 18A', '', 'SL-8312', 'Podbocle', 'SK'),
('076318', 'Polskie Jagody Sp. z.o.o.', 'Grupa Producentow Owocow', 'Olchowiecz 117', '', 'PL-23-413', 'Obsza', 'PL'),
('076320', 'Frutas Jaras', '', 'Ctra. Arrayan, s.n.', '', '21730', 'Almonte(Huelva)', 'ES'),
('077001', 'Kevefruct Rt.', '', 'Sillingi ut 32.', '', '2300', 'Ráckeve', 'HU'),
('077002', 'Kockerols', 'Gemüsegroßhandel', 'Am Hauserbusch 29', '', '47877', 'Willich', 'DE'),
('077003', 'Koornstra & CO BV', '', 'Postbus 86', '', 'NL-2678', 'ZHDeLier', 'NL'),
('077004', 'Kleier Fruchtimport', '', 'Großmarkt auf der Höhe', '', '47059', 'Duisburg', 'DE'),
('077005', 'Norbert Klanten', '', 'Rheurdter Str. 533', '', '47475', 'Kamp-Lintfort', 'DE'),
('077006', 'Karácsony Kft.', '', 'Szoboszloi ut 50', '', '4031', 'Debrecen', 'HU'),
('077007', 'Heinz Korff GmbH', '', 'Postfach 12 11', '', '47629', 'Straelen', 'DE'),
('077008', 'Kampexport France', '', '19, Rue Pen Ar Pont', '', '29250', 'SaintPoldeLeon', 'FR'),
('077009', 'J.A. Kahl', '', '', '', '', 'München', 'DE'),
('077010', 'W.Kretschmer GmbH & Co. KG', 'Import-Großhandel', 'Kochelseestr. 8', '', '81335', 'München', 'DE'),
('077011', 'Karl-Heinz Klötergens', '', 'Anna-Rütten-Weg 25', '', '47877', 'Willich', 'DE'),
('077012', 'Frutas Kiko Huelva, S.A.', '', 'Ctra. Huelva-Sevilla, km 629', '', 'E-21610', 'SanJuandelPuerto', 'ES'),
('077013', 'Karl-Josef Kury', '', 'Langgasse 14', '', '79183', 'Waldkirch-Buchholz', 'DE'),
('077015', 'Obstgut Kießling', '', '', '', '53501', 'Grafschaft-Esch', 'DE'),
('077016', 'Kolios Company S.A.', '', '3 km National Road Arta', '', 'GR-47100', 'Arta', 'GR'),
('077017', 'Krings, Michael', '', 'Omselsweg 5', '', '47647', 'Kerken', 'DE'),
('077018', 'Kippenberg Fruta S.L.', '', 'P. I. Suzi C/5, esq.C/12', '', 'E-46220', 'Picassent', 'ES'),
('077020', 'Kreuzberg', '', 'Auf dem Stam 25', '', '53501', 'Berresdorf', 'DE'),
('077022', 'Kölla Hamburg - Overseas', 'Import GmbH & CO.KG', 'Oberhafenstr. 1', '', '20097', 'Hamburg', 'DE'),
('077023', 'Cremerius, Hans-Peter', 'Obstbau', 'Töpfestr. 39', '', '53343', 'Wachtberg-Adendorf', 'DE'),
('077024', 'Kühling Fruchthandel KG', '', 'Nordallee 11', '', '49685', 'Emstek', 'DE'),
('077025', 'W.Krings', 'Obstanbau', 'Meckenheimer Str. 33', '', '53359', 'Rheinbach', 'DE'),
('077026', 'Kourtidis Bros.', '', '', '', '', 'Griechenland', 'GR'),
('077027', 'Karanikolas', '', '', '', '', 'GR-', 'GR'),
('077028', 'Anestis Karalidis S.A.', '', '', '', 'GR-64011', 'Keramoti', 'GR'),
('077029', 'Kutlu', 'Import-Export ltd. GmbH i.G.', '', '', '', 'Hannover', 'DE'),
('077031', 'Kockerols', 'Gemüsegroßhandel', 'Am Hauserbusch 29', '', '47877', 'Willich', 'DE'),
('077032', 'Keuthmann GmbH & Co.KG', '', 'Beusselstr. 44 n-q', '', '10553', 'Berlin', 'DE'),
('077033', 'lKohl Fruit Trading B.V.', '', 'Klappolder 110', '', '2665', 'LPBleiswijk', 'NL'),
('077034', 'Köklü Sogukhava Tesileri', '', '', '', 'Egirdir', '/Isparta', 'TR'),
('077035', 'Kronprinz Fruchthandels GmbH', '', 'Wolfgruben 5', '', '8211', 'Ilztal', 'AT'),
('077036', 'Luuk Kuijpers', '', 'Graven 2', '', '6086', 'RANeer', 'NL'),
('077037', 'Cranberry-Hof Klingemann', 'Heinrich Klingemann', 'An der Alten Leine 1', '', '29690', 'Grethem', 'DE'),
('077038', 'Keltivia', 'Légumes frais de Bretagne', 'Kerisnel BP 58', '', 'FR-29250', 'SaintPoldeLeon', 'FR'),
('077039', 'Kavala Coop', '', 'Idras 18', '', '65302', 'Kavala', 'GR'),
('077045', 'Karl Knauer KG', '', 'Zeller Str. 14', '', '77781', 'Biberach/Baden', 'DE'),
('077046', 'Heinrich Kappenberg', '', 'Südkampen 1', '', '29664', 'Walsrode', 'DE'),
('077047', 'Gospodarstwo Sadownicze Joanna Kret', '', 'Paltrozow 7', '', '26803', 'Promna', 'PL'),
('077048', 'Gospodarstwo Rolne Kurowski', 'Kurowski Jerzy', 'Ogrodwa 16', '', '87-300', 'Brodnica', 'PL'),
('077049', 'Kallen - Spargel', 'Max-Josef u. Chrstine Kallen GbR', 'Forsterhof 1', '', '41541', 'Dormagen', 'DE'),
('077054', 'Obsthof König GbR', 'Jork - Altes Land', 'Hinterdeich 25', '', '21635', 'Jork', 'DE'),
('077055', 'KOS-berry', 'Grzegorz Kostrzak', 'Poznanska 57', '', '88-230', 'PiotrkowKujawski', 'PL'),
('077702', 'Landgard', 'Vermarktungsgesellschaft mbH&Co.KG', 'Veilingstraße A1', '', '47638', 'Straelen-Herongen', 'DE'),
('077703', 'Lara Fruit B.V.', '', 'Venrayseweg 100', '', '5928', 'RHVenlo', 'NL'),
('077704', 'Juan Garcia Lax GmbH', 'Frucht-Import-Agentur', 'Höninger Weg 139', '', '50969', 'Köln', 'DE'),
('077706', 'Lindenhof Obstplantagen', 'Gerd Moog', 'Lindenhof', '', '53343', 'Wachtberg-Fritzdorf', 'DE'),
('077714', 'Langfruit B.V.', '', 'Postbus 3384', '', '5902', 'RJVenlo', 'NL'),
('077715', 'Lehmann Natur GmbH', '', 'Marie-Bernays-Ring 39', '', '41199', 'Mönchengladbach', 'DE'),
('077716', 'Lièvre Peter Obst  Gemüse', '', 'IM LÖVENICH 100', '', '41812', 'Erkelenz-Lövenich', 'DE'),
('077717', 'Lepefruit S.L.', '', 'Ctra. Circumvalaciòn s/n', '', 'E-21440', 'Lepe(Huelva)', 'ES'),
('077718', 'Lucena Fruit, S.L.', '', 'CI, Arriba, 25', '', '21820', 'LucenadelPuerto(Huelva)', 'ES'),
('077719', 'Las.Ter Fruirs, s.r.l.', '', 'Via Vecchia Rutigliano, 30', '', '70016', 'Noicattaro(BA)', 'IT'),
('077720', 'Lagnasco Frutta', '', '', '', 'I-Lagnasco', '(Cuneo', 'IT'),
('077722', 'Lujovi', '', 'C/. San Bartolomé, 8', '', '21720', 'RocianadelCondado', 'ES'),
('077723', 'Ley Karl-Josef', '', 'Erhard Fischer Str.4', '', '53343', 'Wachtberg-Asendorf', 'DE'),
('077724', 'Llacer y Navarro', '', '', '', '', 'Spanien', 'ES'),
('077725', 'La Cabannése', '', 'Route Sr. Andiol', '', '13440', 'Cabannes', 'FR'),
('077726', 'LAHA BT.', '', 'Ibolya 66', '', 'H-2040', 'Budaörs', 'HU'),
('077727', 'Linasol', '', 'Boite Postale No. 115', '', '14302', 'MoulayBousselham', 'MA'),
('077728', 'Fruits Rouges & Co', '', '1 Rue Jean Bodin', '', '02000', 'Laon', 'FR'),
('077729', 'Lacour', '', '', '', '', 'Perpignan', 'FR'),
('077730', 'Leila Distribution', '', 'Rue de Lisbonne', '', '66033', 'PerpignanCedex', 'FR'),
('077731', 'S.A.R.L. Lemarie Primeurs', '', '2, Rue Auguste Renoir', '', '35400', 'Saint-Malo', 'FR'),
('077733', 'Loukofruit', '', 'Venlo Korinthias', '', 'GR-20002', 'Korinth', 'GR'),
('077734', 'Giorgos Labros S.A.', 'L. Pervolarakis-G. Koutsobos S.A.', 'Profitis Ilias', '', 'GR-Heraklion', '-Kreta', 'GR'),
('077736', 'Obst & Spargelhof Leue', '', 'Groß-Kreutzer-Weg 1', '', '14550', 'Groß-Kreutz', 'DE'),
('077737', 'L.P.B.', 'Légumes et Primeurs Bretons', 'Z.I. de Kervent', '', '29250', 'SaintPoldeLeon', 'FR'),
('077739', 'Maria Liers', '', '', '', '', 'D-', 'DE'),
('077741', 'LTV', 'Limburgse Tuinbouwveiling', 'Industrieweg 1035', '', '3540', 'Herk-de-Stad', 'BE'),
('077742', 'Plusberries SAT', 'Hermanos Pulido', 'C/Fuentes N° 56', '', '21004', 'Lepe(Huelva),Espana', 'ES'),
('077743', 'Beerenhof Lohse', '', 'Rodewalder Straße 36', '', '29690', 'Gilten-Nienhagen', 'DE'),
('077744', 'El Encuentro Berries SRL', 'aremigy@elencuentroberries.com.ar', 'Ruta Nacional 14 Km 52,50', '', '2820', 'Gualeguaychu,EntreRios', 'AR'),
('077746', 'Lopez, Fernandez', '', 'Calle F 30-32 Sector C Zona Franca', '', '08040', 'Barcelona', 'ES'),
('077747', 'North Bay Produce Inc.', '', 'P.O. Box 988 (49685-0988)', '', '1771', 'NorthU.S.31,South', 'US'),
('077749', 'PZ Late Gradacac p.o.', '', 'Ledenice Donje bb.', '', '76250', 'Gradacac', 'BA'),
('077750', 'Landi Hüttwilen und Umgebung', '', 'Im Winkel 4', '', 'CH-8536', 'Hüttwilen', 'CH'),
('077752', 'Tradin Organic Agriculture B.V.', '', 'Stationsplein 61-65', '', '1012', 'ABAmsterdam', 'NL'),
('077753', 'Renata Luks', '', 'ul. 10-go Lutego 18/1', '', '84-100', 'Puck', 'PL'),
('077754', 'Fair Export S.A.', 'CUIT: 30-714063796-9', 'Dr. Juan F. Aranguren 4170 - CP1407', '', '', 'AR-Caba', 'CL'),
('077755', 'Spargel- &Erdbeerhof Lütke Zutelgte', '', 'Wöste 9', '', '48291', 'Telgte', 'DE'),
('077756', 'H. Troost & Zn. B.V.', '', 'Postbus 37', '', '2680', 'AAMonster', 'NL'),
('077757', 'LGF bvba', '', 'Beerbosstraat 28', '', '3540', 'Herk-de-Stad', 'BE'),
('077759', 'LG EXPORT LA GLORIOSA SA', '', 'Sarmiento 2895', '', '1625', 'Escobar-BS.AS', 'AR'),
('077776', 'Llombart GmbH', '', 'Industriehof 4', '', '77933', 'Lahr', 'DE'),
('077777', 'LC FRUIT SRL', '', 'Via Fontana Nuova 29', '', '37032', 'Monteforted´Alpone(VR)', 'IT'),
('078402', 'Mazzoni s. r. l.', '', '', '', '44100', 'Ferrara', 'IT'),
('078404', 'Marais Nantes', '', '20, Rue Georges Clemenceau', '', 'F-44840', 'LesSoriniéres', 'FR'),
('078405', 'Möller Hofladen GbR', '', 'Im Dorfe 28', '', 'D-49448', 'Hüde', 'DE'),
('078406', 'Ortofrutta Meridionale', '', 'Via Vecchia Molfetta, 4', '', '70033', 'Corato(BA)', 'IT'),
('078407', 'Merco-Camara S.A.', '', 'B. San Cristobal', '', '43870', 'Amposta-Tarragona', 'ES'),
('078408', 'Maocanka-Commerce d.o.o. Maoca', '', '', '', '76208', 'Maocabb,Brcko-District', 'BA'),
('078409', 'Marquillanes S.A.R.L.', '', 'M.I. Saint-Charles 104/105', '', '66033', 'PerpignanCedex', 'FR'),
('078410', 'Munoz Marin Teodoro', '', 'C/.Julian Besteiro n°7,1°A', '', '10600', 'Plasencia', 'ES'),
('078411', 'René Maugasc et Fils', 'Fruits - Legumes', 'Z.A.C. du Roubian', '', '13150', 'Tarascon', 'FR'),
('078412', 'Merz & Ewenz Import GmbH', '', 'Marktstraße 10', '', '50968', 'Köln', 'DE'),
('078413', 'Majou Gilbert & Fils S.A', '', '', '', '', 'Agen', 'FR'),
('078414', 'Metral Fruits', '', 'Route de Lyon', '', '38150', 'Chanas', 'FR'),
('078415', 'Müller, Bruno', '', '', '', '53501', 'Grafschaft-Oeverich', 'FR'),
('078416', 'Enzo Muratori S.R.L.', 'Import-Export Ortofrutticoli', 'Via Caduti sul Lavoro, 370', '', '41058', 'Vignola(MO)', 'IT'),
('078417', 'Medi-Handels-GmbH', '', 'Korker Str. 9', '', '77694', 'Kehl-Bodersweier', 'DE'),
('078419', 'Midi-Prim S.A.', '', '45, Rue de Carpentras', '', 'F-94592', 'Rungis', 'FR'),
('078420', 'Medifruit Ltd.', '', '99 Wolverton Gardens', '', 'W5', '3LJLondon', 'GB'),
('078422', 'Fritz Möss', '', 'Kochelseestr. 13', '', '81371', 'München', 'DE'),
('078423', 'Manss Fruchtimport KG', '', 'Großmarkt-Frischezentrum', '', '59010', 'Hamm', 'DE'),
('078424', 'Mitrosilis s.a.', '', 'Anifi', '', 'GR-21055', 'Nafplio', 'GR'),
('078425', 'Manner, Fritz', '', 'Obsthof Manner 1', '', '53340', 'Meckenheim', 'DE'),
('078428', 'La Morenata, S.A.T', '', 'Ctra.N-II, km 450', '', '25170', 'TorresdeSegra(Lleida)', 'ES'),
('078430', 'Rives de Loire', '', 'La Motte Girault', '', '35350', 'LaGouesniere', 'FR'),
('078431', 'Frutas Mortesol', '', '', '', '', 'Spanien', 'ES'),
('078432', 'Marrakech Vineyards', 'Guemassa', '', '', 'Province', 'Chichaoua', 'MA'),
('078434', 'Valle Maule S.A.', 'RUT: 99.503.480-8', 'Freire 614', '', '', 'CL-Linares', 'CL'),
('078435', 'Mateo Garcia & Sinova S.L.', '', 'C/Valle de Pinares Llanos, 8-A,', '', 'Madrid', '28035', 'ES'),
('078438', 'Fruchthof Meissen GmbH & Co. KG', '', 'Priestewitzer Straße 20', '', '01561', 'PriestewitzOTStauda', 'DE'),
('078439', 'Maxime GmbH', '', 'Lützowstr. 30', '', '45141', 'Essen', 'DE'),
('078440', 'Primarco Meignen SAS', 'Marché d ´Intérét National', '58, Boulevard Gustave Roch', '', '44261', 'NantesCedex2', 'FR'),
('078441', 'Minikiwi Farm LDA', '', 'Rua Senhora da Basta, no 301', '', '4770-307', 'Landim', 'PT'),
('078442', 'Maurer Parat GmbH', '', 'Ludwigshafener Str. 1', '', '67125', 'Dannstadt-Schauernheim', 'DE'),
('078444', 'Mertens Frank Obsthof', '', 'Wekeln 1', '', '47877', 'Willich', 'DE'),
('078445', 'Stefan Moemesheim', '', 'Klein Altendorf 10', '', '53359', 'Rheinbach', 'DE'),
('078447', 'MI.DI. Fruits s.r.l.', '', 'Via Padre Kolbe, 414', '', 'I-70052', 'Bisceglie(Bari)', 'IT'),
('078448', 'Maldonado Distribution', '', '1 Rue des Tropiques - Entrepot 118', '', 'F-94538', 'RungisCedex', 'FR'),
('078449', 'Morning Splash', '', 'Av de Franca, n168, 4drt', '', '4760-104', 'VNdeFamalicao', 'PT'),
('078451', 'A.S.Messi', '', '', '', '', 'Korinthos', 'GR'),
('078452', 'Mespa', 'Eski Lara Yolu Adonis Otel Yani', 'Serai Kök Apt. No. 74 D.2', '', '07100', 'Antalya', 'TR'),
('078455', 'Moguer Fruit', '', 'c/.Puerto Rico 14', '', '21800', 'Moguer(Huelva)', 'ES'),
('078457', 'Los Arenales de Mazagon, S.L.', '', 'C./ Calera, 17', '', '21800', 'Moguer(Huelva)', 'ES'),
('078458', 'Fresas San Miguel, S.L.', '', 'C./ Carretas, 2', '', '21800', 'Moguer(Huelva)', 'ES'),
('078459', 'Fruit Mogaya S.L.', '', 'Plaza Santiago, No. 2', '', '21500', 'Gibraleon(Huelva)', 'ES'),
('078460', 'Marifrancis S.L.', '', 'Avda. de America, 13', '', '21810', 'PalosdelaFrontera', 'ES'),
('078461', 'Tropical Millenium s.l.', '', '', '', '', 'Espana', 'ES'),
('078462', 'Maroni GmbH', '', 'Honfoglajás u.5', '', '2045', 'Törökbálit', 'HU'),
('078463', 'Mönchberger Früchtegroßhandel', '', 'Granitweg 3', '', '71083', 'Herrenberg', 'DE'),
('078464', 'Mora Fuertes S.L.', '', 'C/ Pedro Alonso Nino, 12', '', '21800', 'Moguer(Huelva)', 'ES'),
('078470', 'Mora Villaran, S.L.', '', 'Alfonso Nino 21', '', '21800', 'Moguer', 'ES'),
('078471', 'Mora Morales SL', '', 'CL Palp Dulce 11', '', 'E-21800', 'Moguer(Huelva)', 'ES'),
('078480', 'Montalbo', '', '', '', '', 'Italien', 'IT'),
('078481', 'Mourgues Fruits S.A.', '', 'La Derocade BP 10', '', 'F-82200', 'MoissacCedex', 'FR'),
('078482', 'Theo und Maria Münch GbR', '', 'Burgstr. 2', '', '53501', 'Grafschaft-Gelsdorf', 'DE'),
('078484', 'Mopi-Prim', '', '20 Quai de Hanovie', '', '66000', 'Perpignan', 'FR'),
('078485', 'Mugui', '', 'Rue de Lisbonne / BP 5354', '', 'F-66033', 'PerpignanCedex', 'FR'),
('078486', 'Meywex GmbH', '', 'Heiliger Weg 67', '', '44141', 'Dortmund', 'DE'),
('078487', 'Massilia Fruits', '', 'Min des Arnavaux', '', 'F-13014', 'Marseille', 'FR'),
('078488', 'Matthies & Söhne', 'Fruchtimport GmbH', 'Broitzemer Str. 202', '', '38118', 'Braunschweig', 'DE'),
('078489', 'Werner Meller', '', 'Gut Sonnenberg', '', '50269', 'Pulheim', 'DE'),
('078490', 'Melih', '', '', '', '', 'TR-', 'DE'),
('078492', 'Mauel Dietmar', '', 'Wormersdorfer Straße 67', '', '53359', 'RheinbachWormersdorf', 'DE'),
('078494', 'Mediterran Trade', '', '', '', '', 'I-', 'IT'),
('078495', 'Macagno S.R.L.', '', 'Via Madonna dei boschi, 20', '', 'I-12016', 'Peveragno(CN)', 'IT'),
('078496', 'Merker Sonnenhof GmbH  Co KG', '', 'Sonnenhof Außerhalb', '', '64347', 'Grießheim', 'DE'),
('078497', 'Malina Promet D.O.O.', '', 'Belosevac bb', '', '', 'Valjevo', 'RS'),
('078498', 'Magellan', 'Cueillir l´Avenir', '14 Rue D´Agen Fruileg 580', '', 'FR-94591', 'RungisCedex', 'FR'),
('078499', 'Masr Fruit International B.V.', '', 'Oosteinde 5', '', '2991', 'LGBarendrecht', 'NL'),
('078500', 'Berryfarm Sil Moonen BV', '', 'Mortel 27', '', '6088', 'AHRoggel', 'NL'),
('078501', 'MMF Masic Meat & Food GmbH', '', 'Gewerbestraße 23', '', '5301', 'Eugendorf', 'CH'),
('078502', 'Moreno Maria Josefa', 'La Josefa Finca', 'Ruta 41 km 208', '', 'Buenos', 'Aires,Argentina', 'AR'),
('078505', 'Magrabi Agriculture', '', '13 Abd El Khaliek Tharwat', '', 'Egypt,', 'Cairo', 'EG'),
('078506', 'Müller+Dietrich Fruchthof AG', '', 'Frankfurtstr. 38', '', 'CH-4142', 'Münchenstein', 'CH'),
('078507', 'Magli + Noel GmbH', '', 'Ambros-Nehren-Str. 2', '', '77855', 'Achern', 'DE'),
('078508', 'Magromex SA DE CV', '', 'Escultores No.727-A', '', 'C.P.', '45030Zapopan,JaliscoMexico', 'MX'),
('078509', 'Agro Mujcinovic D.O.O.', '', 'Lukavac Gornji bb', '', '76250', 'Gradacac', 'BA'),
('078510', 'Moravica doo', '', 'Stupcevici', '', '31230', 'Arilje-Serbien', 'BA'),
('078511', 'Maroc Fines Herbes', '', 'CEED Grand Saint Charles B.P.5005', '', '66030', 'PerpignanCedex', 'FR'),
('078512', 'Marlene Meya GmbH', 'Import Export Großhandel', 'Heiliger Weg 60', '', '44135', 'Dortmund', 'DE'),
('078513', 'Magiar S.A.', 'Products Quimicos Magiar S.A.', 'Jose A. Cabrera 3288', '', 'C1186AAJ', 'BuenosAires', 'AR'),
('078514', 'Midgold', '', 'Padron Nr.5884 4ta secc.Jud', '', '', 'Chapicuy-Paysandu', 'UY'),
('078515', 'Mibusa fruit GmbH & Co. KG', '', 'Josef-Eicher-Str. 10', '', '60437', 'Frankfurt', 'DE'),
('078516', 'Hof Mäteling GbR', '', 'Buchenallee 4', '', '46419', 'Isselburg-Anholt', 'DE'),
('078519', 'Wilhelm Marleaux GmbH', '', 'Ulmenstr. 275', '', '40468', 'Düsseldorf', 'DE'),
('078520', 'Gaston Alfonso Meynet Stagno', '4.377.884-6', 'Fundo Rihue-Comuna de Negrete', '', 'Giro', 'AgricolaCasilla138Negrete', 'CL'),
('078521', 'H&M Fruits', '', 'Lotissement Agdal, N° 521', '', 'Agadir', 'AitMelloul', 'MA'),
('078524', 'Mssiwa Fruits', '', 'Hay Al Mahkama Rue N.14', '', 'Biougra,', 'ChtoukaaitBaha', 'MA'),
('078525', 'frei', 'frei', 'frei', '', '', 'frei', 'MA'),
('078526', 'MAO Maroc s.a.r.l', 'Siège Social: N°98', 'Rue N°7 Al Mostaqbal', '', 'MA-Ait', 'Melloul-Agadir', 'MA'),
('078528', 'Gospodarstwo Sadownicze', 'Jan Milewski', 'Falbogi Wielkie 18', '', '09-142', 'Zaluski', 'PL'),
('078529', 'Mazurskie Grzybki Sp. Z o.o.', 'PL-7451673791', 'Ul. 1 maja 35 a', '', '12-122', 'Jedwabno', 'PL'),
('078530', 'Societe Maya Negoce', '', '', '', '', 'Unbekannt', 'MA'),
('078531', 'Francisco Soriano Marquez', 'NIF 29728396-E', 'Calle Enrique Acosta 7', '', '21720', 'RocianadelCondado', 'ES'),
('078532', 'McAirlaids Vliesstoffe GmbH', '', 'Münsterstr. 61-65', '', '48565', 'Steinfurt', 'NL'),
('078533', 'Milbor sp. z.o.o.', 'Piotr Milewski', 'Falbogi Wielkie 18', '', '09-142', 'Zaluski', 'PL'),
('078534', 'Metro Cash@Carry Deutschland GmbH', '', 'Metro Straße 8', '', '40235', 'Düsseldorf', 'DE'),
('078535', 'M.P.F. Hermesmeyer', 'Vertriebs GmbH', 'Elbestr. 34', '', '', '45478', 'DE'),
('078888', 'Marktvertrieb Chile Ltda.', '', 'Colo Colo 1140 2do Piso', '', '', 'CL-Villarica', 'CL'),
('078889', 'Meridian Fruits SPR de RL', 'Fresh Kampo', 'km 0,5 carr Periban-Los Reyes', '', 'MX-CP60440', 'PeribandeRamos,Michoa', 'MX'),
('078890', 'MAB Quality GmbH & Co.KG', 'Fruchtjäger', 'Hugo-Pork-Str. 19', '', '44141', 'Dortmund', 'DE'),
('078891', 'Macalea GmbH & Co. KG', '', 'Oberhafenstr. 1', '', '20097', 'Hamburg', 'DE'),
('078892', 'Castro Paiva & Gomez Moreira, Lda', '', 'Rua das Flores, 50', '', '4770-573', 'SaoCosmedoValeVNFam', 'PT'),
('078893', 'Esther & Peter Münch GbR', 'Grafschafter Beerenhof', 'Max-Planck-Str.2', '', '53501', 'GrafschaftGelsdorf', 'DE'),
('079101', 'Nestos', '', '', '', '', 'Kaval', 'GR'),
('079102', 'Napoli & Figli s.r.l.', '', 'Via Vespucci - Località S.Antonio', '', '84098', 'PontecagnanoFaiano(SA)', 'IT'),
('079103', 'Neumann Fruchtimport GmbH', '', 'Großmarkt / Thalkirchner Str. 81', '', '81371', 'München', 'DE'),
('079104', 'Nivex', 'Export-Import', '9, Salah Gaafar St.', '', 'Nasr', 'City-Cairo', 'EG'),
('079105', 'Erdbeerbetrieb', 'Nordhorn', 'Langstr. 1', '', '53755', 'St.Augustin', 'DE'),
('079108', 'Nouveau Comptoir de Commerce', 'International', 'B.P. 5117', '', 'F-66031', 'PerpignanCedex', 'FR'),
('079109', 'Novapracosa', '', 'Ctra. Nacional II km 452', '', '25180', 'Alcarras(Lleida)', 'ES'),
('079110', 'NDH', '', '', '', '', 'Korinthos', 'GR'),
('079111', 'Nature`s Way', '', '', '', '', 'Spanien', 'ES'),
('079112', 'Natur Green S.L.', '', 'Ctra. A-431 San Jeronimo', '', '41980', 'LaAlgaba-Sevilla', 'ES'),
('079115', 'Nespar', '', '', '', 'Chrisohori', 'Kavala', 'GR'),
('079116', 'Norton Europa, S. L.', 'Avda De Urgos 7', '21 Bloque 82°B', '', 'Santa', 'MariadeTormes', 'ES'),
('079117', 'Nordgemüse Hamburg', 'Krogmann KG', 'Barsbütteler Str. 67', '', '22012', 'Hamburg', 'DE'),
('079118', 'Obst & Gemüse Nühse', 'Großhandelsgesellschaft mbH', 'Banksstr. 28', '', '20097', 'Hamburg', 'DE'),
('079119', 'New World Fruit Traders BV', 'NWFT', 'Marconistraat 3a', '', '3029', 'AERotterdam', 'NL'),
('079120', 'Nanteurop F&L', 'ZA Bois de Jean Renaud', '102 Route de Fleuve', '', '44450', 'St.JuliendeConcelles,Fran', 'FR'),
('079121', 'Nature´s Pride', '', 'Honderdland 611', '', '2676', 'LSMaasdijk', 'NL'),
('079122', 'Netinor S.A.', '', 'Avda. Batlle y Reyles', '', 'S/N', 'Salto', 'UY'),
('079123', 'Nectar Select Sarl', '', '7 Rue des Alzines', '', '66300', 'Trouillas,France', 'FR'),
('079125', 'Naturkost Ernst Weber GmbH', '', 'Schäftlarnstr. 10', '', '81371', 'München', 'DE'),
('079130', 'Niceblue S.A.', '', 'Parcela 7, sitio 10', '', '3580000', 'LasVertientesLinares', 'PT'),
('079131', 'New Deal-Agriculture LDA', 'Farm: Quinta Da Areia', 'Apartado 05', '', '2605-197', 'Belas', 'PT'),
('079132', 'Norte Blue Limitada', 'Exportadora', 'Intependencia 284', '', '523370', 'Chile', 'PT'),
('079133', 'Willi Nüchter', 'Inhaber Peter Nüchter', 'Großmarkt', '', '47059', 'Duisburg', 'DE'),
('079386', 'Onuberry SL', '', 'PGNO Los Arroyos, C/Cruz De Arpa Si', '', '21800', 'Moguer(Huelva)', 'ES'),
('079406', 'Hortifrut S.A.', '', 'Av. 11 de Septiembre 1860 Piso 9', '', 'Providencia', 'Santiago-Chile', 'CL'),
('079471', '', '', '', '', '', '', 'XX'),
('079802', 'Procam, S. Coop and.', '', 'Crta. Almeria, Km. 1.6', '', 'E-18600', 'Motril(Granada)', 'ES'),
('079804', 'Oceane s.a.', 'Marché D`Intéret National', 'Cases 1,2,3 Sud - 58, bd Gustave', '', '44261', 'NantesCedex2', 'FR'),
('079805', 'Jan Oskam Jr. & Zn. BV', '', 'Europaweg 2', '', '3451', 'HGVleuten', 'NL'),
('079808', 'Oscar Art. E & T Perakakis & Co.', '', '', '', '72200', 'Ierapetra/Creta', 'GR'),
('079809', 'vitfrisch Gemüse-Vertrieb eG', '', 'Rötelstraße 26', '', '74172', 'Neckarsulm', 'DE'),
('079810', 'Ollier', '', 'Kergoal', '', '29430', 'Plouescat', 'FR'),
('079811', 'Odiel, Frutas del Odiel, S.A.', '', '', '', '', 'Spanien', 'ES'),
('079812', 'Orogel Fresco', '', 'Via Emilia, 3800', '', '47020', 'Longiano(FC)', 'IT'),
('079813', 'Olympic Fruit B.V.', '', 'Handelscentrum ZHZ 48', '', '2991', 'LDBarendrecht', 'NL'),
('079814', 'Oceanic', '', 'Brooktor 11', '', '20457', 'Hamburg', 'DE'),
('079819', 'OGM Mittelehrenbach', '', '', '', '', 'Mittelehrenbach', 'DE'),
('079822', 'Obst- und Gemüsevertriebs-', 'genossenschaft Nordbaden eG', 'Güterbahnhof 13', '', '76646', 'Bruchsal', 'DE'),
('079823', 'Oertel Rolf GmbH', 'Fruchtgroßhandel & Import', 'Zum Frischemarkt 1a', '', '04158', 'Leipzig', 'DE'),
('079824', 'Obst und Gemüse Markt', 'Thüringen GmbH', 'Gewerbepark Fahner Höhe', '', 'D-99100', 'Gierstädt', 'DE'),
('079825', 'Obst und Gemüsevertrieb Südbaden', 'GmbH-OGS', 'Niederrotweil 80', '', '79235', 'Vogtsburg-Oberrotweil', 'DE'),
('079826', 'Obst-und Gemüse Pretzfeld', '', '', '', '91362', 'Pretzfeld', 'DE'),
('079827', 'Papp-Ker Kft', '', '', '', 'H-4900', 'Fehérgyarmat', 'HU'),
('079830', 'OGZ-Obst-Gemüse Zierpflanzenprodukt', 'Handelsges. mbHLütten-Klein', '', '', '18106', 'Rostock', 'DE'),
('079831', 'O.P - A.P.O.A.L.', '', 'Via Siris 14', '', 'I-75025', 'Policoro', 'IT'),
('079832', 'Ogrodnictwo Import-Export', 'Bohdan Marcinkowski', 'Pilchowo, ul Starolesna 3', '', 'PL-72-004', 'Tanowo', 'PL'),
('079833', 'Gebr. Olgun', 'Fruchtgroßhandel GmbH', 'Bankstraße 28', '', '20097', 'Hamburg', 'IT'),
('079834', 'OGV Nordbaden eG', '', 'Güterbahnhof 13', '', '76646', 'Bruchsal', 'DE'),
('079836', 'Aloys Overmeyer GmbH', '', 'Dessauerstr. 27a', '', '45886', 'Gelsenkirchen', 'DE'),
('079838', 'Oers United', '', 'Handelsweg 170', '', '2988', 'DCRidderkerk', 'NL'),
('079839', 'Ortoverde SRL', '', 'Pfulders 39', '', '39040', 'Freienfeld,Italien', 'IT'),
('079840', 'Sant Orsola', '', 'Via Lagorai, n.127 , Zivignago', '', '38057', 'PergineValsuganaItalia', 'IT'),
('079841', 'Jürgen Oestmann', 'Alp´s Hof', 'Südkampen 27', '', '29664', 'Walsrode', 'DE'),
('079842', 'Oriental Trade Co.', '', 'Dr. Hassan Mahmoud St. Alnozha', '', '1184', 'Cairo', 'ES'),
('079843', '2organics B.V.', 'Import & export', 'Honderdland 242', '', '2676', 'LVMaasdijk', 'NL'),
('079844', 'Luc Peeters', '', 'Schooldijk 1', '', '6086', 'NNNeer', 'NL'),
('079845', 'Oberlender GbR', '', 'Steckerhof', '', '41836', 'Hückelhoven-Kleingladbach', 'DE'),
('079847', 'OGV GmbH Evershagen', '', 'Theodor-Körner-Str. 22', '', '18106', 'Rostock', 'DE'),
('079848', 'Exportadora Commercializadore', 'Only Fruit S.A.', 'Coyancura # 2241 Officina 64, Proid', '', 'Santiago', ',RM,Chile', 'CL'),
('079849', 'S&A Deutschland GmbH', '', 'Floßhafenstr. 210', '', '41460', 'Neuss', 'DE'),
('079850', 'Well and Food Ltda', '', 'Presidente Riesco 5535- Piso 9', '', '755000', 'LasCondesSantiagodeChile', 'DE'),
('079851', 'Sofia Antonieta Martins Campos', 'da Silva Machado', 'Rua Senhora da Basta no 301', '', '4770-307', 'landim', 'PT'),
('079852', 'Vison´s S.A.C.', '', 'AV. Camino Real No 961', '', '2001', 'int.SanIsidro', 'PE'),
('079853', 'M. Sousa Torres Agro Lda.', '', 'Rua da Prosela 70', '', '4445-573', 'ERMESINDE', 'PT'),
('079854', 'Tilla Berries,s S.L.U.', 'Plus Berries', 'Ctra. Huelva-Ayamonte', '', 'C.P.21500', 'GibraléonHuelva', 'ES'),
('079855', 'PATAGONIA FOOD S.A.', '', 'Apoquindo Piso 12, Oficina 02', '', '4499,', 'LasCondes', 'PT'),
('079856', 'BERRIES DEL PLATA SA', '', 'AV Juramento 2059', '', 'P7OF706,', 'BuenosAires', 'AR'),
('079857', 'Wangulen Exportaciones ltda.', '', 'Marchant Periera 367', '', '307000', 'Porvidencia', 'PE'),
('079858', 'Zurgroup S.A.', '', 'Av. Del Valle Sur, 662 - Officina 1', '', '', 'Santiago', 'NL'),
('080500', 'El Bollo', '', 'San José, 16', '', 'E-21800', 'Moguer', 'ES'),
('080502', 'Polberry sp.zo.o', '', 'ul. Bekasów 56', '', '02-803', 'Warszawa', 'PL'),
('080503', 'Primeurs de Saint Malo', '', 'ZA Confortland 6', '', '35520', 'Melesse', 'FR'),
('080504', 'Primespa', '', 'Magasin 131 MIN St. Charles', '', '66033', 'PerpignanCedex', 'FR'),
('080505', 'Promo Export SRL', '', 'Loc. Scorziello', '', '84025', 'Eboli(SA)', 'IT'),
('080506', 'Peris Agost Hermanos, S.L.', '', 'Avda. Castellon km 76', '', '12550', 'Almazora(Castellon)', 'ES'),
('080507', 'SAS La Plantation', '', '32 Rue Victor Hugo', '', '33260', 'LaTeste', 'FR'),
('080508', 'Proval Fruits', '', 'Avenue de la Digue', '', 'F-13834', 'CháteaurenardCedex', 'FR'),
('080509', 'Primar', '', 'Siret 399', '', '', 'FR-Perpignan', 'FR'),
('080510', 'Pascalis', 'Zegvolatio Korinthias', '', '', '', 'Kreta', 'GR'),
('080511', 'Primafel', '', 'AG 62 - M.I. St. Charles', '', '66000', 'Perpignan', 'FR'),
('080512', 'Prim Export', '', '', '', '', 'Perpignan', 'FR'),
('080513', 'Perez', '', '', '', 'Perpignan', 'Cedex', 'FR'),
('080516', 'PACA SCL', '', 'Ctra.Mombeltran 31', '', '05416', 'ElArenalAvila', 'ES'),
('080517', 'Pantanet', '', '', '', '', 'Spanien', 'FR'),
('080518', 'PrimCo Espana, S.A.', '', 'Ctra. El Puerto de Santa Maria', '', '11540', 'SanlucardeBarrameda', 'ES'),
('080519', 'SAT Pibort', '', 'c/ Blasco Ibanez, 20', '', '21730', 'Almonte(Huelva)', 'ES'),
('080520', 'Palmieri', '', 'Via I.Nievo,27', '', '71046', 'S.FerdinandodiPuglia', 'IT'),
('080522', 'Polimnia S.R.L.', '', 'V. Le M.L. King, 510', '', '70044', 'Polignano(BA)', 'IT'),
('080523', 'Pinar, s.a.t.', '', '', '', '', 'Bitem(Tarragona)', 'ES'),
('080524', 'Plus GmbH', '', '', '', '', 'Mülheim', 'DE'),
('080525', 'Walter Pott GmbH & Co. KG', '', 'Stauffenbergstr. 17', '', '51379', 'Leverkusen', 'DE'),
('080526', 'Primeurope', '', 'Rue de Murcia / M.I. St.Charles', '', '66034', 'PerpignanCedex', 'FR'),
('080527', 'P.B. Italia SRL', '', 'Via Porto, 89', '', 'I-70044', 'Polignano(BA)', 'IT'),
('080528', 'Coop.Agr. "Piana di Sagri"', '', 'II Vico Puglia, 10', '', '71015', 'SannicandroGarganico(FO)', 'IT'),
('080529', 'Isidro Perez', 'C. Pevoz C.B.', '', '', '21400', 'Cartaya(Huelva)', 'ES'),
('080530', 'Prim´land S.A.', 'B.P. 232', '6 Rue des frenes', '', 'F-40100', 'Agen', 'FR'),
('080531', 'Prodromos', '', '', '', 'Chrisoupolis', 'KavalaHellas', 'GR'),
('080534', 'Philippe Fruit Import SA', '', '', '', '24380', 'Vergt', 'FR'),
('080535', 'Papp - Farm Kft.', '', 'Arpad ut 77', '', '4522', 'Nyirtass', 'HU'),
('080536', 'Philippe Pinto', '', 'Saint-Charles International', '', 'F-66033', 'PerpignanCedex', 'FR'),
('080538', 'PAM - Producao Distribuicao', 'Horticola Litoral, Lda', 'Parque Industrial Laúndos, lote 36', '', '4570-311', 'PóvoadeVarzim', 'PT'),
('080539', 'Pelzer', '', 'Anton-Pangels-Str. 5', '', '41812', 'Erkelenz-Matzerath', 'DE'),
('080540', 'Protofanousi Fruits SA', 'EL092452426', 'PO Box 33563', '', '56310', 'Eleftherio', 'GR'),
('080542', 'Puentesol', '', 'C/. Buenos Aires, 3', '', '43870', 'Amposta', 'ES'),
('080543', 'Paul Pfennig GmbH', '', 'Großmarkt', '', '50968', 'Köln', 'DE'),
('080544', 'Pflaumen Kft.', '', 'Szent.Martoni u. 37', '', '2730', 'Albertirsa', 'HU'),
('080547', 'Pomona - Import S.A.R.L.', '', 'BP 5355 Marché St. Charles', '', 'F-66033', 'PerpignanCedex', 'FR'),
('080548', 'Pfalz-Fresh', '', '', '', '67112', 'Mutterstadt', 'DE'),
('080549', 'Panagiotis Panagaris', '', 'Lager 91 Km. N. Str. Patron Pirgou', '', 'GR-27300', 'GastouniIlias', 'GR'),
('080550', 'Elbe Obst', '', 'Industriestr. 2', '', '21641', 'Alpensen', 'DE'),
('080552', 'Spargelhof Potthoff', 'Gröblinger Str. 60', '', '', '48336', 'Sassenberg', 'DE'),
('080554', 'Sdad. Coop. And. El Pilonar', '', 'C/. Valverde, 42', '', '21800', 'Moguer(Huelva)', 'ES'),
('080555', 'El Ciruelo', '', 'Ctra. Alhama-Cartagena, KM 2,5', '', 'E-30840', 'AlhamadeMurcia', 'ES'),
('080556', 'PPH Ewa-Bis Sp. z o.o.', '', 'Serwituty 25', '', '02-233', 'Warszawa', 'PL'),
('080557', 'Parcelamaravilha Lda.', '', 'Rua do Moinho No. 3', '', '4760-728,', 'Ribeirao', 'PT'),
('080558', 'PGG -Perspectivas Globais', 'de Gestao LDA', 'Cais de S. Roque, No. 130', '', '3800-256', 'Aveirao', 'PT'),
('080559', 'Pelyfruit', '', '', '', '', 'Murcia', 'ES'),
('080560', 'Pap S.A.', 'Papafilis', '', '', '', 'Korinthias', 'GR'),
('080561', 'Prima Commerce', '', '', '', '', 'Beograd', 'XX'),
('080562', 'Páter-Kapu Kft.', '', 'Martirok Utja 1. I/1.', '', '8900', 'Zalaegerszeg', 'HU'),
('080563', 'Richard Pickenpack GmbH & Co', '', 'Stader Str. 41', '', 'D', '21641Apensen', 'DE'),
('080564', 'Pantazis Fruit S.A.', '', '57 km. Patras - Pirgos', '', '27053', 'Lehena-Ilias', 'GR'),
('080565', 'Petschelies & Asani GbR', 'Beerenobst-Pilze-Tiefkühlprodukte', 'Zum alten Teich 2', '', '31638', 'Stöckse', 'DE'),
('080566', 'Profitis Ilias', 'Agrotikos', '', '', 'GR-71500', 'Iraklio', 'GR'),
('080567', 'Pia Frucht lOGISTIK', '', 'YENITASKENT bELDESI Hornurfu', '', 'Köyü', 'Mersin', 'TR'),
('080571', 'P.P.H.U. Exporter', 'Piotr Fylak', 'Os. St. Batorego 28/6', '', '60-687', 'Poznan', 'PL'),
('080572', 'Pan Tarim', '', '', '', '', 'TR-', 'TR'),
('080574', 'Parmen Friss Kft.', 'Macskási Hütöház (Kühlhaus von Macs', '', '', '5525', 'Füzesgyarmat', 'HU'),
('080575', 'Pilzimport Grafenau', '', 'Ohetal 41', '', '94481', 'Grafenau', 'DE'),
('080576', 'P.A.S.A.M. Soc. Corp. Agr.', 'Per Azioni', 'Via Elorina, 131/A', '', '96100', '-Siracusa', 'IT'),
('080577', 'Pharaana B.V.B.A.', '', 'Oostende Airport Box 56', '', '8400', 'Oostende', 'BE'),
('080578', 'Pavifruits', '', 'M.I. Saint Charles Rue du Languedoc', '', '66033', 'Perpignan-Cedex', 'FR'),
('080579', 'Polfrucht AG', 'Fruchthof', 'Beusselstr. 44 n-q', '', '10553', 'Berlin', 'DE'),
('080580', 'Pampa Blue SRL', '', 'Libertad 1698, Piso6 (1016) CABA', '', 'Buenos', 'Aires,Argentina', 'AR'),
('080582', 'Primouest-Impex', '', '38, Rue de Montpellier', '', 'F-94622', 'Rungis-Cedex', 'FR'),
('080584', 'Prima Import&Export', '', '9 El-Horia ST Nasr City 9th Zone', '', '', 'Kairo', 'EG'),
('080585', 'Prima Natura B.V.', '', 'P.O. Box 36', '', '2691', 'AA´s-Gravenzande', 'NL'),
('080586', 'Port International European', 'Sourcing GmbH', 'Lippeltstr. 1', '', '20097', 'Hamburg', 'DE'),
('080589', 'Plodimpex Ltd', '', 'Ovcha kupel-1, 410/A/10', '', '1632', 'Sofia', 'BG'),
('080590', 'Portobianco S.A.', '', 'Gral. Manuel A. Rodruguez 2431', '', '1416', 'BuenosAires', 'AR'),
('080594', 'Pepper Star', 'Station Tiguemi Ref 7507J', 'douar elkharba ait baha oumlal biou', '', '', 'MA-Agadir', 'MA'),
('080595', 'Polskie Jagody', 'Grupa Producentow Owocow', 'Olchowiec 117', '', '23-413', 'Obsza', 'PL'),
('080596', 'Pronk Groenten & Fruit', 'Handelmij. M.J. Pronk M.V.', 'Groothandelsmarkt 2', '', '1681', 'NNZwaagdijk', 'NL'),
('080597', 'Palmagri', '', 'Boulevard Zerktouni 277-279', '', '20250', 'Casablanca', 'MA'),
('080599', 'Teboza B.V.', '', 'Zandberg 14B', '', '5988', 'NWHelden', 'NL'),
('080600', 'Puliberries S.L.', '', 'Pg El Corchito Parcelas 21,22 Y 23', '', '21830', 'Bonares(Huelva)', 'ES'),
('080603', 'Pepperwise B.V', '', 'Vinkenpeelweg 10', '', '5971', 'NJGrubbenvorst', 'NL'),
('080750', 'Q.S.L. SRL', '', 'Via Carducci N. 25', '', '', 'Milano', 'IT'),
('080751', 'Quality Fraise', '', '', '', 'B.', 'P4411-Larache', 'MA'),
('081056', 'Raimy Societe Agricole', 'S.A.R.L.', 'Rue 6 Quartier Industriel', '', '', 'Kenitra', 'MA'),
('081190', 'Rüpke GbR', '', 'Dorfringstr. 5', '', '27336', 'Häuslingen', 'DE'),
('081901', 'la Rabida, SAT', 'Comercial Agricola', 'Apdo Correos 55', '', 'E-21810', 'PalosdelaFrontera', 'ES'),
('081903', 'Carmen Romero - Becker', '', '', '', '', 'Köln', 'DE'),
('081904', 'Riso Giovanni', '', 'Viale Aldo Moro 25/27', '', '70043', 'Monopoli(Bari)', 'IT'),
('081905', 'OGM Mittelbaden EG', 'Obstgroßmarkt', 'Konrad-Adenauer-Str. 16', '', '77704', 'Oberkirch', 'DE'),
('081906', 'Regalfruit s.r.l.', '', 'Loc. Campofreddo, 5', '', '75028', 'Tursi(MT)', 'IT'),
('081907', 'Agricola Rolandis, S.L.', '', 'Espalda de Estacion', '', '30367', 'LosBeatos(Cartagena)', 'ES'),
('081908', 'Exp. Rancagna', '', '', '', '', 'Chile', 'CL'),
('081909', 'Frutas Hnos. Rodriguez', 'P.I. Huerta Marquez', 'C/ Conada del Pilar, 2', '', '21440', 'Lepe(Huelva)', 'ES'),
('081911', 'RIVA Fruits', '', '', '', '', 'Riva', 'ES'),
('081912', 'Joaquin Robles', '', '', '', 'E-Palos', 'delaFrontera', 'ES'),
('081913', 'Rheinische Früchtewelt', '', 'Mühlgraber Str. 20', '', '53340', 'Meckenheim', 'DE'),
('081914', 'Rapsomatiotis', '', '', '', '', 'GR-', 'GR'),
('081915', 'SN Comptoir Rhodanien', '', '26600 Tain l´Hermitage', '', 'Zone-', 'Artisanale', 'FR'),
('081916', 'RED FIELDS, LDA', '', 'PQ IND. Vendas Novas, Rua 2 Armz.17', '', '7080-341', 'VendasNovas', 'PT'),
('081918', 'Heinz Rötzer GmbH', 'Fruchthandel', 'Thalkirchner Str. 81', '', '81371', 'München', 'DE'),
('081919', 'Fruits Rouges du Perigord', 'La Chune', 'La Chune', '', '24540', 'Capdrot', 'FR'),
('081920', 'Rhodacoop', '', '', '', '07370', 'Sarras', 'FR'),
('081923', 'Frutas La Rotena, S.L.', '', 'Polg. Ind. El Chorillo, 5-6', '', '21440', 'Lepe(Huelva)', 'ES'),
('081924', 'Las Vendiolas, S.L.', '', 'C/. Tras Campana, 10', '', '21450', 'Cartaya(Huelva)', 'ES'),
('081925', 'Ribera del Tinto', '', 'Limones, 34', '', '21800', 'Moguer(Huelva)', 'ES'),
('081926', 'Rech Hermann', '', 'Werthhoverstr.18', '', '53501', 'Neiderich', 'DE'),
('081928', 'Frutas Remolino S.L.', 'C.I.F. S-21154109', 'Polg. El Agarrobito, Parc 71-72', '', '21800', 'Moguer(Huelva)', 'ES'),
('081940', 'Ramafrut', '', 'Ctra. Benaguasil - Benosanó , s/n', '', 'E-Benaguasil', '(Valencia)', 'ES'),
('081941', 'Daniel Rivoire', '', '', '', 'F-26600', 'GrangeslesBeaumont', 'FR'),
('081942', 'Monika Rönn', '', 'Pater Müller St. 1', '', '81942', 'Meckenheim', 'DE'),
('081943', 'Bernd Rösch', 'Obstbau', 'Oberdorfstr. 14', '', '53340', 'Meckenheim-Ersdorf', 'DE'),
('081945', 'Peter Rötsch', 'Nachfolger: K.H. Mehring', 'Weseler Str. 91 / Postfach 101332', '', '45413', 'Mülheim/Ruhr', 'DE'),
('081946', 'Erdbeer-Hof Rövershagen', '', 'Purkshof 2', '', '18182', 'Rövershagen', 'DE'),
('081947', 'Rönn, Otto', '', 'Schönbergstraße 88', '', '53501', 'GrafschaftEsch', 'DE'),
('081949', 'Rivoire Jerome', '', '', '', '26600', 'GrangesLesBeaumont', 'FR'),
('081950', 'Reemco', 'Import - Export - Logistics', 'Nieuwpoortsesteenweg 889 box 19', '', '8400', 'Oostende', 'BE'),
('081951', 'Entre Rios', '', 'Casilla 210', '', 'Linaves', '/Chile', 'CL'),
('081952', 'Les Vergers Reunis', '', '13-15 Route de Lyon', '', '26600', 'PontdeL´isere', 'FR'),
('081954', 'Revita Plant Buna d.o.o.', '', 'Kralja P. Kresimira IV. bb', '', '88000', 'Mostar', 'BA'),
('081955', 'Rewe Wesel', '', '', '', '', 'Wesel', 'DE'),
('081956', 'Leo Randerath Obstgroßhandel GmbH', '', 'Ferdinand-Porsche-Str. 7', '', '52525', 'Heinsberg', 'DE'),
('081958', 'Rumpler-Fruchthof GmbH', '', 'Dietzhof 2', '', 'D-91359', 'Leutenbach', 'DE'),
('081959', 'Rahdener Spargel & Beerenfrüchte', '', 'Nuttelner Str. 50', '', '32369', 'Rahden-Tonnenheide', 'DE'),
('081960', 'Riel Fruchthandel', '', 'Hauptstr. 371', '', '77694', 'Kehl', 'DE'),
('081961', 'Roveg', '', 'Nijverheidsweg 20', '', '2742RG', 'Waddinxveen', 'NL'),
('081968', 'Red & Blueberries LTDA', '', 'Viluco S/N Longitudinal Sur RM 179', '', 'Curico', '/Chile', 'DE'),
('081969', 'Exportadora San Rafael', '', 'Av.del Valle N´ 850', '', 'Huechura-Santiago', 'Chile', 'CL'),
('081970', 'S.A.T. n^4.877', 'La Redondela', 'Finca Dehesa del Taray', '', '21430', 'LaRedondelaHuelva', 'ES'),
('081971', 'RUI PEDRO DA MOTA VIEIRA RIBEIRO', '', 'Travessa da Abudela 273', '', '4455-024', 'Lavra', 'PT'),
('082600', 'Sudfrut S.R.L.', '', 'Via Casamassima n.c.', '', '70016', 'Noicattaro(BA)', 'IT'),
('082602', 'Simone di Vito Simone & C.', '', 'Str. Prov. per Gioia, n.c.', '', '70010', 'Turi(Bari)', 'IT');
INSERT INTO `vendor` (`No`, `name`, `name_2`, `street`, `street_2`, `PO_code`, `city`, `country_code`) VALUES
('082603', 'Sunfields', '', 'M.I.N. 63', '', '84953', 'CavaillonCedex', 'FR'),
('082604', 'Saint-Charles Sud', '', '', '', '66034', 'PerpignanCedex', 'FR'),
('082605', 'Sud Fruits', '', 'Rue d´Almeria', '', '66034', 'Perpignan', 'FR'),
('082606', 'Sapor Fruit & C S.r.l.', '', 'Str. Priv. Didonna, 16', '', '70016', 'Noicattaro(BA)', 'IT'),
('082607', 'Sabatelli Vito Antonio', '', 'Via Ponchelli, 14', '', '70014', 'Conversano(BA)', 'IT'),
('082608', 'Special Fruit NV', '', 'De Wenenstraat 6', '', '2321', 'Meer', 'BE'),
('082609', 'St. Charles Primeurs', '', 'Saint-Charles', '', 'F-66034', 'Perpignan', 'FR'),
('082610', 'Extraberries SA', 'Departamento de Logistica', 'Reconquista 1166 Piso 8', '', 'C1003', 'ABX,BuenosAires', 'AR'),
('082611', 'Richard Schaugg', 'Obstgroßmarkt', 'Stockwiesen 1', '', '88097', 'Eriskirch', 'DE'),
('082612', 'Santobuono SRL', '', 'Via 4 Regina,3/4', '', 'I', '71044MargheritaDi-Savoia', 'IT'),
('082613', 'SA Silene', '', '2, place Stalingrad', '', 'F-47400', 'Tonneins', 'FR'),
('082614', 'Sica - Sicodis', 'Dépositaire Marque Sicoly', '475, Route de Mornant', '', 'F-69440', 'Saint-Laurent-D´Agny', 'FR'),
('082615', 'Savi B.V.', '3802 HZ Zon Fresh Park', 'Venrayseweg 114G', '', '5928', 'RHVenlo', 'NL'),
('082616', 'Primeurs des Iles', 'Severe', 'Zone de Conditionnement BP 53', '', '22502', 'PaimpolCedex', 'FR'),
('082617', 'Spanfruits', '', 'Zone C Grand St. Charles', '', '66031', 'PerpignanCedex', 'FR'),
('082618', 'Jean-Louis Sovécopé', '', 'M. Planche', '', '24250', 'Nabirat-SarlatFrance', 'FR'),
('082619', 'SFI Rotterdam BV', '', 'Marconistraat 31 (harbour nr. 26)', '', '3029', 'AGRotterdam', 'NL'),
('082620', 'Willi Sinn GmbH', 'Früchtegroßhandel', 'Am Großmarkt 8', '', '67133', 'Maxdorf', 'DE'),
('082621', 'Soldebre i Seccío de Crèdit', '', 'Ctra. Rával de Crist, s/n', '', '43500', 'Tortosa', 'ES'),
('082622', 'Scops Fraiche of Morrocco', '', '324, Lot. Maghreb al Jadid', '', '', 'Larache', 'MA'),
('082623', 'SH Quality GmbH & CO KG', '', 'Münsterstr. 43', '', '49219', 'Glandorf', 'DE'),
('082624', 'Soloberry S.L.', '', 'C/Alcalde Antonio Batista No 46', '', '21800', 'Moguer(Huelva)', 'ES'),
('082625', 'SouthAmerican Trendy S.A.', '', 'Av. Corrientes 1189 5°P', '', '1043', 'CiudadDeBuenosAires', 'AR'),
('082626', 'Shine Chile Proyectos Inversiones', 'Limitada', 'Liucura Parcela 64 Reumen sin Numer', '', '5230000', 'Valdivia,Paillaco', 'DE'),
('082628', 'Softberry, LDA', '', 'R. Filipe Folque No. 17-1 Dto', '', '1050-111', 'Lisboa', 'PT'),
('082633', 'Sofruce', 'Import - Export', '135 Avenue Georges Causiler', '', '66011', 'PerpignanCedex', 'FR'),
('082634', 'Samson S.A.', '', '17, Rue de Chateaurenard Bat.E2', '', 'F-94572', 'RungisCedex', 'FR'),
('082635', 'Seba Dis Ticaret Nakliyat A.S.', '', 'Fatih Mah Yakacik Cad. No 23 Samand', '', '', 'Istanbul', 'TR'),
('082637', 'Simo Natur S.L.', '', 'Mercabarna, Iongitudinal 4,', '', '08040-', 'Barcelona', 'ES'),
('082638', 'Solfruit Internatinal B.V.', '', '2988 DC Ridderkerk', '', '', 'Niederlande', 'NL'),
('082639', 'Solfruit GmbH', 'Fruchthandels-Agentur', 'Neuffenweg 1', '', '73269', 'Hochdorf', 'DE'),
('082641', 'Paul Schmitz', '', 'Rheinallee 22', '', '46509', 'Xanten', 'DE'),
('082642', 'Franz Schmitt GmbH & Co. KG', 'Großmarkthalle München', 'Thalkirchner Str. 81', '', '81371', 'München', 'DE'),
('082643', 'Frank Schmitt', 'Obsthof', 'Werthofener Str. 34', '', '53501', 'Grafschaft-Oeverich', 'DE'),
('082645', 'Peter Schröder', '', 'Alte Kemmerhofstr. 197', '', '47802', 'Krefeld', 'DE'),
('082651', 'Manfred Schöneck', '', 'Kirchstr. 22', '', '53343', 'Wachtberg-Adendorf', 'DE'),
('082652', 'Franz-Josef Schäfer', '', 'Graf-Otto-Str. 20', '', '53501', 'Grafschaft-Eckendorf', 'DE'),
('082653', 'Schmidt, Gebr.', '', 'Brückenhofstr. 14', '', '53359', 'Rheinbach', 'DE'),
('082654', 'Schmitt, Wilfried', '', '', '', '', 'Warmersdorf', 'DE'),
('082655', 'Frank Schmitt', 'Obsthof', 'Werthofener Str. 34', '', '53501', 'Grafschaft-Oeverich', 'DE'),
('082656', 'Schmitter Gartenbaubetrieb', '', 'Am Hellenberg 19', '', '41334', 'Nettetal(Leuth)', 'DE'),
('082657', 'Soler Fayos S.L', '', '', '', 'La', 'PobladelDuc', 'ES'),
('082658', 'Sonntag, Josef', '', 'Oevericher Str. 65', '', '53343', 'Wachtberg', 'DE'),
('082659', 'Soprom', '', '', '', 'F-82270', 'Montpezat-De-Quercy', 'FR'),
('082660', 'Sdad. Coop. Sacoje', '', '', '', '30816', 'LaHoya(Murcia)', 'ES'),
('082661', 'Frutas Sanchez', 'Marché d`Interet National', '34 Rue Casimir Perrier', '', '69297', 'LyonCedex02', 'FR'),
('082663', 'Sadpol', '', 'Wierzbica', '', '05-140', 'Serock', 'PL'),
('082664', 'Sadpol / Radecki', 'Wojewodztwo mazowieckie', 'Broniszew 4', '', '05-610', 'Goszczyn', 'PL'),
('082666', 'Schmitz, Karl-Heinz', '', '', '', '', 'Eckendorf', 'DE'),
('082667', 'Starfruit', '', '', '', 'GR-200', '02TarsinaKorinth', 'GR'),
('082668', 'Sud Contact', 'Parc Delta - Route d´Arles', 'RN 113 - KM 4.5', '', '30230', 'Bouillargues', 'FR'),
('082669', 'Hans-Josef Schmitt', 'Obstbau', 'Dr.-Josef-Ströder-Str. 3', '', '53913', 'Swisttal-Mömerzheim', 'DE'),
('082670', 'Hans-Peter Schugt', '', 'Deutschherrenstr. 184', '', '53179', 'Bonn', 'DE'),
('082671', 'Schliephake, Raimund', '', 'Altenwahlingen 60', '', '29693', 'Böhme', 'DE'),
('082673', 'Otto Schmitz-Hübsch GbR', 'Obstbau', 'Bonn-Brühler-Straße 14', '', '53332', 'Bornheim-Merten', 'DE'),
('082674', 'Schyns', '', '', '', '', 'Jülich', 'DE'),
('082675', 'Peter Schöneseiffen', '', 'Bonner Str. 68', '', '53501', 'Gelsdorf', 'DE'),
('082676', 'Peter u. Michael Schumacher', '', 'Frenzenstr. 122', '', '50374', 'Erftstadt-Konradsheim', 'DE'),
('082677', 'Schmidt, Dennis', '', 'Seegarten 2', '', '29581', 'GroßSüstedt', 'DE'),
('082678', 'Sica Eolys', 'Primeurs des iles', 'BP 53', '', '22502', 'PaimpolCedex', 'FR'),
('082679', 'San Doo', '', 'Skl. Vlastitog Proizvoda', '', '76300', 'Bijeljina', 'ES'),
('082681', 'Shawky Enterprise', '', '', '', '', 'Kairo', 'EG'),
('082682', 'Sofresco AG', '', 'Baarestresse 53/55', '', '6304', 'Zug.Switzerland', 'CH'),
('082683', 'GS Obstplantage Schemmel', 'GmbH & Co.KG', 'Sundern 1', '', '32108', 'BadSalzuflen', 'DE'),
('082684', 'Simba Hungary KFT', '', 'Kossuth 26', '', '5665', 'Pusztaottlaka', 'HU'),
('082686', 'Sultar Tarim Ltd', '', 'Zafer Mah. 5 Eylül Cad. No:30/a', '', 'Sultanhisar', 'Aydin,Türkei', 'TR'),
('082687', 'Sunberry', 'Rafal Legucki', 'Trzylatkow Duzy 22a', '', '05-620', 'Bledow,Polen', 'PL'),
('082688', 'Slomp Renzo & Luciano', '', 'Via Paganella 79', '', 'I-38015', 'Lavis(TN)', 'IT'),
('082689', 'Sultar GmbH', '', 'Schäftlarnstr. 10', '', '81371', 'München', 'DE'),
('082690', 'Michael Scharein', 'Obst- und Gemüsebau', 'Heerweg 17', '', '27308', 'Kirchlinteln', 'DE'),
('082692', 'Schmuck Obstplantage', '', 'Rodenwalder Straße 18', '', '29690', 'Nienhagen', 'DE'),
('083835', 'So Farm So Good Lda', '', 'Urbanizacao Monte Carreira N^405', '', '4805-285', 'PonteGMR', 'PT'),
('084002', 'Stamm, Norbert', 'Obstanlagen Mönchhof', 'Großhamberg 13 b', '', '51399', 'Burscheid', 'DE'),
('084003', 'Stöver', 'Fruchthandels GmbH', 'Lange Str.25', '', '32839', 'Steinheim', 'DE'),
('084004', 'Sterr', '', 'Im Gässle 5', '', '72663', 'Großbettlingen', 'DE'),
('084005', 'Hans-Martin Sterr', 'Nesselbach', 'Schmiedsgasse 5', '', '74595', 'Langenburg', 'DE'),
('084006', 'Stralendorf Obstbau', 'Erdbeer- und Pflanzenhof', 'Pampowerstr.2', '', '19073', 'Stralendorf', 'DE'),
('084007', 'Strism S.A.R.L.', '', '', '', '', 'Larache', 'MA'),
('084011', 'M.Silverfruit', '', '', '', '81', 'OudayaMarrakech', 'MA'),
('084012', 'Stubenbordt, Nelleke', 'Hortulanushof', '', '', '67378', 'Zeiskam', 'DE'),
('084013', 'Socave Europe', '', 'Allee Paul Marquillanes', '', 'MI.ST', 'Charles-Perpignancedex', 'FR'),
('084014', 'Sukhmani Berries SL.', '', 'Pol. Ind. El Algarrobito', '', 'c/', 'REGADIO,NAVE43.', 'ES'),
('084017', 'SOFF d.o.o.', '', 'Brjink bb', '', '75246', 'Celic', 'IT'),
('084018', 'Staphylus Korinthos P.C.', '', 'Pigasou 19', '', '20100', 'Korinthos', 'GR'),
('084022', 'Spreafico Francesco & F.LLI S.p.A.', '', 'Via Cesare Lombroso n.54', '', '20137', 'Milano', 'IT'),
('084023', 'SB Berries S.A.', '', 'AV Del Condor 550 OF 406', '', '8580000,', 'Huechuraba', 'ES'),
('084024', 'Hendrik von der Stein GmbH', '', 'Adelkampstraße 68', '', '45147', 'Essen', 'DE'),
('084025', 'Gemüsebau Heinz Stoffers', '', 'Flünnertzdyk 215', '', '47802', 'Krefeld', 'DE'),
('084652', 'Schulte-Holthausen', '', 'Esselerstr. 12', '', '45665', 'Recklinghausen', 'DE'),
('084653', 'Schwabe, Andreas', '', 'Postfach 1458', '', '58734', 'Wickede', 'DE'),
('084654', 'Martin Schumacher GmbH', '', 'Am Seider 39', '', '47509', 'Kempen', 'DE'),
('084656', 'Serfel', '', 'Gd Saint Charles', '', '66033', 'PerpignanCedex', 'FR'),
('084658', 'Spargelhof Josef Spitz', '', 'Landfriedenstr. 38', '', '47669', 'Wachtendonk', 'DE'),
('084659', 'Splendor produce S. de RL de CV', '', 'Calle 16 de Septiembre # 239', '', '60300', 'LosReyes,Mich.', 'MX'),
('084660', 'Spargel- und Obsthof Sebbel', '', 'Westruper Str. 170', '', '45721', 'HalternamSee', 'DE'),
('084661', 'Fruct-Pol', 'Andrzej Sarnowski', 'Wierzbie 31', '', '62610', 'Sompoln', 'PL'),
('084662', 'Sunberry SP. Z.O.O', '', 'Gludna 6a', '', '05-620', 'Bledow', 'PL'),
('084664', 'SanLucar Deutschland GmbH', '', 'Zeppelinstr. 6', '', '76275', 'Ettlingen', 'DE'),
('084701', 'N.B. Tarim Seracililik Gida', '', 'Gürüsü Sebze Meyve Hali 24', '', 'Gürsu', 'Bursa', 'BA'),
('084702', 'TAL S.A.', '', 'Av. Poeta José Galvez', '', 'Lima', '/Peru', 'PE'),
('084703', 'TWF S.A.', '', '', '', 'Lima', 'Peru', 'PE'),
('084705', 'Tsiakiris Dimitrios', '', 'Palio 564', '', '65500,', 'Kavala', 'GR'),
('084706', 'Johannes Thelen', '', 'Heerstr. 3', '', '53501', 'Grafschaft-Eckendorf', 'DE'),
('084707', 'Tzelepi Bros', 'Import - Export', '', '', 'GR-Evaggelistria', 'Korinthias', 'GR'),
('084708', 'Tierras', '', '', '', '', 'Lepe', 'ES'),
('084709', 'TIS Gemüsehandels-GmbH', '', 'Im Häg', '', '67378', 'Zeiskam', 'DE'),
('084710', 'Timmermans & Zn.BV', '', 'Venrayseweg 114 Dok 1 en 2', '', '5928', 'RHVenloNL', 'NL'),
('084711', 'Techno Farm for Export', 'Techno Farm', 'Villa 72, 29th street, 3rd district', '', 'Sheikh', 'zayedcity', 'ES'),
('084714', 'Rainer Treffler', '', 'Düsterfeld 18', '', '46509', 'Xanten', 'DE'),
('084723', 'Thees Joachim', 'Obst- und Gemüsebau', 'Marschweg 27', '', '26203', 'Wardenburg', 'DE'),
('084724', 'Katharina Thien', 'Erdbeerhof', 'Roggenkamp 5', '', '49696', 'Ermke', 'DE'),
('084725', 'Tengelmann Fruta Espana, S.L.', 'Trade Center Primado Reig', 'Calle Daniel Balaciart No. 2y4', '', '46020', 'Valencia', 'ES'),
('084726', 'Tengelmann Frutta Italia', '', 'Piazza Artom, c/o Mercafir - A12', '', '50127', 'Firenze', 'IT'),
('084727', 'Thames Fruit Ltd.', '', 'Camino de iryda', '', '03190', 'PilardeLaHoradada', 'ES'),
('084728', 'Terra Group Fruta, S.L.', '', '', '', 'E-12530', 'Burriana(Castellón)', 'ES'),
('084730', 'Thiermann GmbH', '', 'Scharrinhausen 23', '', '27245', 'Kirchdorf', 'DE'),
('084731', 'Tre Corone', 'Obst & Gemüse Erzeuger', 'Marktstr. 10', '', '50968', 'Köln', 'DE'),
('084732', 'Tecnovital S.A.', '', 'José Mármol 1215', '', 'C', '1255ABEBuenosAires', 'AR'),
('084733', 'Taktikos', '', '', '', '', 'GR-', 'GR'),
('084734', 'Top Fruit S.A.', '', '', '', '', 'GR-Korinth', 'GR'),
('084735', 'Teraneo', '', 'Z.A. Rue Henri Marchal', '', '66510', 'St.Hippolyte', 'FR'),
('084736', 'TempoFrut Ltda.', 'Exportadora e Inversiones', 'Constitucion, 681- Oficina No 4', '', '', 'Chillán', 'ES'),
('085004', 'Tibifres, S.L.', '', 'Polg. Algarrobito, Parcela 5', '', '21800', 'Moguer(Huelva)', 'ES'),
('085005', 'Tasemar S.C.A.', '', 'Avda. Calancha, S/N', '', '21720', 'RocianadelCondado', 'ES'),
('085008', 'Tom´Sud', '', 'M.I. Saint-Charles', '', '66034', 'PerpignanCedex', 'FR'),
('085009', 'Tip Top Fruit S.L.', '', 'Barriada la Portilla S.N.', '', '04610', 'CuevasdelAlmanzora', 'ES'),
('085010', 'Norbert Trabes', '', 'Am Waldeck 4', '', '64579', 'Gernsheim', 'DE'),
('085011', 'Terra Natura International BV', '', 'Honderdland 411', '', '2676', 'LVMaasland', 'NL'),
('085012', 'Ram Dis Ticaret A.S.', '', 'Energy Plaza Kat:2', '', 'Beykoz', '34805Istanbul', 'TR'),
('085014', 'Cuevas Bio S.A.T.', '', 'Ctra. Guazanara- Los Guiraos- Km 1', '', 'Cuevas', 'delAlmanzora', 'ES'),
('085015', 'Tiedemann´s Heidelbeeren', 'Peter Tiedemann', 'Seth 1', '', '21769', 'Lamstedt', 'DE'),
('085016', 'Tichero Evros, A.S.K.G.E.', '', '', '', '68003', 'TicheroEvros', 'GR'),
('085018', 'Gesundes von Feld und Wald', 'Handel mit Biolebensmittel e.K.', 'Tannenweg 10', '', '97854', 'Steinfeld', 'DE'),
('085019', 'Terra Agricola S.L.', '', 'C/Goya, 2-A', '', '30730', 'SanJavier', 'ES'),
('085021', 'Compania Industrial de Tabacos', '', 'Avenida Chacaltaya No. 2141', '', 'La', 'Paz-Bolivien', 'BO'),
('085022', 'Terra Exports LLC', '', 'S. Maryland PKWy, Suite A 5 to 159', '', '9850', 'LasVegasNevada', 'US'),
('085404', 'Unidor', '', '', '', '66031', 'PerpignanCedex', 'FR'),
('085406', 'Hof Umberg', '', 'Overhagener Feld 10', '', '46244', 'Bottrop-Kirchhellen', 'DE'),
('085407', 'Union Iberia', '', '', '', '', 'Spanien', 'ES'),
('085408', 'Union Agr.Coop. Iraklion', '', '', '', '', 'GR-Iraklion', 'GR'),
('085409', 'B. Unkelbach', '', 'Ackerstr. 3', '', '53501', 'Grafschaft', 'DE'),
('085410', 'Ulrich', '', '', '', '', '47051', 'DE'),
('085411', 'Uruberry Carl', '', 'Parva Domus 2462', '', '11300', 'Montevideo', 'UY'),
('085412', 'Univeg Hamburg', '', 'Bredowstr. 18', '', '22113', 'Hamburg', 'DE'),
('085413', 'Uruguay Natural Berries', '', 'Minas 1434', '', '11200', 'Montevideo', 'UY'),
('085414', 'UNIVEG München', '', 'Oberländer Str. 2', '', '81371', 'München', 'DE'),
('085415', 'Univeg Deutschland GmbH', '', 'Billweg 3', '', '57076', 'Siegen-Weidenau', 'DE'),
('085416', 'Univeg Freiburg', '', 'Stübeweg 53', '', '79108', 'Freiburg', 'DE'),
('085417', 'Univeg Bremen', '', 'Am Winterhafen 5', '', '28217', 'Bremen', 'DE'),
('085418', 'Univeg Duisburg', '', 'Am Churkamp 20', '', '47059', 'Duisburg', 'DE'),
('085419', 'Universal Berries', '', 'Carr.Los reyes', '', 'CP60300', 'LosReyesMichoacan', 'MX'),
('086102', 'Union Cuatro Vientos, S.A.', '', 'Ctra. de Málaga, km 414', '', '04700', 'ElEjido(Almeria)', 'ES'),
('086103', 'Vitti s.r.l.', '', 'Via G. Carducci, 18', '', '70043', 'Monopoli(BA)', 'IT'),
('086104', 'Kria Vrisi', '', 'B`Synetairismos', '', '58300', 'KriaVrisi', 'GR'),
('086105', 'Villafrut s.r.l.', '', '', '', 'Villafontan', '(Verona)', 'IT'),
('086106', 'van der Staay', '', 'Koopliedenweg 3', '', '2990', 'AJBarendrecht', 'NL'),
('086107', 'Vergro N.V.', '', 'Veldstraat 3', '', '8760', 'Meulebeke', 'BE'),
('086108', 'Vicasol', '', 'Carretera de Malaga', '', '4738', 'Vicar(Almeria)', 'ES'),
('086110', 'Valdefrio', '', 'C/ Argentina, 28', '', '21440', 'Lepe(Huelva)', 'ES'),
('086111', 'V.M. Distribution', '', 'M.I. Saint Charles Box 22/23', '', '66033', 'PerpignanCedex', 'FR'),
('086113', 'van Gelder Asperges', '', 'Voltastraat 12c', '', 'NL-5928', 'PDVenlo-Blerick', 'NL'),
('086115', 'Vitagreen GmbH', '', 'von-Galen-Str. 2', '', '47638', 'Straelen', 'DE'),
('086116', 'Vocar Piramida d.o.', '', 'Cekrkcije 13', '', '71300', 'VisokoBosnien', 'BA'),
('086117', 'Vitalberry bv', '', 'Schanseind 16', '', '4921', 'PMMade', 'NL'),
('086118', 'Varesco Group', '', 'Bahnhofstr. 72', '', '39044,', 'Neumarkt/Egna', 'IT'),
('086125', 'Pere Torruella Vilella', '', 'Avda. Hispano Amarica', '', '21440', 'Lepe(Huelva)', 'ES'),
('086128', 'Vegex Fruit B.V.', 'Groenten & Fruit Import-Export', 'Horsterweg 8 Loods 3-1 (3803)', '', '5971', 'NEGrubbenvorst', 'NL'),
('086130', 'Vital Berry Marketing S.A.', 'Av. Del Parque No. 4680 of 503', 'Ciudad Empresarial, Huechuraba', '', 'Santiago', 'deChile', 'CL'),
('086131', 'Fernando Caballero Vidal', '', 'Innsbrucker Straße 64', '', '70329', 'Stuttgart(Uhlbach)', 'DE'),
('086132', 'SCA Valnantais', '', '40, BD Gustave Roch', '', 'F-44265', 'NantesCedex2', 'FR'),
('086133', 'Valentin Fruit', '', 'Contrada 4 Palazzine', '', '74010', 'CastellanetaMarina(TA)', 'IT'),
('086134', 'Viveros Angel Luis, S.L.', '', 'Poligono Villa-Julia Naves 1y2', '', '21450', 'Cartaya(Huelva)', 'ES'),
('086135', 'Vinet Freres S.A.', '', '58 BD Gustave Roch', '', '44261', 'NantesCedex2', 'FR'),
('086136', 'Valdegallo', '', '', '', '', 'Huelva', 'ES'),
('086137', 'Vöhringer Markus', 'Früchtegroßhandel', 'Nelkenstr.21', '', '88094', 'Oberteuringen/Hefigkofen', 'DE'),
('086138', 'Vanco', 'Import - Export', 'Waalstraat 290', '', '9870', 'Zulte(Belgien)', 'DE'),
('086139', 'Valle del Jerte', '', 'Ctra. National 110 Km. 381', '', '10614', 'ValdastillasCaceres', 'ES'),
('086140', 'Sica Les Paysans du Ventoux', '', '1607 Route de Caromb', '', '84380', 'Mazan', 'FR'),
('086141', 'van Vliet', '', 'Horsterweg 8, loods 12-2', '', '5971', 'Venlo', 'NL'),
('086142', 'vdh Fruchtagentur GmbH', '', 'Thalkirchner Str. 81', '', '81371', 'München', 'DE'),
('086143', 'Gustav Vöge KG', 'Fruchtgroßhandel', 'Asseler Str. 24', '', '21706', 'Drochtersen', 'DE'),
('086144', 'Firma', 'Peter Vetter GmbH', 'Am Yachthafen 2', '', '77694', 'Kehl', 'DE'),
('086145', 'Valstar Holland B.V.', '', 'ABC Westland 110', '', '2685', 'DBPoeldijk', 'NL'),
('086146', 'VitImEx GmbH', '', 'Bönninghardter Str. 88c', '', '46519', 'Alpen', 'DE'),
('086151', 'Vegexpress', '', 'Lot Chaaban 1 , Etage 1 No3', '', '', 'Larache', 'MA'),
('086316', 'Vith', '', 'Sperberweg 13', '', '53340', 'Altendorf', 'DE'),
('086317', 'Vinas S.A.', '', '45, Rue d`Avignon', '', '94574', 'RungisCedex', 'FR'),
('086318', 'Vraetz, Wilfried', '', 'Selfkantstr. 38', '', '52538', 'Selfkant-Heilder', 'DE'),
('086319', 'Veos Vertriebsgesellschaft für Obst', '', 'Hauptstraße 2a', '', '01809', 'Dohna/Röhrsdorf', 'DE'),
('086320', 'Vitaltek Gida', 'Tekonolojilen Paz. San. Tic Ltd.', '', '', 'Y.', 'manhalleAnk', 'TR'),
('086321', 'VitalBerry GmbH', '', 'Urfelder Str. 65', '', '50389', 'Wesseling', 'DE'),
('086323', 'Viale', '', '26600 Tain- L´Hermitage', '', '', 'Frankreich', 'FR'),
('086324', 'Valdehondillo S.L.', 'C.I.F. B21504626', 'C/Moguer, 3 C.P.', '', '21.810', 'PalosdelaFrontera', 'ES'),
('086325', 'Vrganj Promet', '', 'Konjodor bb', '', '77245', 'Buzim', 'BA'),
('086326', 'Valgren S.L.', '', 'Ctra. N.110, km 370', '', 'E-10610', 'CabezueladelValle', 'ES'),
('086327', 'Veiling Hoogstraten cvba', '', 'Loenhoutseweg 59', '', '2320', 'Hoogstraten', 'BE'),
('086328', 'Valle y Pampa', '', 'Av. La Mar No. 662, Suite 203', '', 'PER-Miraflores,', 'Lima18', 'PE'),
('086329', 'Z.Z. Vocna Dolina', '', 'Stupcevici B.B.', '', '31230', 'Arilje', 'RS'),
('086330', 'Coop. Camp. Apicola Valdivia Ltda.', '', 'Balmaceda 150', '', '5230000', 'Paillaco', 'ES'),
('086801', 'Wielkopolska Gielda Rolno Ogrodnicz', '', '', '', '61-302', 'Poznan', 'PL'),
('086802', 'H. van Walderveen & Zn. BV', '', 'Laagraven 17-19', '', '3439', 'LGNieuwegein', 'NL'),
('086804', 'P. van Wylick', '', 'Lützowstr. 28 b', '', '45141', 'Essen', 'DE'),
('086805', 'Wuest', '', '', '', '', 'Kammsheim', 'DE'),
('086806', 'Erzeugergroßmarkt Weyers GmbH', 'Sunfresh', 'Niederhelsum 12', '', '47652', 'Weeze', 'DE'),
('086807', 'Leo Wefers GmbH', '', 'Auf der Höhe 10 / Großmarkt', '', '47059', 'Duisburg', 'DE'),
('086808', 'Obstbau Friedrich Weber', '', 'Pater Müller Straße 4', '', '53340', 'Meckenheim-Ersdorf', 'DE'),
('086809', 'WAFA France', '', 'B.P. 5448', '', 'F-66037', 'Perpignan', 'FR'),
('086810', 'Warband Erdbeer und Spargelhof', '', 'Oldenburgerstr.36', '', '26655', 'Westerstede', 'DE'),
('086811', 'Erdbeer-Hof Warnsdorf', '', '', '', '23626', 'Warnsdorf/Ratekau', 'DE'),
('086812', 'Westerkamp K.', '', 'Pickerweg 14', '', '49424', 'Westerlutten-Goldenstedt', 'DE'),
('086813', 'Christoph Watzig', 'Obstbau', 'Landskroner Str. 157', '', '53501', 'Grafschaft-Leimersdorf', 'DE'),
('086814', 'Wassmer, Fritz', '', 'Im Reihen 2', '', '79189', 'BadKrozingen', 'DE'),
('086815', 'Widmann, Peter', '', 'Thalkirchner Str. 129', '', '81371', 'München', 'DE'),
('086816', 'Wilfried Wißkirchen', '', 'Rheinbacher Str. 21', '', '53340', 'Meckenheim-Endorf', 'DE'),
('086817', 'WBG Partners', '', 'ul. Bukowska 146', '', 'POL-60-197', 'Poznan', 'PL'),
('086819', 'Warbeyener Erdbeerparadies', 'Franz-Josef Arntz', 'Kropse Weg 102', '', '47533', 'Kleve', 'DE'),
('086820', 'Werder-Frucht GmbH', '', 'Am Frucht- und Frachthof 6', '', '1450', 'GroßKreutz', 'DE'),
('086821', 'Wittrock Obsthandel', '', 'Albaxer Str. 42', '', '37671', 'Höxter', 'DE'),
('086822', 'Wegener Erdbeerhof Osterloh', 'Gustav Wegener & Sohn GmbH u. Co KG', 'Halter 21', '', '49424', 'Visbek', 'DE'),
('086823', 'Weiler Markus', '', 'Unterdorfstrasse 11', '', '53340', 'Meckenheim-Ersdorf', 'DE'),
('086824', '86837', '', 'O.L.Vr. ter Duinenlaan 209', '', '4641', 'RSOssendrecht', 'NL'),
('086825', 'J.H. Wagenaar Fruchthandel GmbH', '', 'Bellstraße 47', '', '47906', 'Kempen', 'DE'),
('086826', 'Wilko Fruits b.v.', '', 'Int.Agro Business Center 5212', '', '4814', 'RABreda', 'NL'),
('086827', 'Wilderhof BVBA', '', 'Wilderstraat 103', '', '3840', 'Borgloon', 'BE'),
('086829', 'SelBerry', 'Frutos Hnos. Pulido S.L.', 'C/plog. Corchito, 18-19 C.P', '', '21830', 'Bonares(Huelva)', 'ES'),
('086830', 'Weitz, Josef', 'Früchte und Landprodukte', 'Am Lindentor 7a', '', '47259', 'Duisburg', 'DE'),
('086831', 'Ralf Wisser GmbH', '', 'Josef-Eicher-Str. 10', '', '60437', 'Frankfurt/Main', 'DE'),
('086832', 'Wermil Handels GmbH', '', 'Schäftlarnstraße 10', '', '81371', 'München', 'DE'),
('086833', 'Wojcicki Jan "JMJ"', '', 'Zadole 38A', '', '24-300', 'OpoleLubelskie', 'PL'),
('086834', 'Wista', 'Katarzyna Pyster', 'Romanowo 3', '', '62-610', 'Sompolno', 'PL'),
('086835', 'Wafra for Export', '', '251, 4th touristic zone', '', '6th', 'ofoctober,Giza,Egypt', 'EG'),
('086837', 'van Wylick', 'Berlin', 'Beusselstraße 44q', '', '10533,', 'Berlin', 'DE'),
('086838', 'Weyers GmbH', '', 'Venrayseweg 192', '', '5928', 'RHVenlo', 'NL'),
('086841', 'Arnulf Weiller GmbH', '', 'Am Gärwald 4', '', '76863', 'Herxheim', 'DE'),
('086842', 'Wijnen Square Crops', 'Pepperwise B.V.', 'Vinkenpeelweg 10', '', '5971', 'NJGrubbenvorst', 'NL'),
('087000', 'Station YAHI', 'Km 35, R.S. 206', 'B.P. 26, Sidi Altal Tazi', '', '', 'Kénitra', 'MA'),
('087001', 'Yuzbashyan, Ashot', 'AB 0378123 No. 27', '5th Gay Str.', '', '', 'Yerevan', 'AM'),
('088901', 'Zimmermann GmbH & Co.KG', '', 'Großmarkthalle', '', '50968', 'Köln(Bayenthal)', 'DE'),
('088902', 'Zoutewelle Import B.V.', '', 'Handelscentrum Z.H.Z. 24', '', '2991', 'LDBarendrecht', 'NL'),
('088903', 'Siegfried Zelger GmbH', '', 'Postfach 750973', '', '81339', 'München', 'DE'),
('088904', 'Bács-Zöldért', '', 'Borbas 10', '', '6000', 'Kecskemet', 'HU'),
('088905', 'Zwaardfruit B.V.', 'Freshworld Barendrecht', 'Handelsweg 180', '', 'NL-2988', 'DCRidderkerk', 'NL'),
('088906', 'Zahariadakis', '', '', '', '', 'GR-Kreta', 'GR'),
('088908', 'Jürgen Zimmer', '', '', '', '53340', 'M.-Altendorf', 'DE'),
('088909', 'Hubert Zimmer', '', 'Flerzheimer Strasse 17', '', '53359', 'Rheinbach-Ramershoven', 'DE'),
('088910', 'Bio-Center Zann', 'B.V. Handelsonderneming E. Zann', 'Weg en Land 9', '', '2661', 'DCBergschenhoek', 'NL'),
('088911', 'Grupo KF S.R.L', '', 'Zavalia 2175', '', 'Buenos', 'Aires', 'AR'),
('088912', 'Zaltbommel en Omstreken B.A.', 'Veiling-Zaltbommel', 'Stationsweg 28', '', '5301', 'KHZaltbommel', 'NL'),
('088913', 'Paiva de Oliveira', 'De Oliveira Paiva', 'Rua Pinho Leal No. 1426', '', '4525-455,', 'Vale-VFR', 'PT'),
('088914', 'Campos Goncalves Coutinho', 'Alexandra Isabel Lobo', 'Rua Sophia Mello Breyener Lote E1', '', '4700-752', 'Palmeira-Braga', 'PT'),
('088915', 'Fernandes Teixeira', 'Jose Nuno', 'Rua do Pereiro no 4-Salvador', '', '4870-126', 'RibeiradePena', 'PT'),
('090032', 'Almar Paletten GmbH', '', 'Weseker Weg 47', '', '46354', 'Südlohn', 'DE'),
('090035', 'Swen Adermann', 'Bio Großhandel & Packstation', 'Gewerbestr. 2', '', '50389', 'Wesseling', 'DE'),
('090396', 'Blaubeergarten GmbH', '', 'Hauptstr. 35', '', '29690', 'Grethem', 'DE'),
('090724', 'Cerozfrucht', 'CZ62908278', 'NA Vysluni 765/23', '', 'CZ-100', '00Praha10', 'CZ'),
('090731', 'CE-PE Wellkisten GmbH + Co. KG', '', 'Wildecker Straße 12', '', '99837', 'Berka/Werra', 'IT'),
('090739', 'Cargo Plast GmbH', '', 'In Oberwiesen 23', '', '88682', 'Salem', 'IT'),
('091412', 'Euro Pool System International (Deu', '', 'Rosental 8', '', '53332', 'Bornheim', 'DE'),
('091416', 'Obstbau Eupen', '', 'Dr.-Schröder-Str. 17', '', '53913', 'Swisttal-Mömerzheim', 'DE'),
('091436', 'EZS Identtechnik Gmbh', '', 'Welserstraße 4', '', '87463', 'Dietmannsried', 'DE'),
('091865', 'Cooperativa Agricola Frutivinhos', 'siehe Lieferant 91867', 'Lugar Senhor dos Pedoes', '', '760727', 'VilaNovadeFamalicao', 'PT'),
('091867', 'Fruitivinhos Coop. Agric.V.N. Famal', '', 'Lugar Senhor dos Perdoes', '', '4760727', 'Ribeiro', 'PT'),
('091968', 'Royal Fruits', '', '1 Hassan Aflatoun', '', 'Nasr', 'City-Cairo', 'EG'),
('092110', 'Gartner Speditions GmbH', 'Niederlassung Kehl', 'Otto-Hahn-Straße 12', '', '77694', 'Kehl-Auenheim', 'DE'),
('092117', 'Onubafruit S.L.', '', 'Calle Lentisco s/n', '', '21001', 'Huelva', 'ES'),
('092118', 'Godeland GmbH', '', 'Kirchenstr. 13', '', '25709', 'Kronprinzenkoog', 'DE'),
('092138', 'Gordo Pack GmbH', 'Folienwerk', 'Schlosserstr. 31', '', '51789', 'Lindlar', 'IT'),
('092451', 'Heveco logistics B.V.', '', 'Venrayseweg 134 B', '', '5928', 'RHVenlo-Grubbenvorst', 'NL'),
('092502', 'Karl Huber', 'Kistenfabrik, Holzverpackungen', 'Renchtalstr. 1', '', '77728', 'Oppenau', 'IT'),
('092692', 'Smit´s Uien BV', '', 'Elbe 33', '', '2491', 'BTDenHaag', 'NL'),
('092802', 'IFCO SYSTEMS GmbH', '', 'Zugspitzstr. 7', '', '82049', 'Pullach', 'IT'),
('092805', 'Infia S.r.L', 'nur Verpackung', 'Via Caduti di Via Fani 85', '', 'I-Bertinoro', 'FC', 'IT'),
('092812', 'INTERSEROH Dienstleistungs GmbH', '', 'Stollwerckstraße 9a', '', '51149', 'Köln', 'DE'),
('093173', 'Transportes J. Carrion S.A,U.', '', 'Pablo Picasso 1', '', '04230', 'HuercaldeAlmeria', 'ES'),
('093513', 'Josef Kruse', 'Obsthandel', 'Alte Str. 4', '', '49632', 'Essen', 'DE'),
('093516', 'Kempen Transport BV', '', 'Venrayseweg 123', '', '5928', 'RHVenlo', 'NL'),
('093855', 'Leible-Seifried', 'Internationale Spedition', '', '', '76327', 'Pfinztal', 'DE'),
('093874', 'Lukassen & Zn.', '', 'Laagraven 11-13', '', '3439', 'LGNieuwegein', 'NL'),
('093881', 'Lorentzen & Sievers GmbH', '', 'Immenhacken 3', '', '245558', 'Henstedt-Ulzburg', 'IT'),
('093889', 'lc packaging BV', '', 'Venrayseweg 102G', '', '5928', 'RHVenlo', 'NL'),
('093894', 'Linde Handels GmbH', '', 'Siegerslebener Hauptstr. 27', '', '39365', 'Eilsleben', 'DE'),
('094131', 'Model GmbH', '', 'Wildecker Straße 12', '', '99837', 'BerkaWerra', 'DE'),
('094175', 'maag GmbH', '', 'Leckingser Str. 12', '', '58640', 'Iserloh', 'DE'),
('094179', 'MultiPrint GmbH', '', 'Solinger Straße 19', '', '45481', 'Mülheima.d.Ruhr', 'DE'),
('094180', 'M & M GmbH', '', 'Hansestr. 3-9', '', '41352', 'Korschenbroich', 'DE'),
('094202', 'Karl Müller', 'Spedition', 'Springstr. 16', '', '59494', 'Soest', 'DE'),
('094234', 'NNZ GmbH', '', 'Zeppelinstr. 5', '', '21337', 'Lüneburg', 'DE'),
('094238', 'Nordfrost GmbH + Co KG', '', 'Beckerfelder Straße 96', '', '47269', 'Duisburg', 'DE'),
('094250', 'Naturabiomat GmbH', '', 'Industriestr.  55-57', '', '48432', 'Rheine', 'IT'),
('094270', 'PLUG Verpackungs GmbH', '', 'Marktweg 54', '', '50354', 'Hürth', 'DE'),
('094284', 'Plastic Company S.r.l.', '', 'Via Alpi 95', '', '12088', 'RoccaforteMondovi', 'IT'),
('094288', 'Polytrade', '', 'Am Industriepark 2-10', '', '21514', 'Büchen', 'IT'),
('094301', 'QFS Sp.zo.o', '', 'ul. Sienna 85/72', '', '00-815', 'Warszawa', 'PL'),
('094305', 'Phalada Agro Research', 'Foundations Pvt Ltd.', 'Magadi main Road', '', '560091', 'Bangalore-Indien', 'IN'),
('095191', 'Rondo Ganahl AG', '', 'Rotfarbweg 5', '', '6820,', 'Frastanz', 'AT'),
('095318', 'Smurfit Kappa Neuss GmbH', '', 'Am Fuchsberg 8', '', '41468', 'Neuss-Uedemsheim', 'DE'),
('095319', 'Berryfarm Sil Moonen BV', '', 'Mortel 27', '', '6088', 'AHRoggel', 'NL'),
('095355', 'Sommer & Backhaus GbR', 'Obst und Gemüsekisten', 'Zum Gewerbepark 1', '', '27243', 'Kirchseelte', 'IT'),
('095940', 'Surberry S.L.', 'ESB 21544671', 'C/Lentisco 3 / Office 25', '', '21001', 'Huelva', 'ES'),
('096127', 'Bivano GmbH', '', 'Marie Bernays Ring 39', '', '41199', 'Mönchengladbach', 'DE'),
('096751', 'Teoval Internacional Plast, S.L.', '', 'Ronda 9 de Octubre, Parcela 3', '', '46688', 'PolinyadelXuquer(Val.)', 'ES'),
('096780', 'Heike Thölking', 'Obst & Pflanzenhof', 'Viehstr. 3', '', '49377', 'Langförden-Hultrup', 'DE'),
('097054', 'Veripack Embalajes S.L.', '', 'Pol. Ind. Can Salvatella', '', '08210', 'BarberadelValles', 'ES'),
('097076', 'vitembal GmbH Verpackungsmittel', '', 'Kopernikusstraße 21', '', '50126', 'Bergheim/Erft', 'DE'),
('097436', 'Westfrucht', '', 'Fröndenbergstr. 26', '', '44287', 'Dortmund', 'DE'),
('097439', 'Van der Windt Verpakking B.V.', '', 'Nieuweweg 10', '', '2675', 'BCHonselersdijk', 'IT'),
('098000', 'Zon fruit & Vegetables Verpakking', '', 'Venrayseweg 104', '', '5928', 'RHVenlo', 'NL'),
('099802', 'Dieter Schwerin - Dienstleistungen', '', 'Paul-Rücker-Str. 6 b', '', '47059', 'Duisburg', 'DE'),
('099809', 'Dieter Schwerin - Retouren', '', 'Paul-Rücker-Str. 6b', '', '47059', 'Duisburg', 'DE'),
('099998', 'Marktvertrieb Dieter Schwerin GmbH', 'Beginn Bestandsführung', '', '', '47059', 'Duisburg', 'DE'),
('12345', 'Testlieferant', '', 'Musterstraße 1', '', '12345', 'Maxdorf', 'DE'),
('123456', 'asghdahjsf', 'ajsdhg', 'Paul Rücker Straße 6b', '', '47059', 'Duisburg', 'DE'),
('12346', 'Musterlieferant 2', '', 'Teststraße 11', '', '12346', 'Musterstadt', 'DE'),
('700000', 'Azzurra Due s.r.l.', 'Commercio All`Ingrosso', 'Via W. Tobagi, 19', '', '74011', 'Castellaneta(TA)', 'IT'),
('700009', 'AEC', 'Association Européenne de Comm.', 'Cases 20-21, B.P. 5003 - St.Charles', '', '66030', 'PerpignanCedex', 'FR'),
('700014', 'Hortialamo', '', 'Ctra. de Cartagena - Alhama', '', '30333', 'CuevasdelReyllo', 'ES'),
('700019', 'Agra Außenhandels GmbH', '', 'Implerstr. 11', '', '81371', 'München', 'DE'),
('700020', 'Agrex s.n.c. di innocenzo Lucchi&C.', '', 'via Aldini, 59', '', '47023', 'Cesena', 'IT'),
('707011', 'Benninger & Streit', '', 'Grüner Brunnenweg 146', '', '50827', 'Köln', 'DE'),
('782638', '', '', '', '', '', '', 'XX'),
('999002', 'Meinhardt', '', '', '', '', '', 'DE'),
('999003', 'FLS', '', '', '', '', '', 'DE'),
('999004', 'Geoline', '', '', '', '', '', 'DE'),
('999010', 'Marktvertrieb Dieter Schwerin GmbH', '', 'Paul-Rücker-Str. 6b', '', '47059', 'Duisburg', 'DE'),
('999011', 'Marktvertrieb Dieter Schwerin GmbH', 'Lager II', 'An der Rheinberger Heide 5', '', '47495', 'Rheinberg', 'DE'),
('999030', 'Schmitz', '', '', '', '', 'Eckendorf', 'DE'),
('999031', 'Messe Niederrhein', '', 'An der Rheinberger Heide 5', '', '47495', 'Rheinberg', 'DE'),
('999032', 'Hennessen & Potthoff', '', 'Butzenstr. 39', '', '47918', 'Tönisvorst', 'DE'),
('999033', 'Spedition Griechenland', 'Spargel', 'frei', '', '10000', 'frei', 'DE'),
('999035', 'Charlys Erdbeerhof', '', 'Am Friedhof 1', '', '52428', 'Jülich-Broich', 'DE'),
('999036', 'Lozon', '', 'Venrayseweg 168 d', '', '5928', 'RHVenlo', 'NL'),
('999037', 'Hans Willi Böhmer', '', 'Marie-Bernays-Ring 39', '', '41199', 'Mönchengladbach', 'DE'),
('999038', 'Venloer Transporte GmbH', '', 'Venrayseweg 192', '', '5928', 'RHVenlo', 'NL'),
('999039', 'Infia', '', 'Via Caduti di Via Fani 85', '', '47032', 'Bertinoro(FC)', 'IT'),
('999040', 'Schraud & Baunach GmbH', '', 'Louis-Pasteur-Str. 5', '', '97076', 'Würzburg', 'DE'),
('999041', 'OGS Südbaden', '', 'Niederrotweil 80', '', '79235', 'Vogtsburg-Oberrotweil', 'DE'),
('999042', 'GFT Halle', '', 'Magdeburger Chaussee 47', '', '06118', 'Halle', 'DE'),
('999043', 'Heck', '', 'Kitzstr. 10', '', '53913', 'Swisstal', 'DE'),
('999044', 'Wilms-Verpackungen GbR', '', 'Alte Heerstr. 151', '', '41564', 'Kaarst', 'DE'),
('999045', 'L&T Transporte GmbH', '', 'Lützowstr. 28c', '', '45141', 'Essen', 'DE'),
('999046', 'Thees', '', 'Bergstr. 3', '', '49377', 'Holtrup', 'DE'),
('999047', '', '', '', '', '', '', 'XX'),
('999048', 'Driscolls  España', 'La rabida Km 4,7', 'Ctra .San Juan del puerto,', '', '21800', 'moguer(huelva)', 'DE'),
('999049', 'Transporte Manrique', '', '114, Rue de la Manade', '', '34160', 'Castries', 'DE'),
('999050', 'Spedition Schmid', 'bei Hausladen/Hit Tor 8&9', 'Schäftlarnstr. / neben ISAR-Spedi.', '', '80769', 'München', 'DE'),
('999051', 'Kulda', '', 'Mokrovraty 176', '', '26203', 'NovyKnin', 'DE'),
('999052', 'Transporte Römer', '', 'Uferstr. 15', '', '47228', 'Duisburg', 'DE'),
('999053', 'Transportes Valiente S.L.', '', 'Carretera Don Rodrigo, s/n', '', '41701', 'DOSHERMANAS(Sevilla)', 'DE'),
('999054', 'Aurich und Sohn Transport GmbH', '', 'Flockenstraße 7', '', '09385', 'Erlbach-Kirchberg', 'DE'),
('999055', 'Peter Hendriks Horst B.V.', 'groenten en fruit', 'Venrayseweg 116 c', '', 'NL-5928', 'RHVenlo', 'DE'),
('999056', 'Express 61 GmbH', '', 'Sympherstr. 79-81', '', '47138', 'Duisburg', 'DE'),
('999057', 'Teca Prime', '', '3eme Etage N1', '', 'Tanger', 'Marokko', 'MA'),
('999060', 'Baam', '', 'Durmersheimer Str. 190', '', '76189', 'Karlsruhe', 'DE'),
('999065', 'Mooy Logistics B.V.', '', 'Transportweg 15', '', '2742', 'RHWaddinxveen', 'DE'),
('999066', 'Baldo Trasporti', '', 'Via del Lavoro, 11', '', '38060', 'Nomi', 'IT'),
('999070', 'Schwarz', 'Rumpler Fruchthof GmbH', 'Dietzhof 2', '', '91359', 'Leutenbach', 'DE'),
('999071', 'Kronprinz Fruchthandels GmbH', '', 'Wolfgruben 5', '', '8211', 'Ilztal', 'AT'),
('999075', 'Quattro-Log', '', 'Ohmstr. 2', '', '85716', 'Unterschleißheim', 'DE'),
('999080', 'Frankfurt Flughafen', 'Tor 26', 'Gebäude 454', '', '60549', 'Frankfurt', 'DE'),
('999081', 'Merla Trans', 'Ciudad del Transporte', 'Calle Sur, s/n', '', '30011', 'Murcia', 'ES'),
('999082', 'Guanter-Rodriguez SAS', '', 'Grand Saint Charles - BP 15356', '', '66033', 'PERPIGNANCedex', 'FR'),
('999085', 'UNIVEG München', 'Zweigniederlassung', 'Oberländer Str. 2', '', '81371', 'München', 'DE'),
('999086', 'Vreugdenhil', '', 'Transportweg 23', '', '2676', 'LMMaasdijk', 'NL'),
('999087', 'Flowerwings Cargo B.V.', '', 'Kruisweg 471', '', '1437', 'CLRozenburg/Schiphol', 'NL'),
('999090', 'van Wylick München', '', 'Bauernbräuweg 1', '', '81369', 'München', 'DE'),
('999091', 'Kuna Doo', '', 'Kulina Bana 11', '', '75000', 'Tuzla', 'BA'),
('999095', 'TOP Transport & Logistiek', '', 'Venrayseweg 130 A', '', '5928', 'RHVenlo', 'DE'),
('999096', 'Bajerbach', '', '', '', '45329', 'Essen', 'DE'),
('999100', 'Garcia de la Fuente', '', 'Barriada Negrilla, S/N', '', '41006', 'Sevilla', 'DE'),
('999102', 'BB-Fruchthandel', '', 'Dorfstr. 2', '', '15345', 'Wesendahl', 'DE'),
('999103', 'GTO', '', 'Pol. `Los Bermejales` Parcela 8', '', '21840', 'Niebla(Huelva)', 'ES'),
('999104', 'Primafrio S.L.', '', '', '', '', 'Spanien', 'ES'),
('999105', 'Transecu Frio S.L.', '', 'po Txingurri, no 28-30', '', '20017', 'SanSebastian', 'ES'),
('999200', 'Marktvertrieb Dieter Schwerin GmbH', '', 'Paul-Rücker-Str. 6b', '', '47059', 'Duisburg', 'DE'),
('999205', 'Faus Dura', '', 'M.I. Saint Charles', '', 'F-66962', 'Perpignan', 'DE'),
('999210', 'Socave Europe', '', 'Allee Paul Marquillanes', '', 'F-M.I.', 'St.CharlesPerpignan-Cedex', 'DE'),
('999700', '', '', '', '', '', '', 'DE'),
('DS0001', 'DSD', '', 'Frankfurter Straße 720-726', '', '51145', 'Köln-Porz-Eil', 'XX');

-- --------------------------------------------------------

--
-- Tabellenstruktur für Tabelle `vendor_agreement`
--

CREATE TABLE `vendor_agreement` (
  `No` int(11) NOT NULL,
  `vendor` varchar(20) COLLATE utf8_unicode_ci NOT NULL,
  `version_year` varchar(20) COLLATE utf8_unicode_ci NOT NULL,
  `received` tinyint(1) NOT NULL,
  `responsible` varchar(10) COLLATE utf8_unicode_ci NOT NULL,
  `date_sent` datetime NOT NULL,
  `date_received` datetime DEFAULT NULL,
  `constraint_1` varchar(255) COLLATE utf8_unicode_ci NOT NULL,
  `constraint_2` varchar(255) COLLATE utf8_unicode_ci NOT NULL,
  `remark` varchar(255) COLLATE utf8_unicode_ci NOT NULL,
  `path` varchar(1024) COLLATE utf8_unicode_ci NOT NULL
) ENGINE=InnoDB DEFAULT CHARSET=utf8 COLLATE=utf8_unicode_ci;

--
-- Daten für Tabelle `vendor_agreement`
--

INSERT INTO `vendor_agreement` (`No`, `vendor`, `version_year`, `received`, `responsible`, `date_sent`, `date_received`, `constraint_1`, `constraint_2`, `remark`, `path`) VALUES
(263, '070150', 'V_14', 1, 'RGT', '2017-03-15 00:00:00', '2017-10-13 00:00:00', 'LEH Spezifikationen nach Absprache\r\nkein GRASP', '', 'ISO 9001', 'StellenangebotÂ -Â Kommissionierer in Vollzeit (m_w) (Kommissionierer_in).pdf'),
(264, '070151', 'V_14', 1, 'AF', '2017-01-01 00:00:00', '2017-10-13 00:00:00', 'GRASP je Lieferung anfragen\r\nEigenmarken REWE nur nach Absprache', '', 'BRC, HACCP, SEDEX', ''),
(265, '070122', 'V_14', 1, 'RGT', '2017-01-01 00:00:00', '2017-10-13 00:00:00', 'erst n夨stes Jahr GRASP', '', 'BRC, Tesco, ISO 2200', ''),
(266, '073634', 'V_14', 1, 'RGT', '2017-01-01 00:00:00', '2017-10-13 00:00:00', 'GRASP?', '', '', ''),
(267, '070134', 'V_14', 1, 'CD', '2017-01-01 00:00:00', '2017-10-13 00:00:00', 'kein GRASP', '', 'Fair for Life, HACCP', ''),
(268, '070121', 'V_14', 1, 'RGT', '2017-01-01 00:00:00', '2017-10-13 00:00:00', '', '', '', ''),
(269, '070126', 'V_14', 1, 'MT', '2017-01-01 00:00:00', '2017-10-13 00:00:00', '', '', 'Tesco', ''),
(270, '070088', 'V_14', 1, 'MT', '2017-01-01 00:00:00', '2017-10-13 00:00:00', 'Sozialmodul ab Juli 2016', '', '', ''),
(271, '070144', 'V_14', 1, 'MT', '2017-01-01 00:00:00', '2017-10-13 00:00:00', 'LEH Spezifikationen fehlen\r\nkein GRASP!', '', '', ''),
(272, '070140', 'V_14', 1, 'RGT', '2017-01-01 00:00:00', '2017-10-13 00:00:00', 'kein GRASP', '', '', ''),
(273, '070142', 'V_14', 1, 'RGT', '2017-01-01 00:00:00', '2017-10-13 00:00:00', 'GRASP ab August 2017', '', '', ''),
(274, '070053', 'V_14', 1, 'CD', '2017-01-01 00:00:00', '2017-10-13 00:00:00', '', '', 'BRC, Tesco', ''),
(275, '088914', 'V_14', 1, 'RGT', '2017-01-01 00:00:00', '2017-10-13 00:00:00', 'kein GRASP', '', 'Zertifikat integrierte Produktion', ''),
(276, '070138', 'V_14', 1, 'RGT', '2017-01-01 00:00:00', '2017-10-13 00:00:00', 'GRASP??', '', '', ''),
(277, '070038', 'V_14', 1, 'AF', '2017-01-01 00:00:00', '2017-10-13 00:00:00', '', '', '', ''),
(278, '070109', 'V_14', 1, 'RGT', '2017-01-01 00:00:00', '2017-10-13 00:00:00', '', '', 'GFS', ''),
(279, '073537', 'V_14', 1, 'RGT', '2017-01-01 00:00:00', '2017-10-13 00:00:00', '', '', '', ''),
(280, '070153', 'V_14', 1, 'CD', '2017-01-01 00:00:00', '2017-10-13 00:00:00', 'kein Sozialmodul', '', ' Primus GFS', ''),
(281, '086330', 'V_14', 1, 'RGT', '2017-01-01 00:00:00', '2017-10-13 00:00:00', '', '', 'Faitrade', ''),
(282, '070031', 'V_14', 1, 'AF', '2017-01-01 00:00:00', '2017-10-13 00:00:00', 'nicht an Globus', '', '', 'Apimex.pdf'),
(283, '070129', 'V_14', 1, 'MT', '2017-01-01 00:00:00', '2017-10-13 00:00:00', '', '', 'BRC, HACCP', ''),
(284, '086841', 'V_14', 1, 'BB', '2017-01-01 00:00:00', '2017-10-13 00:00:00', 'Sozialzertifikat nach Abstimmung', '', '', ''),
(285, '070110', 'V_14', 1, 'CD', '2017-01-01 00:00:00', '2017-10-13 00:00:00', 'Eigenmarken REWE nicht erf???? da kein QS', '', 'BRC, SEDEX (Natberry Maroc)', ''),
(286, '070073', 'V_14', 1, 'AF', '2017-01-01 00:00:00', '2017-10-13 00:00:00', 'nicht alle Erzeuger GRASP ', '', 'BRC', ''),
(287, '070149', 'V_14', 1, 'RGT', '2017-01-01 00:00:00', '2017-10-13 00:00:00', 'kein GRASP', '', 'SA 8000', ''),
(288, '070820', 'V_14', 1, 'MT', '2017-01-01 00:00:00', '2017-10-13 00:00:00', 'GRASP vors. Ende Mai\r\nEigenmarken REWE nicht erf???? da kein QS', '', '', ''),
(289, '070824', 'V_14', 1, 'MS', '2017-01-01 00:00:00', '2017-10-13 00:00:00', '', 'Nur Gastro, kein LEH', 'BRC', ''),
(290, '026507', 'V_14', 1, 'AF', '2017-01-01 00:00:00', '2017-10-13 00:00:00', 'LEH Spezifikationen fehlen', '', '', ''),
(291, '073503', 'V_14', 1, 'MS', '2017-01-01 00:00:00', '2017-10-13 00:00:00', '', 'Nur Gastro, kein LEH', '', ''),
(292, '070818', 'V_14', 1, 'MS', '2017-01-01 00:00:00', '2017-10-13 00:00:00', '', '', 'Regionalfenster, GQB', ''),
(293, '077743', 'V_14', 1, 'AF', '2017-01-01 00:00:00', '2017-10-13 00:00:00', '', '', '', ''),
(294, '079856', 'V_14', 1, 'RGT', '2017-01-01 00:00:00', '2017-10-13 00:00:00', '', '', '', ''),
(295, '072156', 'V_14', 1, 'RGT', '2017-01-01 00:00:00', '2017-10-13 00:00:00', '', '', '', ''),
(296, '070806', 'V_14', 1, 'RGT', '2017-01-01 00:00:00', '2017-10-13 00:00:00', 'kein GRASP', '', 'Fairtrade', ''),
(297, '070732', 'V_14', 1, 'RGT', '2017-01-01 00:00:00', '2017-10-13 00:00:00', 'Sozialmodul ??', '', '', ''),
(298, '070767', 'V_14', 1, 'YM', '2017-01-01 00:00:00', '2017-10-13 00:00:00', 'LEH Spezifikationen offen', '', '', ''),
(299, '095319', 'V_14', 1, 'AF', '2017-01-01 00:00:00', '2017-10-13 00:00:00', 'LEH Spezifikationen auf Nachfrage (bekommen Analyseergebnisse mit jeder Lieferung)\r\nGRASP bei n夨ster Zertifizierung', '', 'Tesco, SEDEX', ''),
(300, '070814', 'V_14', 1, 'AF', '2017-01-01 00:00:00', '2017-10-13 00:00:00', 'LEH Spezifikationen nur auf Anfrage\r\nkein GRASP', '', 'BRC', ''),
(301, '070822', 'V_14', 1, 'YM', '2017-01-01 00:00:00', '2017-10-13 00:00:00', '', '', '', ''),
(302, '096127', 'V_14', 1, 'YM', '2017-01-01 00:00:00', '2017-10-13 00:00:00', 'kein GRASP', '', '', ''),
(303, '090396', 'V_14', 1, 'AF', '2017-01-01 00:00:00', '2017-10-13 00:00:00', '', '', '', ''),
(304, '070783', 'V_14', 1, 'YM', '2017-01-01 00:00:00', '2017-10-13 00:00:00', 'nicht an LEH', '', '', ''),
(305, '070809', 'V_14', 1, 'AF', '2017-01-01 00:00:00', '2017-10-13 00:00:00', 'nur ALDI', '', 'BRC, Tesco, ISO 9001', ''),
(306, '070823', 'V_14', 1, 'MS', '2017-01-01 00:00:00', '2017-10-13 00:00:00', '', 'Nur Gastro, kein LEH', 'ISO 50001', ''),
(307, '070828', 'V_14', 1, 'AF', '2017-01-01 00:00:00', '2017-10-13 00:00:00', 'kein  GRASP', '', '', ''),
(308, '070821', 'V_14', 1, 'AF', '2017-01-01 00:00:00', '2017-10-13 00:00:00', '', '', 'Regionalfenster', ''),
(309, '074223', 'V_14', 1, 'AF', '2017-01-01 00:00:00', '2017-10-13 00:00:00', 'kein GRASP', '', '', ''),
(310, '071808', 'V_14', 1, 'RGT', '2017-01-01 00:00:00', '2017-10-13 00:00:00', '', '', 'BRC', ''),
(311, '078892', 'V_14', 1, 'MT', '2017-01-01 00:00:00', '2017-10-13 00:00:00', 'LEH Spezifikationen fehlen\r\nGRASP in Bearbeitung', '', '', ''),
(312, '070722', 'V_14', 1, 'AF', '2017-01-01 00:00:00', '2017-10-13 00:00:00', '', '', '', ''),
(313, '071813', 'V_14', 1, 'RGT', '2017-01-01 00:00:00', '2017-10-13 00:00:00', '', '', '', ''),
(314, '071430', 'V_14', 1, 'MS', '2017-01-01 00:00:00', '2017-10-13 00:00:00', '', 'Nur Gastro, kein LEH', 'ISO 14001, BRC', ''),
(315, '071811', 'V_14', 1, 'RGT', '2017-01-01 00:00:00', '2017-10-13 00:00:00', 'LEH Spezifikationen offen', '', 'ISO 9001', ''),
(316, '071566', 'V_14', 1, 'CD', '2017-01-01 00:00:00', '2017-10-13 00:00:00', '', '', 'BRC', ''),
(317, '072152', 'V_14', 1, 'MT', '2017-01-01 00:00:00', '2017-10-13 00:00:00', 'kein GRASP o.䡡', '', 'BRC', ''),
(318, '074227', 'V_14', 1, 'MS', '2017-01-01 00:00:00', '2017-10-13 00:00:00', '', 'Nur Gastro, kein LEH', 'Fairtrade, BRC, AEO, RIK', ''),
(319, '084705', 'V_14', 0, 'MS', '2017-01-01 00:00:00', '2017-10-13 00:00:00', '', '', '', ''),
(320, '072136', 'V_14', 1, 'MS', '2017-01-01 00:00:00', '2017-10-13 00:00:00', 'nicht ALDI, EDEKA, Globus +\r\nkeine Angaben zu GRASP', '', 'BRC', ''),
(321, '072817', 'V_14', 1, 'AF', '2017-01-01 00:00:00', '2017-10-13 00:00:00', '', '', '', ''),
(322, '080554', 'V_14', 1, 'CD', '2017-01-01 00:00:00', '2017-10-13 00:00:00', '', '', 'BRC, TESCO', ''),
(323, '080550', 'V_14', 1, 'MS', '2017-01-01 00:00:00', '2017-10-13 00:00:00', 'LEH Spezifikationen nur auf Anfrage', '', 'BRC', ''),
(324, '072823', 'V_14', 1, 'AF', '2017-01-01 00:00:00', '2017-10-13 00:00:00', '', '', '', ''),
(325, '072835', 'V_14', 1, 'AF', '2017-01-01 00:00:00', '2017-10-13 00:00:00', '', '', '', ''),
(326, '072855', 'V_14', 1, 'RGT', '2017-01-01 00:00:00', '2017-10-13 00:00:00', 'nur an REWE + kein GRASP', '', '', ''),
(327, '072806', 'V_14', 1, 'AF', '2017-01-01 00:00:00', '2017-10-13 00:00:00', 'LEH Spezifikationen offen', '', 'Agro 1, Agro 2, ISO', ''),
(328, '080556', 'V_14', 1, 'YM', '2017-01-01 00:00:00', '2017-10-13 00:00:00', 'ALDI und EDEKA Spezifikationen nicht angekreuzt\r\nKEIN Sozialmodul', '', '', ''),
(329, '072859', 'V_14', 1, 'RGT', '2017-01-01 00:00:00', '2017-10-13 00:00:00', '', '', '', ''),
(330, '072847', 'V_14', 1, 'RGT', '2017-01-01 00:00:00', '2017-10-13 00:00:00', 'LEH Spezifikationen offen + kein GRASP', '', '', ''),
(331, '070816', 'V_14', 1, 'RGT/LC', '2017-01-01 00:00:00', '2017-10-13 00:00:00', '', '', '', ''),
(332, '072862', 'V_14', 1, 'RGT', '2017-01-01 00:00:00', '2017-10-13 00:00:00', 'nicht an ALDI und EDEKA ', '', 'Tesco, BRC', ''),
(333, '082610', 'V_14', 1, 'RGT', '2017-01-01 00:00:00', '2017-10-13 00:00:00', 'keine REWE Eigenmarken', '', '', ''),
(334, '072864', 'V_14', 1, 'MT', '2017-01-01 00:00:00', '2017-10-13 00:00:00', 'kein GRASP', '', 'HACCP', ''),
(335, '017527', 'V_14', 1, 'AF', '2017-01-01 00:00:00', '2017-10-13 00:00:00', '75 % der Erzeuger bereits mit Sozialmodul zertifiziert. Rest folgt', '', 'BRC', ''),
(336, '074461', 'V_14', 1, 'AF', '2017-01-01 00:00:00', '2017-10-13 00:00:00', 'nur EDEKA und REWE Produktspezifikationen best嵩gt', '', '', ''),
(337, '073637', 'V_14', 1, 'MS', '2017-01-01 00:00:00', '2017-10-13 00:00:00', '', 'Nur Gastro, kein LEH', 'ISO 9001, RIK', ''),
(338, '073609', 'V_14', 1, 'MT', '2017-01-01 00:00:00', '2017-10-13 00:00:00', 'kein GRASP', '', '', ''),
(339, '073590', 'V_14', 1, 'MS', '2017-01-01 00:00:00', '2017-10-13 00:00:00', 'kein GRASP\r\nKEIN QS', '', '', ''),
(340, '073604', 'V_14', 1, 'CD', '2017-01-01 00:00:00', '2017-10-13 00:00:00', '', '', 'SEDEX', ''),
(341, '073534', 'V_14', 1, 'CD', '2017-01-01 00:00:00', '2017-10-13 00:00:00', '', '', '', ''),
(342, '073618', 'V_14', 1, 'CD', '2017-01-01 00:00:00', '2017-10-13 00:00:00', '', '', '', ''),
(343, '073607', 'V_14', 1, 'RGT', '2017-01-01 00:00:00', '2017-10-13 00:00:00', '', '', 'BSCI, BRC', ''),
(344, '073631', 'V_14', 1, 'MT', '2017-01-01 00:00:00', '2017-10-13 00:00:00', 'kein GRASP', '', '', ''),
(345, '073540', 'V_14', 1, 'CD', '2017-01-01 00:00:00', '2017-10-13 00:00:00', 'LEH Spezifikationen fehlen\r\nkein QS --> keine Eigenmarke REWE', '', '', ''),
(346, '017561', 'V_14', 1, 'RGT', '2017-01-01 00:00:00', '2017-10-13 00:00:00', 'GRASP ab 11/2017', '', '', ''),
(347, '071580', 'V_14', 1, 'CD', '2017-01-01 00:00:00', '2017-10-13 00:00:00', '', '', 'ISO', ''),
(348, '073558', 'V_14', 1, 'RGT', '2017-01-01 00:00:00', '2017-10-13 00:00:00', 'f????EDEX angemeldet', '', '', ''),
(349, '073509', 'V_14', 1, 'MT', '2017-01-01 00:00:00', '2017-10-13 00:00:00', 'kein GRASP', '', '', ''),
(350, '078438', 'V_14', 1, 'AF', '2017-01-01 00:00:00', '2017-10-13 00:00:00', 'nur ALDI Anforderungen erf????', '', '', ''),
(351, '073536', 'V_14', 1, 'YM', '2017-01-01 00:00:00', '2017-10-13 00:00:00', 'LEH Spezifikationen und Sozialstandards nur auf Anfrage!', '', '', ''),
(352, '073622', 'V_14', 1, 'MT', '2017-01-01 00:00:00', '2017-10-13 00:00:00', 'kein GRASP', '', '', ''),
(353, '073600', 'V_14', 1, 'AF', '2017-01-01 00:00:00', '2017-10-13 00:00:00', 'ALDI und Sozialstandards nur auf Anfrage', '', '', ''),
(354, '073614', 'V_14', 1, 'AF', '2017-01-01 00:00:00', '2017-10-13 00:00:00', 'LEH Spezifikationen auf Anfrage\r\nbisher kein GRASP', '', '', ''),
(355, '073502', 'V_14', 1, 'AF', '2017-01-01 00:00:00', '2017-10-13 00:00:00', 'GRASP ab 01.01.2017', '', '', ''),
(356, '077728', 'V_14', 1, 'RGT', '2017-01-01 00:00:00', '2017-10-13 00:00:00', 'GRASP bei n夨stem Audit am 26.06.2016', '', '', ''),
(357, '081919', 'V_14', 1, 'RGT', '2017-01-01 00:00:00', '2017-10-13 00:00:00', 'nicht an ALDI und EDEKA ', '', '', ''),
(358, '070754', 'V_14', 1, 'AF', '2017-01-01 00:00:00', '2017-10-13 00:00:00', 'LEH Spezifikationen erfragen\r\nkein Sozialmodul', '', 'Hygienecode', ''),
(359, '071812', 'V_14', 1, 'RGT', '2017-01-01 00:00:00', '2017-10-13 00:00:00', 'kein GRASP!', '', '', ''),
(360, '037560', 'V_14', 1, 'AF', '2017-01-01 00:00:00', '2017-10-13 00:00:00', 'LEH Spezifikationen und Sozialstandards bei Bestellung erfragen!!', '', 'Regionalfenster', ''),
(361, '070149', 'V_14', 1, 'RGT', '2017-01-01 00:00:00', '2017-10-13 00:00:00', '', '', 'SEDEX', ''),
(362, '073626', 'V_14', 1, 'MS', '2017-01-01 00:00:00', '2017-10-13 00:00:00', 'Aldi Spezifikationen auf Anfrage', '', '', ''),
(363, '074225', 'V_14', 1, 'RGT', '2017-01-01 00:00:00', '2017-10-13 00:00:00', '', '', 'BRC, Tesco', ''),
(364, '074470', 'V_14', 1, 'CD', '2017-01-01 00:00:00', '2017-10-13 00:00:00', '', '', '', ''),
(365, '074229', 'V_14', 1, 'MS', '2017-01-01 00:00:00', '2017-10-13 00:00:00', 'nur Foodservice', 'Nur Gastro, kein LEH', '', ''),
(366, '074471', 'V_14', 1, 'RGT', '2017-01-01 00:00:00', '2017-10-13 00:00:00', '', '', 'M&S, HACCP', ''),
(367, '074780', 'V_14', 1, 'AF', '2017-01-01 00:00:00', '2017-10-13 00:00:00', 'Seite 5 fehlt\r\nkein  GRASP', '', '', ''),
(368, '074226', 'V_14', 1, 'AF', '2017-01-01 00:00:00', '2017-10-13 00:00:00', 'nicht an LEH', '', 'ISO', ''),
(369, '074795', 'V_14', 1, 'MT', '2017-01-01 00:00:00', '2017-10-13 00:00:00', 'LEH Spezifikationen fehlen\r\nkein GRASP!', '', '', ''),
(370, '074477', 'V_14', 1, 'AF', '2017-01-01 00:00:00', '2017-10-13 00:00:00', 'GRASP ab 2018\r\nLEH Spezifikationen nur nach Absprache', '', '', ''),
(371, '074219', 'V_14', 1, 'CD', '2017-01-01 00:00:00', '2017-10-13 00:00:00', 'kein QS', '', 'BRC', ''),
(372, '074958', 'V_14', 1, 'RGT', '2017-01-01 00:00:00', '2017-10-13 00:00:00', 'kein GRASP', '', 'bei ALDI Nord gesperrt!', ''),
(373, '070787', 'V_14', 1, 'AF', '2017-01-01 00:00:00', '2017-10-13 00:00:00', 'nur REWE Spezifikationen best嵩gt', '', '', ''),
(374, '074973', 'V_14', 1, 'MS', '2017-01-01 00:00:00', '2017-10-13 00:00:00', '', 'Nur Gastro, kein LEH', '', ''),
(375, '077046', 'V_14', 1, 'AF', '2017-01-01 00:00:00', '2017-10-13 00:00:00', 'LEH Spezifikationen fehlen', '', '', ''),
(376, '084024', 'V_14', 1, 'MS', '2017-01-01 00:00:00', '2017-10-13 00:00:00', 'keine LEH Lieferung!', 'Nur Gastro, kein LEH', '', ''),
(377, '074953', 'V_14', 1, 'AF', '2017-01-01 00:00:00', '2017-10-13 00:00:00', '', '', '', ''),
(378, '070124', 'V_14', 1, 'AF', '2017-01-01 00:00:00', '2017-10-13 00:00:00', '', '', '', ''),
(379, '020527', 'V_14', 1, 'AF', '2017-01-01 00:00:00', '2017-10-13 00:00:00', '', '', '', ''),
(380, '074977', 'V_14', 1, 'MS', '2017-01-01 00:00:00', '2017-10-13 00:00:00', 'Sozialmodul am 09.06.2016 Zertifizierung', '', '', ''),
(381, '074978', 'V_14', 1, 'RGT', '2017-01-01 00:00:00', '2017-10-13 00:00:00', '', '', '', ''),
(382, '074972', 'V_14', 1, 'RGT', '2017-01-01 00:00:00', '2017-10-13 00:00:00', '', '', '', ''),
(383, '075625', 'V_14', 1, 'RGT', '2017-01-01 00:00:00', '2017-10-13 00:00:00', '', '', '', ''),
(384, '074939', 'V_14', 1, 'AF/MS', '2017-01-01 00:00:00', '2017-10-13 00:00:00', 'nur an ALDI und Metro\r\nKEIN QS', '', 'Gutes aus Hessen, Regionalfenster', ''),
(385, '075624', 'V_14', 1, 'MT', '2017-01-01 00:00:00', '2017-10-13 00:00:00', 'kein Sozialmodul!!', '', '', ''),
(386, '076312', 'V_14', 1, 'MS', '2017-01-01 00:00:00', '2017-10-13 00:00:00', 'LEH Spezifikationen auf Anfrage', '', 'Fairtrade, ISO 4001', ''),
(387, '088913', 'V_14', 1, 'RGT', '2017-01-01 00:00:00', '2017-10-13 00:00:00', '', '', '', ''),
(388, '088915', 'V_14', 1, 'RGT', '2017-01-01 00:00:00', '2017-10-13 00:00:00', '', '', '', ''),
(389, '077049', 'V_14', 1, 'AF', '2017-01-01 00:00:00', '2017-10-13 00:00:00', 'nicht an ALDI, REWE, EDEKA', '', '', ''),
(390, '077013', 'V_14', 1, 'AF', '2017-01-01 00:00:00', '2017-10-13 00:00:00', 'nur an EDEKA und REWE', '', '', ''),
(391, '077032', 'V_14', 1, 'MS', '2017-01-01 00:00:00', '2017-10-13 00:00:00', 'nur an EDEKA\r\nNegativliste nicht best嵩gt\r\nkeine REWE Eigemarken', '', '', ''),
(392, '077033', 'V_14', 1, 'AF', '2017-01-01 00:00:00', '2017-10-13 00:00:00', 'kein g????ges QM System (kein IFS o.䩊kein GRASP', '', '', ''),
(393, '077055', 'V_14', 1, 'MT', '2017-01-01 00:00:00', '2017-10-13 00:00:00', 'kein GRASP\r\nnicht an ALDI ', '', '', ''),
(394, '077035', 'V_14', 1, 'MT', '2017-01-01 00:00:00', '2017-10-13 00:00:00', 'GRASP ab 30.09.2016', '', 'AMA G????iegel', ''),
(395, '077024', 'V_14', 1, 'AF', '2017-01-01 00:00:00', '2017-10-13 00:00:00', '', '', '', ''),
(396, '026531', 'V_14', 1, 'AF', '2017-01-01 00:00:00', '2017-10-13 00:00:00', 'LEH Spezifikationen und GRASP nach Absprache', '', '', ''),
(397, '073597', 'V_14', 1, 'AF', '2017-01-01 00:00:00', '2017-10-13 00:00:00', 'LEH Spezifikationen und GRASP nur nach Absprache', '', '', ''),
(398, '077777', 'V_14', 1, 'SL', '2017-01-01 00:00:00', '2017-10-13 00:00:00', 'kein GRASP', '', '', ''),
(399, '077759', 'V_14', 1, 'RGT', '2017-01-01 00:00:00', '2017-10-13 00:00:00', 'kein GRASP\r\nLEH Spezifikationen fehlen', '', '', ''),
(400, '077776', 'V_14', 1, 'BB', '2017-01-01 00:00:00', '2017-10-13 00:00:00', 'LEH Spezifikationen auf Anfrage', '', '', ''),
(401, '078890', 'V_14', 1, 'MS', '2017-01-01 00:00:00', '2017-10-13 00:00:00', '', '', '', ''),
(402, '078891', 'V_14', 1, 'MS', '2017-01-01 00:00:00', '2017-10-13 00:00:00', 'LEH Spezifikationen auf Anfrage', '', 'Fairtrade', ''),
(403, '079853', 'V_14', 1, 'MT', '2017-01-01 00:00:00', '2017-10-13 00:00:00', 'LEH Spezifikationen fehlen', '', '', ''),
(404, '074796', 'V_14', 1, 'RGT', '2017-01-01 00:00:00', '2017-10-13 00:00:00', 'GRASP in Bearbeitung', '', '', ''),
(405, '078460', 'V_14', 1, 'RGT', '2017-01-01 00:00:00', '2017-10-13 00:00:00', '', '', '', ''),
(406, '078442', 'V_14', 1, 'BB', '2017-01-01 00:00:00', '2017-10-13 00:00:00', 'keine REWE Eigenmarken', '', '', ''),
(407, '078439', 'V_14', 1, 'MS', '2017-01-01 00:00:00', '2017-10-13 00:00:00', '', 'Nur Gastro, kein LEH', '', ''),
(408, '078889', 'V_14', 1, 'RGT', '2017-01-01 00:00:00', '2017-10-13 00:00:00', '', '', '', ''),
(409, '078533', 'V_14', 1, 'MT', '2017-01-01 00:00:00', '2017-10-13 00:00:00', 'aktuell noch kein Sozialmodul', '', '', ''),
(410, '078449', 'V_14', 1, 'RGT', '2017-01-01 00:00:00', '2017-10-13 00:00:00', '', '', '', ''),
(411, '078893', 'V_14', 1, 'YM', '2017-01-01 00:00:00', '2017-10-13 00:00:00', '', '', '', ''),
(412, '078482', 'V_14', 1, 'AF', '2017-01-01 00:00:00', '2017-10-13 00:00:00', '', '', 'Regionalfenster', ''),
(413, '079121', 'V_14', 1, 'MS', '2017-01-01 00:00:00', '2017-10-13 00:00:00', '', 'Nur Gastro, kein LEH', '', ''),
(414, '079131', 'V_14', 1, 'MT', '2017-01-01 00:00:00', '2017-10-13 00:00:00', 'GRASP beantragt', '', '', ''),
(415, '079130', 'V_14', 1, 'RGT/LC', '2017-01-01 00:00:00', '2017-10-13 00:00:00', 'kein GRASP', '', 'Primus GFS', ''),
(416, '079132', 'V_14', 1, 'RGT', '2017-01-01 00:00:00', '2017-10-13 00:00:00', 'kein GRASP', '', '', ''),
(417, '079845', 'V_14', 1, 'AF', '2017-01-01 00:00:00', '2017-10-13 00:00:00', '', '', '', ''),
(418, '079825', 'V_14', 1, 'AF', '2017-01-01 00:00:00', '2017-10-13 00:00:00', '', '', '', ''),
(419, '073616', 'V_14', 1, 'MS', '2017-01-01 00:00:00', '2017-10-13 00:00:00', 'nur an REWE', '', '', ''),
(420, '079838', 'V_14', 1, 'AF', '2017-01-01 00:00:00', '2017-10-13 00:00:00', '', '', '', ''),
(421, '079841', 'V_14', 1, 'AF', '2017-01-01 00:00:00', '2017-10-13 00:00:00', '', '', '', ''),
(422, '081905', 'V_14', 1, 'AF', '2017-01-01 00:00:00', '2017-10-13 00:00:00', 'LEH Spezifikationen auf Anfrage', '', '', ''),
(423, '079847', 'V_14', 1, 'AF', '2017-01-01 00:00:00', '2017-10-13 00:00:00', 'LEH Spezifikationen fehlen --> angefragt', '', '', ''),
(424, '079834', 'V_14', 1, 'AF', '2017-01-01 00:00:00', '2017-10-13 00:00:00', 'Einschr寫ungen bez????ch Sozialzertifikat, LEH Spezifikationen, Kosten????nahme', '', 'GQ Hessen\r\nRegionalfenster BW, Hessen, NRW siehe Anlage', ''),
(425, '092117', 'V_14', 1, 'RGT', '2017-01-01 00:00:00', '2017-10-13 00:00:00', 'REWE Eigenmarken nicht erf???? da kein QS', '', 'BRC,  ISO 9001', ''),
(426, '079842', 'V_14', 1, 'AF', '2017-01-01 00:00:00', '2017-10-13 00:00:00', 'LEH Spezifikationen fehlen', '', 'SEDEX', ''),
(427, '080597', 'V_14', 1, 'BB', '2017-01-01 00:00:00', '2017-10-13 00:00:00', 'GRASP erst am Dezember 2016', '', '', ''),
(428, '080538', 'V_14', 1, 'RGT', '2017-01-01 00:00:00', '2017-10-13 00:00:00', '', '', '', ''),
(429, '074797', 'V_14', 1, 'MS', '2017-01-01 00:00:00', '2017-10-13 00:00:00', '', 'Nur Gastro, kein LEH', 'ISO 9001', ''),
(430, '080557', 'V_14', 1, 'MT', '2017-01-01 00:00:00', '2017-10-13 00:00:00', 'GRASP in Bearbeitung', '', '', ''),
(431, '079855', 'V_14', 1, 'RGT', '2017-01-01 00:00:00', '2017-10-13 00:00:00', 'kein GRASP', '', 'BRC', ''),
(432, '082676', 'V_14', 1, 'AF', '2017-01-01 00:00:00', '2017-10-13 00:00:00', '', '', '', ''),
(433, '077742', 'V_14', 1, 'RGT', '2017-01-01 00:00:00', '2017-10-13 00:00:00', '', '', 'BRC', ''),
(434, '080586', 'V_14', 1, 'AF', '2017-01-01 00:00:00', '2017-10-13 00:00:00', '', '', 'Fairtrade', ''),
(435, '081956', 'V_14', 1, 'AF', '2017-01-01 00:00:00', '2017-10-13 00:00:00', 'GRASP ab 2017\r\nKEIN QS', '', '', ''),
(436, '081968', 'V_14', 1, 'RGT/LC', '2017-01-01 00:00:00', '2017-10-13 00:00:00', 'kein GRASP', '', 'GMP', ''),
(437, '081916', 'V_14', 1, 'RGT', '2017-01-01 00:00:00', '2017-10-13 00:00:00', 'kein GRASP', '', '', ''),
(438, '077753', 'V_14', 1, 'MT', '2017-01-01 00:00:00', '2017-10-13 00:00:00', 'kein GRASP\r\nnicht an ALDI ', '', '', ''),
(439, '081960', 'V_14', 1, 'AF', '2017-01-01 00:00:00', '2017-10-13 00:00:00', 'GRASP ab Ende 2016', '', '', ''),
(440, '070725', 'V_14', 1, 'AF', '2017-01-01 00:00:00', '2017-10-13 00:00:00', 'GRASP ab 25.05.2016', '', '', ''),
(441, '081961', 'V_14', 1, 'AF', '2017-01-01 00:00:00', '2017-10-13 00:00:00', 'LEH Spezifikationen und Sozialmodul auf Anfrage!', '', 'BRC, AEO', ''),
(442, '081971', 'V_14', 1, 'MT', '2017-01-01 00:00:00', '2017-10-13 00:00:00', 'LEH Spezifikationen fehlen\r\nkein GRASP!', '', '', ''),
(443, '081190', 'V_14', 1, 'AF', '2017-01-01 00:00:00', '2017-10-13 00:00:00', '', '', '', ''),
(444, '079849', 'V_14', 1, 'YM', '2017-01-01 00:00:00', '2017-10-13 00:00:00', '', '', '', ''),
(445, '082664', 'V_14', 1, 'MT', '2017-01-01 00:00:00', '2017-10-13 00:00:00', 'kein GRASP', '', '', ''),
(446, '070058', 'V_14', 1, 'RGT', '2017-01-01 00:00:00', '2017-10-13 00:00:00', 'kein GRASP', '', '', ''),
(447, '084664', 'V_14', 1, 'AF', '2017-01-01 00:00:00', '2017-10-13 00:00:00', '', '', 'ISO, SA 8000', ''),
(448, '072863', 'V_14', 1, 'RGT', '2017-01-01 00:00:00', '2017-10-13 00:00:00', '', '', '', ''),
(449, '079840', 'V_14', 1, 'RGT', '2017-01-01 00:00:00', '2017-10-13 00:00:00', 'GRASP in Bearbeitung', '', '', ''),
(450, '071580', 'V_14', 1, 'CD', '2017-01-01 00:00:00', '2017-10-13 00:00:00', '', '', 'ISO 14001', ''),
(451, '084023', 'V_14', 1, 'RGT', '2017-01-01 00:00:00', '2017-10-13 00:00:00', 'kein GRASP', '', '', ''),
(452, '082671', 'V_14', 1, 'AF', '2017-01-01 00:00:00', '2017-10-13 00:00:00', '', '', '', ''),
(453, '082692', 'V_14', 1, 'YM', '2017-01-01 00:00:00', '2017-10-13 00:00:00', '', '', 'Regionalfenster', ''),
(454, '082623', 'V_14', 1, 'MS', '2017-01-01 00:00:00', '2017-10-13 00:00:00', '', '', '', ''),
(455, '082626', 'V_14', 1, 'RGT', '2017-01-01 00:00:00', '2017-10-13 00:00:00', 'kein GRASP', '', '', ''),
(456, '082688', 'V_14', 1, 'AF', '2017-01-01 00:00:00', '2017-10-13 00:00:00', '', '', '', ''),
(457, '082643', 'V_14', 1, 'AF', '2017-01-01 00:00:00', '2017-10-13 00:00:00', '', '', 'Regionalfenster', ''),
(458, '082619', 'V_14', 1, 'AF', '2017-01-01 00:00:00', '2017-10-13 00:00:00', 'ݢernehmen keine Garantie f????EH Spezifikationen', '', 'HACCP, AEO', ''),
(459, '092692', 'V_14', 1, 'MS', '2017-01-01 00:00:00', '2017-10-13 00:00:00', '', 'Nur Gastro, kein LEH', '', ''),
(460, '084017', 'V_14', 1, 'MT', '2017-01-01 00:00:00', '2017-10-13 00:00:00', 'LEH Spezifikationen', '', '', ''),
(461, '083835', 'V_14', 1, 'MT', '2017-01-01 00:00:00', '2017-10-13 00:00:00', '', '', '', ''),
(462, '072146', 'V_14', 1, 'AF', '2017-01-01 00:00:00', '2017-10-13 00:00:00', '', '', '', ''),
(463, '077755', 'V_14', 1, 'MS', '2017-01-01 00:00:00', '2017-10-13 00:00:00', 'LEH Spezifikationen fehlen', '', '', ''),
(464, '074213', 'V_14', 1, 'AF', '2017-01-01 00:00:00', '2017-10-13 00:00:00', '', '', '', ''),
(465, '082608', 'V_14', 1, 'AF', '2017-01-01 00:00:00', '2017-10-13 00:00:00', 'eigene Erkl峵ng\r\nkein GRASP\r\nLEH Spezifikationen nur auf Anfrage', '', 'BRC, Rainforest', ''),
(466, '078445', 'V_14', 1, 'AF', '2017-01-01 00:00:00', '2017-10-13 00:00:00', '', '', 'Regionalfenster', ''),
(467, '084025', 'V_14', 1, 'MS', '2017-01-01 00:00:00', '2017-10-13 00:00:00', '', 'Nur Gastro, kein LEH', '', ''),
(468, '082686', 'V_14', 1, 'MT', '2017-01-01 00:00:00', '2017-10-13 00:00:00', '', '', 'BRC, ISO', ''),
(469, '070741', 'V_14', 1, 'AF', '2017-01-01 00:00:00', '2017-10-13 00:00:00', 'nur ALDI', '', 'BRC, Tesco, ISO 9001', ''),
(470, '095940', 'V_14', 1, 'CD', '2017-01-01 00:00:00', '2017-10-13 00:00:00', '', '', 'BRC, Tesco', ''),
(471, '081970', 'V_14', 1, 'CD', '2017-01-01 00:00:00', '2017-10-13 00:00:00', '', '', '', ''),
(472, '080599', 'V_14', 1, 'AF', '2017-01-01 00:00:00', '2017-10-13 00:00:00', 'eigene Erkl峵ng auf Holl寤isch', '', 'FSCC 22000', ''),
(473, '084711', 'V_14', 1, 'AF', '2017-01-01 00:00:00', '2017-10-13 00:00:00', 'Datum fehlt\r\nkein GRASP', '', 'BRC', ''),
(474, '084736', 'V_14', 1, 'RGT', '2017-01-01 00:00:00', '2017-10-13 00:00:00', 'kein GRASP', '', 'BRC', ''),
(475, '085019', 'V_14', 1, 'RGT', '2017-01-01 00:00:00', '2017-10-13 00:00:00', 'GRASP in Planung', '', '', ''),
(476, '085022', 'V_14', 1, 'RGT', '2017-01-01 00:00:00', '2017-10-13 00:00:00', 'GRASP?', '', '', ''),
(477, '085015', 'V_14', 1, 'AF', '2017-01-01 00:00:00', '2017-10-13 00:00:00', '', '', '', ''),
(478, '077756', 'V_14', 1, 'MS', '2017-01-01 00:00:00', '2017-10-13 00:00:00', '', '', '', ''),
(479, '085418', 'V_14', 1, 'AF', '2017-01-01 00:00:00', '2017-10-13 00:00:00', '', '', 'Fairtrade', ''),
(480, '086324', 'V_14', 1, 'CD', '2017-01-01 00:00:00', '2017-10-13 00:00:00', '', '', '', ''),
(481, '070127', 'V_14', 1, 'RGT', '2017-01-01 00:00:00', '2017-10-13 00:00:00', 'kein GRASP', '', '', ''),
(482, '086106', 'V_14', 1, 'AF', '2017-01-01 00:00:00', '2017-10-13 00:00:00', '', '', '', ''),
(483, '086118', 'V_14', 1, 'AF', '2017-01-01 00:00:00', '2017-10-13 00:00:00', 'LEH Spezifikationen auf Anfrage\r\nkein GRASP ', '', '', ''),
(484, '086151', 'V_14', 1, 'RGT', '2017-01-01 00:00:00', '2017-10-13 00:00:00', 'LEH Spezifikationen fehlen\r\nkein GRASP!', '', '', ''),
(485, '079852', 'V_14', 1, 'RGT', '2017-01-01 00:00:00', '2017-10-13 00:00:00', '', '', '', ''),
(486, '079809', 'V_14', 1, 'AF', '2017-01-01 00:00:00', '2017-10-13 00:00:00', 'LEH Spezifikationen auf Anfrage', '', '', ''),
(487, '086329', 'V_14', 1, 'MT', '2017-01-01 00:00:00', '2017-10-13 00:00:00', 'LEH Spezifikationen fehlen', '', '', ''),
(488, '086835', 'V_14', 1, 'AF', '2017-01-01 00:00:00', '2017-10-13 00:00:00', 'nicht an ALDI', '', '', ''),
(489, '080525', 'V_14', 1, 'AF', '2017-01-01 00:00:00', '2017-10-13 00:00:00', 'nur an ALDI!', '', 'Regionalfenster, Fairtrade\r\nISO 50001', ''),
(490, '079857', 'V_14', 1, 'RGT', '2017-01-01 00:00:00', '2017-10-13 00:00:00', '', '', '', ''),
(491, '086819', 'V_14', 1, 'AF', '2017-01-01 00:00:00', '2017-10-13 00:00:00', '', '', '', ''),
(492, '086822', 'V_14', 1, 'AF', '2017-01-01 00:00:00', '2017-10-13 00:00:00', '', '', '', ''),
(493, '086830', 'V_14', 1, 'MS', '2017-01-01 00:00:00', '2017-10-13 00:00:00', '', 'Nur Gastro, kein LEH', '', ''),
(494, '079850', 'V_14', 1, 'RGT', '2017-01-01 00:00:00', '2017-10-13 00:00:00', 'nicht an ALDI', '', '', ''),
(495, '086812', 'V_14', 1, 'AF', '2017-01-01 00:00:00', '2017-10-13 00:00:00', 'kein GRASP\r\nFIAS angemeldet', '', '', ''),
(496, '086838', 'V_14', 1, 'AF', '2017-01-01 00:00:00', '2017-10-13 00:00:00', 'nur an ALDI und EDEKA\r\nRest auf Anfrage\r\nkeine Eigenmarken REWE', '', '', ''),
(497, '086842', 'V_14', 1, 'MS', '2017-01-01 00:00:00', '2017-10-13 00:00:00', '', 'Nur Gastro, kein LEH', 'BRC', ''),
(498, '086826', 'V_14', 1, 'AF', '2017-01-01 00:00:00', '2017-10-13 00:00:00', 'Sozialmodul nachgefragt', '', '', ''),
(499, '086821', 'V_14', 1, 'AF', '2017-01-01 00:00:00', '2017-10-13 00:00:00', 'nicht an ALDI', '', '', ''),
(500, '088912', 'V_14', 1, 'AF', '2017-01-01 00:00:00', '2017-10-13 00:00:00', 'LEH Spezifikationen nochmal nachfragen\r\nErzeuger haben QS, Zaltbommel selber nicht!!', '', 'BRC', ''),
(501, '079858', 'V_14', 1, 'RGT', '2017-01-01 00:00:00', '2017-10-13 00:00:00', 'kein GRASP', '', '', '');

-- --------------------------------------------------------

--
-- Tabellenstruktur für Tabelle `vendor_delivery_requirement`
--

CREATE TABLE `vendor_delivery_requirement` (
  `No` int(11) NOT NULL,
  `vendor` varchar(20) COLLATE utf8_unicode_ci NOT NULL,
  `requirement` int(11) NOT NULL
) ENGINE=InnoDB DEFAULT CHARSET=utf8 COLLATE=utf8_unicode_ci;

-- --------------------------------------------------------

--
-- Tabellenstruktur für Tabelle `vessel`
--

CREATE TABLE `vessel` (
  `No` int(11) NOT NULL,
  `vessel` varchar(255) COLLATE utf8_unicode_ci NOT NULL,
  `shipowner` varchar(20) COLLATE utf8_unicode_ci DEFAULT NULL
) ENGINE=InnoDB DEFAULT CHARSET=utf8 COLLATE=utf8_unicode_ci;

--
-- Daten für Tabelle `vessel`
--

INSERT INTO `vessel` (`No`, `vessel`, `shipowner`) VALUES
(0, '', NULL),
(1, 'MAERSK LABERINTO', ''),
(3, 'CAP SAN NICOLAS', ''),
(4, 'GLASGOW EXPRESS', ''),
(5, 'MSC AZOV', ''),
(6, 'CAP SAN ARTEMISIO', ''),
(7, 'MSC BRANKA', ''),
(8, 'JACK LONDON', ''),
(9, 'MSC SOFIA CELESTE', ''),
(10, 'BELLA SCHULTE', ''),
(11, 'MSC SASHA', ''),
(12, 'VALPARAISO EXPRES', ''),
(13, 'BODO SCHULTE', ''),
(14, 'MSC AGRIGENTO', ''),
(15, 'MSC BRUNELLA', ''),
(16, 'LIVERPOOL EXPRESS', ''),
(17, 'MSC ALGECIRAS', ''),
(18, 'SPIRIT OF HAMBURG', ''),
(19, 'MSC ATHENS', ''),
(20, 'VENETIA', ''),
(21, 'MSC DOMITILLE', '');

-- --------------------------------------------------------

--
-- Stellvertreter-Struktur des Views `v_cert_product`
--
CREATE TABLE `v_cert_product` (
`No` int(11)
,`certificate` int(11)
,`product` varchar(20)
,`product_desc` varchar(20)
);

-- --------------------------------------------------------

--
-- Stellvertreter-Struktur des Views `v_inbound`
--
CREATE TABLE `v_inbound` (
`No` int(11)
,`position` varchar(20)
,`purchase_order` varchar(20)
,`v_sales_order` varchar(50)
,`v_delivery_note` varchar(50)
,`vendor_no` varchar(20)
,`vendor_name` varchar(255)
,`vendor_name2` varchar(255)
,`vendor_street` varchar(255)
,`vendor_POC` varchar(20)
,`vendor_city` varchar(255)
,`vendor_CC` varchar(3)
,`vendor_country` varchar(50)
,`stock_location` varchar(255)
,`po_container` varchar(50)
,`inb_container` varchar(50)
,`forwarder` varchar(255)
,`po_truck` varchar(30)
,`inb_truck` varchar(50)
,`po_trailor` varchar(30)
,`inb_trailor` varchar(50)
,`po_arrival` datetime
,`inb_arrival` datetime
,`po_transport_temp_min` decimal(10,2)
,`po_transport_temp_max` decimal(10,2)
,`inb_temperature` decimal(10,2)
);

-- --------------------------------------------------------

--
-- Stellvertreter-Struktur des Views `v_inb_line`
--
CREATE TABLE `v_inb_line` (
`No` int(11)
,`inbound` int(11)
,`position` varchar(20)
,`inb_line` int(11)
,`purchase_order` varchar(20)
,`po_line` int(11)
,`po_line_line` int(11)
,`stock_location` int(11)
,`vendor_no` varchar(20)
,`vendor_name` varchar(255)
,`vendor_name_2` varchar(255)
,`vendor_street` varchar(255)
,`vendor_street_2` varchar(255)
,`vendor_PO_code` varchar(20)
,`vendor_city` varchar(255)
,`vendor_CC` varchar(3)
,`vendor_country` varchar(50)
,`sales_order` varchar(50)
,`v_delivery_note` varchar(50)
,`inb_forwarder` varchar(255)
,`inb_truck` varchar(50)
,`inb_trailor` varchar(50)
,`inb_container` varchar(50)
,`po_arrival` datetime
,`inb_arrival` datetime
,`po_transport_temp_min` decimal(10,2)
,`po_transport_temp_max` decimal(10,2)
,`inb_transport_temp` decimal(10,2)
,`product` varchar(20)
,`product_desc` varchar(20)
,`variant` varchar(30)
,`variant_desc` text
,`origin` varchar(10)
,`packaging_no` varchar(20)
,`packaging` varchar(255)
,`t_packaging` varchar(20)
,`quality_no` int(11)
,`quality` varchar(25)
,`brand_no` int(11)
,`brand` varchar(255)
,`qc_no` int(11)
,`quality_class` varchar(20)
,`label_no` int(11)
,`label` varchar(255)
,`items` int(11)
,`weight_item` decimal(10,0)
,`po_trading_units` mediumint(9)
,`po_PU_TU` tinyint(4)
,`po_packing_units` smallint(6)
,`po_pallet` int(11)
,`po_pallet_desc` varchar(50)
,`po_pallets` smallint(6)
,`po_tu_pal` smallint(6)
,`po_lot` varchar(10)
,`po_barcode` varchar(160)
,`inb_lot` varchar(50)
,`inb_barcode` varchar(50)
,`po_brix_min` decimal(10,2)
,`po_brix_max` decimal(10,2)
,`inb_brix` decimal(10,2)
,`inb_trading_units` int(11)
,`inb_packing_units` int(11)
,`inb_pallet` int(11)
,`inb_pallet_desc` varchar(50)
,`inb_pallets` int(11)
,`inb_tu_pal` int(11)
,`items_checked` int(11)
,`checked_by` varchar(100)
,`remarks` text
,`stock` decimal(42,0)
,`grade_weighted` varchar(18)
);

-- --------------------------------------------------------

--
-- Stellvertreter-Struktur des Views `v_inventory`
--
CREATE TABLE `v_inventory` (
`No` int(11)
,`inventory_head` int(11)
,`inbound_line` int(11)
,`position` varchar(20)
,`inb_arrival` datetime
,`variant` varchar(30)
,`variant_desc` text
,`product` varchar(20)
,`product_desc` varchar(20)
,`origin` varchar(10)
,`t_packaging` varchar(20)
,`packaging_no` varchar(20)
,`packaging` varchar(255)
,`quality_no` int(11)
,`quality` varchar(25)
,`brand_no` int(11)
,`brand` varchar(255)
,`label_no` int(11)
,`label` varchar(255)
,`inb_lot` varchar(50)
,`stock` decimal(42,0)
,`inventory_date` date
,`room` int(11)
,`rack` int(11)
,`level` int(11)
,`pallets` int(11)
,`tu_pallet` int(11)
,`trading_units` int(11)
);

-- --------------------------------------------------------

--
-- Stellvertreter-Struktur des Views `v_movements`
--
CREATE TABLE `v_movements` (
`No` int(11)
,`movement_no` int(11)
,`movement_desc` varchar(30)
,`type_no` int(11)
,`type_desc` varchar(50)
,`date` datetime
,`trading_units` int(11)
,`packing_units` int(11)
,`status_no` int(11)
,`status_desc` varchar(255)
,`color_code` varchar(30)
,`remarks` text
,`inbound_line` int(11)
,`trading_units_moved` bigint(21)
,`packing_units_moved` bigint(21)
);

-- --------------------------------------------------------

--
-- Stellvertreter-Struktur des Views `v_po_line`
--
CREATE TABLE `v_po_line` (
`No` int(11)
,`Purchase_order` varchar(25)
,`Line` int(11)
,`v_no` varchar(30)
,`variant` text
,`Trading_Units` mediumint(9)
,`PU_TU` tinyint(4)
,`Packing_Units` smallint(6)
,`TU_Pallet` smallint(6)
,`Pallets` smallint(6)
,`Price` float
,`Price_Allocation` tinyint(4)
,`lot` varchar(10)
,`barcode` varchar(160)
);

-- --------------------------------------------------------

--
-- Stellvertreter-Struktur des Views `v_product`
--
CREATE TABLE `v_product` (
`No` varchar(20)
,`product` varchar(20)
,`pg_no` int(11)
,`product_group` varchar(255)
,`specification_link` varchar(255)
,`transport_temp_min` decimal(10,2)
,`transport_temp_max` decimal(10,2)
,`storage_temp_min` decimal(10,2)
,`storage_temp_max` decimal(10,2)
,`brix_min` decimal(10,2)
,`brix_max` decimal(10,2)
);

-- --------------------------------------------------------

--
-- Stellvertreter-Struktur des Views `v_purchase_order`
--
CREATE TABLE `v_purchase_order` (
`No` varchar(25)
,`vendor_no` varchar(20)
,`vendor_name` varchar(255)
,`vendor_name2` varchar(255)
,`vendor_street` varchar(255)
,`vendor_street2` varchar(255)
,`vendor_POC` varchar(20)
,`vendor_city` varchar(255)
,`vendor_CC` varchar(3)
,`vendor_country` varchar(50)
,`stock_location` varchar(255)
,`arrival` datetime
,`departure` datetime
,`forwarder` varchar(50)
,`truck` varchar(30)
,`trailor` varchar(30)
,`container` varchar(50)
,`incoterm` varchar(10)
,`transport_temp_min` decimal(10,2)
,`transport_temp_max` decimal(10,2)
);

-- --------------------------------------------------------

--
-- Stellvertreter-Struktur des Views `v_qc_inb_line`
--
CREATE TABLE `v_qc_inb_line` (
`No` int(11)
,`inbound_line` int(11)
,`qc_no` int(11)
,`quality_checkpoint` varchar(255)
,`qc_type_no` int(11)
,`qc_type` varchar(20)
,`qc_class_no` int(11)
,`qc_class` varchar(50)
,`qc_weightning` int(11)
,`operator` int(4)
,`max_good` decimal(10,2)
,`max_regular` decimal(10,2)
,`value` decimal(10,4)
,`base` decimal(10,2)
,`grade` float
,`grade_weighted` double
);

-- --------------------------------------------------------

--
-- Stellvertreter-Struktur des Views `v_qc_product`
--
CREATE TABLE `v_qc_product` (
`No` int(11)
,`product_group` varchar(255)
,`unece_link` varchar(255)
,`product` varchar(20)
,`qck_no` int(11)
,`type` int(11)
,`qchk_class_no` int(11)
,`checkpoint_class` varchar(50)
,`quality_checkpoint` varchar(255)
,`max_good` decimal(10,2)
,`max_regular` decimal(10,2)
,`operator` tinyint(4)
);

-- --------------------------------------------------------

--
-- Stellvertreter-Struktur des Views `v_quality_checkpoint`
--
CREATE TABLE `v_quality_checkpoint` (
`No` int(11)
,`qck_no` int(11)
,`quality_checkpoint` varchar(255)
,`type` int(11)
,`qchk_class_no` int(11)
,`qcheckpoint_class` varchar(50)
,`max_good` int(11)
,`max_regular` int(11)
,`operator` int(4)
);

-- --------------------------------------------------------

--
-- Stellvertreter-Struktur des Views `v_room`
--
CREATE TABLE `v_room` (
`No` int(11)
,`room` varchar(25)
,`stock_location` int(11)
,`stock_location_name` varchar(255)
);

-- --------------------------------------------------------

--
-- Stellvertreter-Struktur des Views `v_t_packaging`
--
CREATE TABLE `v_t_packaging` (
`no` varchar(20)
,`transport_packaging` varchar(255)
,`type_no` int(20)
,`type` varchar(255)
,`length` int(11)
,`width` int(11)
,`height` int(11)
,`weight` decimal(10,0)
,`items_pallet` int(11)
,`items_level` int(11)
);

-- --------------------------------------------------------

--
-- Stellvertreter-Struktur des Views `v_variant`
--
CREATE TABLE `v_variant` (
`No` varchar(30)
,`product_no` varchar(20)
,`product` varchar(20)
,`variant` text
,`origin` varchar(10)
,`origin_long` varchar(50)
,`items` int(11)
,`weight_item` decimal(10,0)
,`packaging_no` varchar(20)
,`packaging` varchar(255)
,`label_no` int(11)
,`label` varchar(255)
,`label_short` varchar(25)
,`qc_no` int(11)
,`quality_class` varchar(20)
,`class_short` varchar(3)
,`t_packaging` varchar(20)
,`brand_no` int(11)
,`brand` varchar(255)
,`quality_no` int(11)
,`quality` varchar(25)
,`weight_netto` decimal(20,0)
,`weight_brutto` decimal(22,0)
);

-- --------------------------------------------------------

--
-- Stellvertreter-Struktur des Views `v_vendor`
--
CREATE TABLE `v_vendor` (
`No` varchar(20)
,`name` varchar(255)
,`name_2` varchar(255)
,`street` varchar(255)
,`street_2` varchar(255)
,`PO_code` varchar(20)
,`city` varchar(255)
,`country_code` varchar(3)
,`cnt_cert` bigint(21)
);

-- --------------------------------------------------------

--
-- Stellvertreter-Struktur des Views `v_vendor_certificate`
--
CREATE TABLE `v_vendor_certificate` (
`No` int(11)
,`certificate` int(11)
,`certification_desc` varchar(255)
,`reg_id` varchar(20)
,`cert_id` varchar(20)
,`scope` int(11)
,`region` int(11)
,`cert_option` smallint(6)
,`due_date` datetime
,`remark` varchar(255)
,`vendor` varchar(20)
,`vendor_name` varchar(255)
,`vendor_street` varchar(255)
,`vendor_PO_code` varchar(20)
,`vendor_city` varchar(255)
,`vendor_cc` varchar(3)
);

-- --------------------------------------------------------

--
-- Stellvertreter-Struktur des Views `v_vendor_cert_matrix`
--
CREATE TABLE `v_vendor_cert_matrix` (
`No` varchar(20)
,`name` varchar(255)
,`street` varchar(255)
,`PO_code` varchar(20)
,`city` varchar(255)
,`country_code` varchar(3)
,`IFS` varchar(19)
,`GG` varchar(19)
,`QS` varchar(19)
,`BIO` varchar(19)
,`GRASP` varchar(19)
);

-- --------------------------------------------------------

--
-- Struktur des Views `cert_status_overview`
--
DROP TABLE IF EXISTS `cert_status_overview`;

CREATE ALGORITHM=UNDEFINED DEFINER=`root`@`localhost` SQL SECURITY DEFINER VIEW `cert_status_overview`  AS  select `certification`.`No` AS `No`,`certification`.`certificate` AS `certificate`,(select count(`certificate_vendor`.`No`) from `certificate_vendor` where (`certificate_vendor`.`certificate` = `certification`.`No`)) AS `certificates`,(select count(`certificate_vendor`.`No`) from `certificate_vendor` where ((`certificate_vendor`.`certificate` = `certification`.`No`) and (`certificate_vendor`.`due_date` < now()))) AS `over_due`,(select count(`certificate_vendor`.`No`) from `certificate_vendor` where ((`certificate_vendor`.`certificate` = `certification`.`No`) and (`certificate_vendor`.`due_date` < (now() + interval 1 month)))) AS `over_due_m` from `certification` where (`certification`.`No` > 1) ;

-- --------------------------------------------------------

--
-- Struktur des Views `v_cert_product`
--
DROP TABLE IF EXISTS `v_cert_product`;

CREATE ALGORITHM=UNDEFINED DEFINER=`root`@`localhost` SQL SECURITY DEFINER VIEW `v_cert_product`  AS  select `certificate_product`.`No` AS `No`,`certificate_product`.`certificate` AS `certificate`,`certificate_product`.`product` AS `product`,`product`.`product` AS `product_desc` from (`certificate_product` join `product` on((`product`.`No` = `certificate_product`.`product`))) ;

-- --------------------------------------------------------

--
-- Struktur des Views `v_inbound`
--
DROP TABLE IF EXISTS `v_inbound`;

CREATE ALGORITHM=UNDEFINED DEFINER=`root`@`localhost` SQL SECURITY DEFINER VIEW `v_inbound`  AS  select `inbound`.`No` AS `No`,`inbound`.`position` AS `position`,`inbound`.`purchase_order` AS `purchase_order`,`purchase_order`.`v_sales_order` AS `v_sales_order`,`inbound`.`v_delivery_note` AS `v_delivery_note`,`purchase_order`.`vendor` AS `vendor_no`,`vendor`.`name` AS `vendor_name`,`vendor`.`name_2` AS `vendor_name2`,`vendor`.`street` AS `vendor_street`,`vendor`.`PO_code` AS `vendor_POC`,`vendor`.`city` AS `vendor_city`,`vendor`.`country_code` AS `vendor_CC`,`country`.`country` AS `vendor_country`,`stock_location`.`name` AS `stock_location`,`purchase_order`.`container` AS `po_container`,`inbound`.`container` AS `inb_container`,`inbound`.`forwarder` AS `forwarder`,`purchase_order`.`truck` AS `po_truck`,`inbound`.`truck` AS `inb_truck`,`purchase_order`.`trailor` AS `po_trailor`,`inbound`.`trailor` AS `inb_trailor`,`purchase_order`.`arrival` AS `po_arrival`,`inbound`.`arrival` AS `inb_arrival`,`purchase_order`.`transport_temp_min` AS `po_transport_temp_min`,`purchase_order`.`transport_temp_max` AS `po_transport_temp_max`,`inbound`.`transport_temperature` AS `inb_temperature` from ((((`inbound` join `purchase_order` on((`purchase_order`.`No` = `inbound`.`purchase_order`))) join `vendor` on((`vendor`.`No` = `purchase_order`.`vendor`))) join `stock_location` on((`stock_location`.`no` = `inbound`.`stock_location`))) join `country` on((`vendor`.`country_code` = `country`.`Id`))) ;

-- --------------------------------------------------------

--
-- Struktur des Views `v_inb_line`
--
DROP TABLE IF EXISTS `v_inb_line`;

CREATE ALGORITHM=UNDEFINED DEFINER=`root`@`localhost` SQL SECURITY DEFINER VIEW `v_inb_line`  AS  select `inbound_line`.`No` AS `No`,`inbound_line`.`inbound` AS `inbound`,`inbound`.`position` AS `position`,`inbound_line`.`line` AS `inb_line`,`inbound_line`.`purchase_order` AS `purchase_order`,`inbound_line`.`po_line` AS `po_line`,`purchase_order_line`.`Line` AS `po_line_line`,`inbound`.`stock_location` AS `stock_location`,`purchase_order`.`vendor` AS `vendor_no`,`vendor`.`name` AS `vendor_name`,`vendor`.`name_2` AS `vendor_name_2`,`vendor`.`street` AS `vendor_street`,`vendor`.`street_2` AS `vendor_street_2`,`vendor`.`PO_code` AS `vendor_PO_code`,`vendor`.`city` AS `vendor_city`,`vendor`.`country_code` AS `vendor_CC`,`country`.`country` AS `vendor_country`,`purchase_order`.`v_sales_order` AS `sales_order`,`inbound`.`v_delivery_note` AS `v_delivery_note`,`inbound`.`forwarder` AS `inb_forwarder`,`inbound`.`truck` AS `inb_truck`,`inbound`.`trailor` AS `inb_trailor`,`inbound`.`container` AS `inb_container`,`purchase_order`.`arrival` AS `po_arrival`,`inbound`.`arrival` AS `inb_arrival`,`purchase_order`.`transport_temp_min` AS `po_transport_temp_min`,`purchase_order`.`transport_temp_max` AS `po_transport_temp_max`,`inbound`.`transport_temperature` AS `inb_transport_temp`,`inbound_line`.`product` AS `product`,`product`.`product` AS `product_desc`,`inbound_line`.`variant` AS `variant`,`v_variant`.`variant` AS `variant_desc`,`v_variant`.`origin` AS `origin`,`v_variant`.`packaging_no` AS `packaging_no`,`v_variant`.`packaging` AS `packaging`,`v_variant`.`t_packaging` AS `t_packaging`,`v_variant`.`quality_no` AS `quality_no`,`v_variant`.`quality` AS `quality`,`v_variant`.`brand_no` AS `brand_no`,`v_variant`.`brand` AS `brand`,`v_variant`.`qc_no` AS `qc_no`,`v_variant`.`quality_class` AS `quality_class`,`v_variant`.`label_no` AS `label_no`,`v_variant`.`label` AS `label`,`v_variant`.`items` AS `items`,`v_variant`.`weight_item` AS `weight_item`,`purchase_order_line`.`Trading_Units` AS `po_trading_units`,`purchase_order_line`.`PU_TU` AS `po_PU_TU`,`purchase_order_line`.`Packing_Units` AS `po_packing_units`,`purchase_order_line`.`pallet` AS `po_pallet`,(select `pallet`.`pallet` from `pallet` where (`pallet`.`No` = `purchase_order_line`.`pallet`)) AS `po_pallet_desc`,`purchase_order_line`.`Pallets` AS `po_pallets`,`purchase_order_line`.`TU_Pallet` AS `po_tu_pal`,`purchase_order_line`.`lot` AS `po_lot`,`purchase_order_line`.`barcode` AS `po_barcode`,`inbound_line`.`lot` AS `inb_lot`,`inbound_line`.`barcode` AS `inb_barcode`,`purchase_order_line`.`brix_min` AS `po_brix_min`,`purchase_order_line`.`brix_max` AS `po_brix_max`,`inbound_line`.`brix` AS `inb_brix`,`inbound_line`.`trading_units` AS `inb_trading_units`,`inbound_line`.`packing_units` AS `inb_packing_units`,`inbound_line`.`pallet` AS `inb_pallet`,(select `pallet`.`pallet` from `pallet` where (`pallet`.`No` = `purchase_order_line`.`pallet`)) AS `inb_pallet_desc`,`inbound_line`.`pallets` AS `inb_pallets`,`inbound_line`.`tu_pallet` AS `inb_tu_pal`,`inbound_line`.`items_checked` AS `items_checked`,`inbound_line`.`checked_by` AS `checked_by`,`inbound_line`.`remarks` AS `remarks`,ifnull((select sum((`movements`.`trading_units` * `movement`.`direction`)) from (`movements` join `movement` on((`movement`.`No` = `movements`.`movement`))) where (`movements`.`inbound_line` = `inbound_line`.`No`)),0) AS `stock`,ifnull(round((select (sum(`v_qc_inb_line`.`grade_weighted`) / sum(`v_qc_inb_line`.`qc_weightning`)) from `v_qc_inb_line` where ((`v_qc_inb_line`.`inbound_line` = `inbound_line`.`No`) and (`v_qc_inb_line`.`qc_type_no` = 0))),1),'no WEP') AS `grade_weighted` from (((((((`inbound_line` join `inbound` on((`inbound`.`No` = `inbound_line`.`inbound`))) join `purchase_order` on((`purchase_order`.`No` = `inbound_line`.`purchase_order`))) join `v_variant` on((`v_variant`.`No` = `inbound_line`.`variant`))) join `purchase_order_line` on((`purchase_order_line`.`No` = `inbound_line`.`po_line`))) join `product` on((`product`.`No` = `inbound_line`.`product`))) join `vendor` on((`vendor`.`No` = `purchase_order`.`vendor`))) join `country` on((`vendor`.`country_code` = `country`.`Id`))) ;

-- --------------------------------------------------------

--
-- Struktur des Views `v_inventory`
--
DROP TABLE IF EXISTS `v_inventory`;

CREATE ALGORITHM=UNDEFINED DEFINER=`root`@`localhost` SQL SECURITY DEFINER VIEW `v_inventory`  AS  select `inventory`.`No` AS `No`,`inventory`.`inventory_head` AS `inventory_head`,`v_inb_line`.`No` AS `inbound_line`,`v_inb_line`.`position` AS `position`,`v_inb_line`.`inb_arrival` AS `inb_arrival`,`v_inb_line`.`variant` AS `variant`,`v_inb_line`.`variant_desc` AS `variant_desc`,`v_inb_line`.`product` AS `product`,`v_inb_line`.`product_desc` AS `product_desc`,`v_inb_line`.`origin` AS `origin`,`v_inb_line`.`t_packaging` AS `t_packaging`,`v_inb_line`.`packaging_no` AS `packaging_no`,`v_inb_line`.`packaging` AS `packaging`,`v_inb_line`.`quality_no` AS `quality_no`,`v_inb_line`.`quality` AS `quality`,`v_inb_line`.`brand_no` AS `brand_no`,`v_inb_line`.`brand` AS `brand`,`v_inb_line`.`label_no` AS `label_no`,`v_inb_line`.`label` AS `label`,`v_inb_line`.`inb_lot` AS `inb_lot`,`v_inb_line`.`stock` AS `stock`,`inventory`.`date` AS `inventory_date`,`inventory`.`room` AS `room`,`inventory`.`rack` AS `rack`,`inventory`.`level` AS `level`,`inventory`.`pallets` AS `pallets`,`inventory`.`tu_pallet` AS `tu_pallet`,`inventory`.`trading_units` AS `trading_units` from (`v_inb_line` join `inventory` on((`v_inb_line`.`No` = `inventory`.`inbound_line`))) ;

-- --------------------------------------------------------

--
-- Struktur des Views `v_movements`
--
DROP TABLE IF EXISTS `v_movements`;

CREATE ALGORITHM=UNDEFINED DEFINER=`root`@`localhost` SQL SECURITY DEFINER VIEW `v_movements`  AS  select `movements`.`No` AS `No`,`movements`.`movement` AS `movement_no`,`movement`.`Movement` AS `movement_desc`,`movements`.`type` AS `type_no`,`movement_type`.`movement_type` AS `type_desc`,`movements`.`date` AS `date`,`movements`.`trading_units` AS `trading_units`,`movements`.`packing_units` AS `packing_units`,`movements`.`status` AS `status_no`,`movement_status`.`status` AS `status_desc`,`movement_status`.`color_code` AS `color_code`,`movements`.`remarks` AS `remarks`,`movements`.`inbound_line` AS `inbound_line`,(`movement`.`direction` * `movements`.`trading_units`) AS `trading_units_moved`,(`movement`.`direction` * `movements`.`packing_units`) AS `packing_units_moved` from (((`movements` join `movement` on((`movement`.`No` = `movements`.`movement`))) join `movement_status` on((`movement_status`.`no` = `movements`.`status`))) join `movement_type` on((`movement_type`.`No` = `movements`.`type`))) ;

-- --------------------------------------------------------

--
-- Struktur des Views `v_po_line`
--
DROP TABLE IF EXISTS `v_po_line`;

CREATE ALGORITHM=UNDEFINED DEFINER=`root`@`localhost` SQL SECURITY DEFINER VIEW `v_po_line`  AS  select `purchase_order_line`.`No` AS `No`,`purchase_order_line`.`Purchase_order` AS `Purchase_order`,`purchase_order_line`.`Line` AS `Line`,`purchase_order_line`.`Variant` AS `v_no`,`v_variant`.`variant` AS `variant`,`purchase_order_line`.`Trading_Units` AS `Trading_Units`,`purchase_order_line`.`PU_TU` AS `PU_TU`,`purchase_order_line`.`Packing_Units` AS `Packing_Units`,`purchase_order_line`.`TU_Pallet` AS `TU_Pallet`,`purchase_order_line`.`Pallets` AS `Pallets`,`purchase_order_line`.`Price` AS `Price`,`purchase_order_line`.`Price_Allocation` AS `Price_Allocation`,`purchase_order_line`.`lot` AS `lot`,`purchase_order_line`.`barcode` AS `barcode` from (`purchase_order_line` join `v_variant` on((`v_variant`.`No` = `purchase_order_line`.`Variant`))) ;

-- --------------------------------------------------------

--
-- Struktur des Views `v_product`
--
DROP TABLE IF EXISTS `v_product`;

CREATE ALGORITHM=UNDEFINED DEFINER=`root`@`localhost` SQL SECURITY DEFINER VIEW `v_product`  AS  select `product`.`No` AS `No`,`product`.`product` AS `product`,`product`.`product_group` AS `pg_no`,`product_group`.`product_group` AS `product_group`,`product_group`.`unece_link` AS `specification_link`,`product_group`.`transport_temp_min` AS `transport_temp_min`,`product_group`.`transport_temp_max` AS `transport_temp_max`,`product_group`.`storage_temp_min` AS `storage_temp_min`,`product_group`.`storage_temp_max` AS `storage_temp_max`,`product_group`.`brix_min` AS `brix_min`,`product_group`.`brix_max` AS `brix_max` from (`product` join `product_group` on((`product_group`.`no` = `product`.`product_group`))) ;

-- --------------------------------------------------------

--
-- Struktur des Views `v_purchase_order`
--
DROP TABLE IF EXISTS `v_purchase_order`;

CREATE ALGORITHM=UNDEFINED DEFINER=`root`@`localhost` SQL SECURITY DEFINER VIEW `v_purchase_order`  AS  select `purchase_order`.`No` AS `No`,`purchase_order`.`vendor` AS `vendor_no`,`vendor`.`name` AS `vendor_name`,`vendor`.`name_2` AS `vendor_name2`,`vendor`.`street` AS `vendor_street`,`vendor`.`street_2` AS `vendor_street2`,`vendor`.`PO_code` AS `vendor_POC`,`vendor`.`city` AS `vendor_city`,`vendor`.`country_code` AS `vendor_CC`,`country`.`country` AS `vendor_country`,`stock_location`.`name` AS `stock_location`,`purchase_order`.`arrival` AS `arrival`,`purchase_order`.`departure` AS `departure`,`purchase_order`.`forwarder` AS `forwarder`,`purchase_order`.`truck` AS `truck`,`purchase_order`.`trailor` AS `trailor`,`purchase_order`.`container` AS `container`,`purchase_order`.`incoterm` AS `incoterm`,`purchase_order`.`transport_temp_min` AS `transport_temp_min`,`purchase_order`.`transport_temp_max` AS `transport_temp_max` from (((`purchase_order` join `vendor` on((`vendor`.`No` = `purchase_order`.`vendor`))) join `country` on((`country`.`Id` = `vendor`.`country_code`))) join `stock_location` on((`stock_location`.`no` = `purchase_order`.`stock_location`))) ;

-- --------------------------------------------------------

--
-- Struktur des Views `v_qc_inb_line`
--
DROP TABLE IF EXISTS `v_qc_inb_line`;

CREATE ALGORITHM=UNDEFINED DEFINER=`root`@`localhost` SQL SECURITY DEFINER VIEW `v_qc_inb_line`  AS  select `qcheckpoint_inb_line`.`no` AS `No`,`qcheckpoint_inb_line`.`inbound_line` AS `inbound_line`,`qcheckpoint_inb_line`.`quality_checkpoint` AS `qc_no`,`quality_checkpoint`.`quality_checkpoint` AS `quality_checkpoint`,`quality_checkpoint`.`type` AS `qc_type_no`,`qcheckpoint_type`.`qcheckpoint_type` AS `qc_type`,`quality_checkpoint`.`checkpoint_class` AS `qc_class_no`,`qcheckpoint_class`.`defect_class` AS `qc_class`,`qcheckpoint_class`.`weightning` AS `qc_weightning`,`quality_checkpoint`.`operator` AS `operator`,`qcheckpoint_inb_line`.`max_good` AS `max_good`,`qcheckpoint_inb_line`.`max_regular` AS `max_regular`,`qcheckpoint_inb_line`.`value` AS `value`,`qcheckpoint_inb_line`.`base` AS `base`,`GET_GRADE`(`GET_QC_VALUE`(`quality_checkpoint`.`operator`,`qcheckpoint_inb_line`.`base`,`qcheckpoint_inb_line`.`value`),`qcheckpoint_inb_line`.`max_good`,`qcheckpoint_inb_line`.`max_regular`) AS `grade`,(`GET_GRADE`(`GET_QC_VALUE`(`quality_checkpoint`.`operator`,`qcheckpoint_inb_line`.`base`,`qcheckpoint_inb_line`.`value`),`qcheckpoint_inb_line`.`max_good`,`qcheckpoint_inb_line`.`max_regular`) * `qcheckpoint_class`.`weightning`) AS `grade_weighted` from (((`qcheckpoint_inb_line` join `quality_checkpoint` on((`quality_checkpoint`.`No` = `qcheckpoint_inb_line`.`quality_checkpoint`))) join `qcheckpoint_type` on((`qcheckpoint_type`.`No` = `quality_checkpoint`.`type`))) join `qcheckpoint_class` on((`quality_checkpoint`.`checkpoint_class` = `qcheckpoint_class`.`No`))) ;

-- --------------------------------------------------------

--
-- Struktur des Views `v_qc_product`
--
DROP TABLE IF EXISTS `v_qc_product`;

CREATE ALGORITHM=UNDEFINED DEFINER=`root`@`localhost` SQL SECURITY DEFINER VIEW `v_qc_product`  AS  select `qcheckpoint_product`.`No` AS `No`,`product_group`.`product_group` AS `product_group`,`product_group`.`unece_link` AS `unece_link`,`product`.`product` AS `product`,`quality_checkpoint`.`No` AS `qck_no`,`quality_checkpoint`.`type` AS `type`,`quality_checkpoint`.`checkpoint_class` AS `qchk_class_no`,`qcheckpoint_class`.`defect_class` AS `checkpoint_class`,`quality_checkpoint`.`quality_checkpoint` AS `quality_checkpoint`,`qcheckpoint_product`.`max_good` AS `max_good`,`qcheckpoint_product`.`max_regular` AS `max_regular`,`qcheckpoint_product`.`operator` AS `operator` from ((((`qcheckpoint_product` join `product` on((`product`.`No` = `qcheckpoint_product`.`product`))) join `product_group` on((`product_group`.`no` = `product`.`product_group`))) join `quality_checkpoint` on((`quality_checkpoint`.`No` = `qcheckpoint_product`.`quality_checkpoint`))) join `qcheckpoint_class` on((`qcheckpoint_class`.`No` = `quality_checkpoint`.`checkpoint_class`))) ;

-- --------------------------------------------------------

--
-- Struktur des Views `v_quality_checkpoint`
--
DROP TABLE IF EXISTS `v_quality_checkpoint`;

CREATE ALGORITHM=UNDEFINED DEFINER=`root`@`localhost` SQL SECURITY DEFINER VIEW `v_quality_checkpoint`  AS  select `quality_checkpoint`.`No` AS `No`,`quality_checkpoint`.`No` AS `qck_no`,`quality_checkpoint`.`quality_checkpoint` AS `quality_checkpoint`,`quality_checkpoint`.`type` AS `type`,`quality_checkpoint`.`checkpoint_class` AS `qchk_class_no`,`qcheckpoint_class`.`defect_class` AS `qcheckpoint_class`,`quality_checkpoint`.`max_good` AS `max_good`,`quality_checkpoint`.`max_regular` AS `max_regular`,`quality_checkpoint`.`operator` AS `operator` from (`quality_checkpoint` join `qcheckpoint_class` on((`quality_checkpoint`.`checkpoint_class` = `qcheckpoint_class`.`No`))) ;

-- --------------------------------------------------------

--
-- Struktur des Views `v_room`
--
DROP TABLE IF EXISTS `v_room`;

CREATE ALGORITHM=UNDEFINED DEFINER=`root`@`localhost` SQL SECURITY DEFINER VIEW `v_room`  AS  select `room`.`No` AS `No`,`room`.`room` AS `room`,`room`.`stock_location` AS `stock_location`,`stock_location`.`name` AS `stock_location_name` from (`room` join `stock_location` on((`stock_location`.`no` = `room`.`stock_location`))) ;

-- --------------------------------------------------------

--
-- Struktur des Views `v_t_packaging`
--
DROP TABLE IF EXISTS `v_t_packaging`;

CREATE ALGORITHM=UNDEFINED DEFINER=`root`@`localhost` SQL SECURITY DEFINER VIEW `v_t_packaging`  AS  select `tp_format`.`no` AS `no`,`tp_format`.`transport_packaging` AS `transport_packaging`,`tp_format`.`tp_type` AS `type_no`,`tp_type`.`tp_type` AS `type`,`tp_format`.`length` AS `length`,`tp_format`.`width` AS `width`,`tp_format`.`height` AS `height`,`tp_format`.`weight` AS `weight`,`tp_format`.`items_pallet` AS `items_pallet`,`tp_format`.`items_level` AS `items_level` from (`tp_format` join `tp_type` on((`tp_type`.`no` = `tp_format`.`tp_type`))) ;

-- --------------------------------------------------------

--
-- Struktur des Views `v_variant`
--
DROP TABLE IF EXISTS `v_variant`;

CREATE ALGORITHM=UNDEFINED DEFINER=`root`@`localhost` SQL SECURITY DEFINER VIEW `v_variant`  AS  select `variant`.`No` AS `No`,`variant`.`product` AS `product_no`,`product`.`product` AS `product`,concat(`country`.`Id`,' ',`product`.`product`,' ',`quality`.`quality`,' ',`variant`.`items`,'x',`variant`.`weight_item`,'g ',`packaging`.`packaging`,' ',`quality_class`.`class_short`,' ',`brand`.`brand`,' ',`label`.`label_short`) AS `variant`,`variant`.`origin` AS `origin`,`country`.`country` AS `origin_long`,`variant`.`items` AS `items`,`variant`.`weight_item` AS `weight_item`,`variant`.`packaging` AS `packaging_no`,`packaging`.`packaging` AS `packaging`,`variant`.`label` AS `label_no`,`label`.`label` AS `label`,`label`.`label_short` AS `label_short`,`variant`.`quality_class` AS `qc_no`,`quality_class`.`quality_class` AS `quality_class`,`quality_class`.`class_short` AS `class_short`,`variant`.`t_packaging` AS `t_packaging`,`variant`.`brand` AS `brand_no`,`brand`.`brand` AS `brand`,`variant`.`quality` AS `quality_no`,`quality`.`quality` AS `quality`,(`variant`.`items` * `variant`.`weight_item`) AS `weight_netto`,(((`variant`.`items` * `variant`.`weight_item`) + (`variant`.`items` * `packaging`.`weight`)) + `tp_format`.`weight`) AS `weight_brutto` from ((((((((`variant` join `product` on((`product`.`No` = `variant`.`product`))) join `country` on((`country`.`Id` = `variant`.`origin`))) join `packaging` on((`packaging`.`No` = `variant`.`packaging`))) join `label` on((`label`.`No` = `variant`.`label`))) join `brand` on((`brand`.`No` = `variant`.`brand`))) join `quality` on((`quality`.`No` = `variant`.`quality`))) join `tp_format` on((`tp_format`.`no` = `variant`.`t_packaging`))) join `quality_class` on((`quality_class`.`No` = `variant`.`quality_class`))) ;

-- --------------------------------------------------------

--
-- Struktur des Views `v_vendor`
--
DROP TABLE IF EXISTS `v_vendor`;

CREATE ALGORITHM=UNDEFINED DEFINER=`root`@`localhost` SQL SECURITY DEFINER VIEW `v_vendor`  AS  select `vendor`.`No` AS `No`,`vendor`.`name` AS `name`,`vendor`.`name_2` AS `name_2`,`vendor`.`street` AS `street`,`vendor`.`street_2` AS `street_2`,`vendor`.`PO_code` AS `PO_code`,`vendor`.`city` AS `city`,`vendor`.`country_code` AS `country_code`,(select count(`certificate_vendor`.`No`) from `certificate_vendor` where (`certificate_vendor`.`vendor` = `vendor`.`No`)) AS `cnt_cert` from `vendor` ;

-- --------------------------------------------------------

--
-- Struktur des Views `v_vendor_certificate`
--
DROP TABLE IF EXISTS `v_vendor_certificate`;

CREATE ALGORITHM=UNDEFINED DEFINER=`root`@`localhost` SQL SECURITY DEFINER VIEW `v_vendor_certificate`  AS  select `certificate_vendor`.`No` AS `No`,`certificate_vendor`.`certificate` AS `certificate`,`certification`.`certificate` AS `certification_desc`,`certificate_vendor`.`reg_id` AS `reg_id`,`certificate_vendor`.`cert_id` AS `cert_id`,`certificate_vendor`.`scope` AS `scope`,`certificate_vendor`.`region` AS `region`,`certificate_vendor`.`cert_option` AS `cert_option`,`certificate_vendor`.`due_date` AS `due_date`,`certificate_vendor`.`remark` AS `remark`,`certificate_vendor`.`vendor` AS `vendor`,`vendor`.`name` AS `vendor_name`,`vendor`.`street` AS `vendor_street`,`vendor`.`PO_code` AS `vendor_PO_code`,`vendor`.`city` AS `vendor_city`,`vendor`.`country_code` AS `vendor_cc` from ((`certificate_vendor` join `certification` on((`certification`.`No` = `certificate_vendor`.`certificate`))) join `vendor` on((`vendor`.`No` = `certificate_vendor`.`vendor`))) ;

-- --------------------------------------------------------

--
-- Struktur des Views `v_vendor_cert_matrix`
--
DROP TABLE IF EXISTS `v_vendor_cert_matrix`;

CREATE ALGORITHM=UNDEFINED DEFINER=`root`@`localhost` SQL SECURITY DEFINER VIEW `v_vendor_cert_matrix`  AS  select `vendor`.`No` AS `No`,`vendor`.`name` AS `name`,`vendor`.`street` AS `street`,`vendor`.`PO_code` AS `PO_code`,`vendor`.`city` AS `city`,`vendor`.`country_code` AS `country_code`,ifnull((select max(`certificate_vendor`.`due_date`) from `certificate_vendor` where ((`certificate_vendor`.`vendor` = `vendor`.`No`) and (`certificate_vendor`.`certificate` = 6))),'') AS `IFS`,ifnull((select max(`certificate_vendor`.`due_date`) from `certificate_vendor` where ((`certificate_vendor`.`vendor` = `vendor`.`No`) and (`certificate_vendor`.`certificate` = 2))),'') AS `GG`,ifnull((select max(`certificate_vendor`.`due_date`) from `certificate_vendor` where ((`certificate_vendor`.`vendor` = `vendor`.`No`) and (`certificate_vendor`.`certificate` = 3))),'') AS `QS`,ifnull((select max(`certificate_vendor`.`due_date`) from `certificate_vendor` where ((`certificate_vendor`.`vendor` = `vendor`.`No`) and (`certificate_vendor`.`certificate` = 4))),'') AS `BIO`,ifnull((select max(`certificate_vendor`.`due_date`) from `certificate_vendor` where ((`certificate_vendor`.`vendor` = `vendor`.`No`) and (`certificate_vendor`.`certificate` = 7))),'') AS `GRASP` from `vendor` ;

--
-- Indizes der exportierten Tabellen
--

--
-- Indizes für die Tabelle `attachment`
--
ALTER TABLE `attachment`
  ADD PRIMARY KEY (`No`),
  ADD KEY `path` (`path`(255)),
  ADD KEY `type` (`type`),
  ADD KEY `inbound_line` (`inbound_line`);

--
-- Indizes für die Tabelle `brand`
--
ALTER TABLE `brand`
  ADD PRIMARY KEY (`No`),
  ADD KEY `brand` (`brand`);

--
-- Indizes für die Tabelle `certificate_product`
--
ALTER TABLE `certificate_product`
  ADD PRIMARY KEY (`No`),
  ADD KEY `certificate` (`certificate`),
  ADD KEY `product` (`product`);

--
-- Indizes für die Tabelle `certificate_scope`
--
ALTER TABLE `certificate_scope`
  ADD PRIMARY KEY (`No`),
  ADD KEY `scope` (`scope`);

--
-- Indizes für die Tabelle `certificate_vendor`
--
ALTER TABLE `certificate_vendor`
  ADD PRIMARY KEY (`No`),
  ADD UNIQUE KEY `certificate_vendor_scope` (`vendor`,`certificate`,`scope`) USING BTREE,
  ADD KEY `certificate` (`certificate`),
  ADD KEY `reg_id` (`reg_id`),
  ADD KEY `cert_id` (`cert_id`),
  ADD KEY `scope` (`scope`),
  ADD KEY `region` (`region`),
  ADD KEY `due_date` (`due_date`),
  ADD KEY `vendor` (`vendor`);

--
-- Indizes für die Tabelle `certification`
--
ALTER TABLE `certification`
  ADD PRIMARY KEY (`No`),
  ADD KEY `certificate` (`certificate`);

--
-- Indizes für die Tabelle `country`
--
ALTER TABLE `country`
  ADD PRIMARY KEY (`Id`),
  ADD UNIQUE KEY `CC` (`CC`) USING BTREE,
  ADD KEY `country` (`country`),
  ADD KEY `ISO_3` (`ISO_3`),
  ADD KEY `courency` (`currency`),
  ADD KEY `courency_code` (`currency_code`);

--
-- Indizes für die Tabelle `customer`
--
ALTER TABLE `customer`
  ADD PRIMARY KEY (`No`(6)),
  ADD KEY `customer_name` (`name`(191)),
  ADD KEY `customer_po_code` (`PO_code`),
  ADD KEY `cusomer_city` (`city`),
  ADD KEY `customer_cc` (`country_code`),
  ADD KEY `customer_short` (`customer_short`);

--
-- Indizes für die Tabelle `customer_group`
--
ALTER TABLE `customer_group`
  ADD PRIMARY KEY (`No`),
  ADD KEY `customer_group` (`customer_group`);

--
-- Indizes für die Tabelle `customer_label`
--
ALTER TABLE `customer_label`
  ADD PRIMARY KEY (`No`),
  ADD KEY `customer` (`customer`),
  ADD KEY `label` (`label`);

--
-- Indizes für die Tabelle `delivery_requirement`
--
ALTER TABLE `delivery_requirement`
  ADD PRIMARY KEY (`No`),
  ADD KEY `requirement` (`requirement`),
  ADD KEY `customer_group` (`customer_group`) USING BTREE;

--
-- Indizes für die Tabelle `global_settings`
--
ALTER TABLE `global_settings`
  ADD PRIMARY KEY (`id`);

--
-- Indizes für die Tabelle `habour`
--
ALTER TABLE `habour`
  ADD PRIMARY KEY (`No`),
  ADD KEY `habour` (`habour`);

--
-- Indizes für die Tabelle `inbound`
--
ALTER TABLE `inbound`
  ADD PRIMARY KEY (`No`),
  ADD KEY `expeditor` (`forwarder`),
  ADD KEY `truck` (`truck`),
  ADD KEY `trailor` (`trailor`),
  ADD KEY `container` (`container`),
  ADD KEY `arrival` (`arrival`),
  ADD KEY `purchase_order` (`purchase_order`),
  ADD KEY `stock_location` (`stock_location`),
  ADD KEY `position` (`position`) USING BTREE,
  ADD KEY `v_delivery_note` (`v_delivery_note`);

--
-- Indizes für die Tabelle `inbound_line`
--
ALTER TABLE `inbound_line`
  ADD PRIMARY KEY (`No`),
  ADD UNIQUE KEY `Inb_line` (`inbound`,`line`) USING BTREE,
  ADD KEY `purchase_order` (`purchase_order`),
  ADD KEY `po_line` (`purchase_order`,`po_line`),
  ADD KEY `variant` (`variant`),
  ADD KEY `inbound` (`inbound`),
  ADD KEY `pallet` (`pallet`),
  ADD KEY `lot` (`lot`),
  ADD KEY `barcode` (`barcode`),
  ADD KEY `certificate` (`certificate`),
  ADD KEY `product` (`product`);

--
-- Indizes für die Tabelle `incoterm`
--
ALTER TABLE `incoterm`
  ADD PRIMARY KEY (`No`);

--
-- Indizes für die Tabelle `inventory`
--
ALTER TABLE `inventory`
  ADD PRIMARY KEY (`No`),
  ADD KEY `Date` (`date`),
  ADD KEY `room` (`room`),
  ADD KEY `Purchase_Order` (`inbound_line`),
  ADD KEY `inventory` (`inventory_head`);

--
-- Indizes für die Tabelle `inventory_head`
--
ALTER TABLE `inventory_head`
  ADD PRIMARY KEY (`No`),
  ADD KEY `date` (`date`),
  ADD KEY `started` (`started`),
  ADD KEY `ended` (`ended`),
  ADD KEY `stock_location` (`stock_location`);

--
-- Indizes für die Tabelle `inventory_status`
--
ALTER TABLE `inventory_status`
  ADD PRIMARY KEY (`No`),
  ADD KEY `status` (`status`);

--
-- Indizes für die Tabelle `label`
--
ALTER TABLE `label`
  ADD PRIMARY KEY (`No`),
  ADD KEY `label` (`label`);

--
-- Indizes für die Tabelle `label_countries`
--
ALTER TABLE `label_countries`
  ADD PRIMARY KEY (`No`),
  ADD KEY `label` (`label`),
  ADD KEY `country` (`country`);

--
-- Indizes für die Tabelle `label_product`
--
ALTER TABLE `label_product`
  ADD PRIMARY KEY (`No`),
  ADD KEY `label` (`label`),
  ADD KEY `product` (`product`);

--
-- Indizes für die Tabelle `logistics_customer`
--
ALTER TABLE `logistics_customer`
  ADD PRIMARY KEY (`No`),
  ADD KEY `customer` (`customer`),
  ADD KEY `variant` (`variant`);

--
-- Indizes für die Tabelle `movement`
--
ALTER TABLE `movement`
  ADD PRIMARY KEY (`No`),
  ADD KEY `Movement` (`Movement`);

--
-- Indizes für die Tabelle `movements`
--
ALTER TABLE `movements`
  ADD PRIMARY KEY (`No`),
  ADD KEY `Movement` (`movement`),
  ADD KEY `date` (`date`),
  ADD KEY `status` (`status`),
  ADD KEY `stock location` (`stock_location`),
  ADD KEY `order_line` (`in_order_line`),
  ADD KEY `shipment` (`inbound_line`),
  ADD KEY `type` (`type`),
  ADD KEY `room` (`room`);

--
-- Indizes für die Tabelle `movement_status`
--
ALTER TABLE `movement_status`
  ADD PRIMARY KEY (`no`),
  ADD KEY `status` (`status`);

--
-- Indizes für die Tabelle `movement_type`
--
ALTER TABLE `movement_type`
  ADD PRIMARY KEY (`No`),
  ADD KEY `movement_type` (`movement_type`);

--
-- Indizes für die Tabelle `packaging`
--
ALTER TABLE `packaging`
  ADD PRIMARY KEY (`No`),
  ADD KEY `packaging_packaging` (`packaging`),
  ADD KEY `DSD_type` (`DSD_type`),
  ADD KEY `DSD_type_2` (`DSD_type`);

--
-- Indizes für die Tabelle `pallet`
--
ALTER TABLE `pallet`
  ADD PRIMARY KEY (`No`),
  ADD KEY `pallet` (`pallet`) USING BTREE;

--
-- Indizes für die Tabelle `price_allocation`
--
ALTER TABLE `price_allocation`
  ADD PRIMARY KEY (`No`);

--
-- Indizes für die Tabelle `product`
--
ALTER TABLE `product`
  ADD PRIMARY KEY (`No`),
  ADD KEY `product_product` (`product`),
  ADD KEY `product_group` (`product_group`);

--
-- Indizes für die Tabelle `production_order`
--
ALTER TABLE `production_order`
  ADD PRIMARY KEY (`No`),
  ADD KEY `stock_location` (`stock_location`),
  ADD KEY `start` (`start`),
  ADD KEY `end` (`end`),
  ADD KEY `creation_date` (`created`);

--
-- Indizes für die Tabelle `production_order_line`
--
ALTER TABLE `production_order_line`
  ADD PRIMARY KEY (`No`),
  ADD UNIQUE KEY `order_line` (`production_order`,`type`,`line`) USING BTREE,
  ADD KEY `production_order` (`production_order`),
  ADD KEY `product` (`product`),
  ADD KEY `variant` (`variant`),
  ADD KEY `pallet` (`pallet`),
  ADD KEY `start` (`start`),
  ADD KEY `end` (`end`);

--
-- Indizes für die Tabelle `product_group`
--
ALTER TABLE `product_group`
  ADD PRIMARY KEY (`no`),
  ADD KEY `product_group` (`product_group`) USING BTREE;

--
-- Indizes für die Tabelle `purchase_order`
--
ALTER TABLE `purchase_order`
  ADD PRIMARY KEY (`No`),
  ADD KEY `vendor` (`vendor`) USING BTREE,
  ADD KEY `departure` (`departure`),
  ADD KEY `arrival` (`arrival`),
  ADD KEY `truck` (`truck`),
  ADD KEY `trailor` (`trailor`),
  ADD KEY `container` (`container`),
  ADD KEY `vessel` (`vessel`),
  ADD KEY `habour` (`habour`),
  ADD KEY `incoterm` (`incoterm`),
  ADD KEY `stock_location` (`stock_location`),
  ADD KEY `v_sales_order` (`v_sales_order`);

--
-- Indizes für die Tabelle `purchase_order_line`
--
ALTER TABLE `purchase_order_line`
  ADD PRIMARY KEY (`No`),
  ADD UNIQUE KEY `PO_Line` (`Purchase_order`,`Line`),
  ADD KEY `Variant` (`Variant`),
  ADD KEY `Price_Allocation` (`Price_Allocation`),
  ADD KEY `Line` (`Line`),
  ADD KEY `Purchase_order` (`Purchase_order`) USING BTREE,
  ADD KEY `lot` (`lot`),
  ADD KEY `barcode` (`barcode`),
  ADD KEY `pallet` (`pallet`),
  ADD KEY `certificate` (`certificate`),
  ADD KEY `ass_line` (`ass_line`),
  ADD KEY `Product` (`Product`);

--
-- Indizes für die Tabelle `qcheckpoint_class`
--
ALTER TABLE `qcheckpoint_class`
  ADD PRIMARY KEY (`No`),
  ADD UNIQUE KEY `defect_class` (`defect_class`) USING BTREE;

--
-- Indizes für die Tabelle `qcheckpoint_inb_line`
--
ALTER TABLE `qcheckpoint_inb_line`
  ADD PRIMARY KEY (`no`),
  ADD KEY `quality_checkpoint` (`quality_checkpoint`),
  ADD KEY `inbound_line` (`inbound_line`);

--
-- Indizes für die Tabelle `qcheckpoint_product`
--
ALTER TABLE `qcheckpoint_product`
  ADD PRIMARY KEY (`No`),
  ADD KEY `product` (`product`),
  ADD KEY `quality_checkpoint` (`quality_checkpoint`);

--
-- Indizes für die Tabelle `qcheckpoint_type`
--
ALTER TABLE `qcheckpoint_type`
  ADD PRIMARY KEY (`No`),
  ADD KEY `qcheckpoint_type` (`qcheckpoint_type`),
  ADD KEY `checkpoint_type` (`type_desc`);

--
-- Indizes für die Tabelle `quality`
--
ALTER TABLE `quality`
  ADD PRIMARY KEY (`No`),
  ADD KEY `quality` (`quality`);

--
-- Indizes für die Tabelle `quality_checkpoint`
--
ALTER TABLE `quality_checkpoint`
  ADD PRIMARY KEY (`No`),
  ADD KEY `quality_defect` (`quality_checkpoint`),
  ADD KEY `defect_class` (`checkpoint_class`);

--
-- Indizes für die Tabelle `quality_class`
--
ALTER TABLE `quality_class`
  ADD PRIMARY KEY (`No`),
  ADD UNIQUE KEY `quality_class` (`quality_class`),
  ADD UNIQUE KEY `class_short` (`class_short`);

--
-- Indizes für die Tabelle `room`
--
ALTER TABLE `room`
  ADD PRIMARY KEY (`No`),
  ADD KEY `room` (`room`),
  ADD KEY `stock_location` (`stock_location`),
  ADD KEY `Room_2` (`room`),
  ADD KEY `Room_3` (`room`);

--
-- Indizes für die Tabelle `stock_location`
--
ALTER TABLE `stock_location`
  ADD PRIMARY KEY (`no`),
  ADD KEY `sl_name` (`name`),
  ADD KEY `sl_pocode` (`PO_code`),
  ADD KEY `sl_city` (`city`),
  ADD KEY `sl_cc` (`CC`),
  ADD KEY `sl_vendor` (`LSP`);

--
-- Indizes für die Tabelle `stock_place`
--
ALTER TABLE `stock_place`
  ADD PRIMARY KEY (`No`),
  ADD KEY `room_rack` (`Room`,`Rack_No`);

--
-- Indizes für die Tabelle `tp_format`
--
ALTER TABLE `tp_format`
  ADD PRIMARY KEY (`no`),
  ADD KEY `transport_packaging` (`transport_packaging`),
  ADD KEY `tp_type` (`tp_type`);

--
-- Indizes für die Tabelle `tp_type`
--
ALTER TABLE `tp_type`
  ADD PRIMARY KEY (`no`),
  ADD KEY `tp_type` (`tp_type`(20)),
  ADD KEY `tp_vendor` (`vendor`);

--
-- Indizes für die Tabelle `translation`
--
ALTER TABLE `translation`
  ADD PRIMARY KEY (`No`),
  ADD KEY `language` (`country`),
  ADD KEY `table_name` (`table_name`),
  ADD KEY `field_name` (`field_name`),
  ADD KEY `translation` (`translation`);

--
-- Indizes für die Tabelle `variant`
--
ALTER TABLE `variant`
  ADD PRIMARY KEY (`No`),
  ADD KEY `Variant_product_No` (`product`),
  ADD KEY `variant_variant` (`variant`),
  ADD KEY `variant_packaging` (`packaging`),
  ADD KEY `variant_tpackaging` (`t_packaging`),
  ADD KEY `brand` (`brand`),
  ADD KEY `variant_label` (`label`),
  ADD KEY `quality` (`quality`),
  ADD KEY `origin` (`origin`),
  ADD KEY `quality_class` (`quality_class`);

--
-- Indizes für die Tabelle `vendor`
--
ALTER TABLE `vendor`
  ADD PRIMARY KEY (`No`),
  ADD KEY `vendor_name` (`name`),
  ADD KEY `vendor_PO_code` (`PO_code`),
  ADD KEY `vendor_city` (`city`),
  ADD KEY `vendor_cc` (`country_code`);

--
-- Indizes für die Tabelle `vendor_agreement`
--
ALTER TABLE `vendor_agreement`
  ADD PRIMARY KEY (`No`),
  ADD KEY `vendor` (`vendor`),
  ADD KEY `date` (`date_received`),
  ADD KEY `responsible` (`responsible`),
  ADD KEY `version_year` (`version_year`);
ALTER TABLE `vendor_agreement` ADD FULLTEXT KEY `remark` (`remark`);
ALTER TABLE `vendor_agreement` ADD FULLTEXT KEY `constraint` (`constraint_1`);

--
-- Indizes für die Tabelle `vendor_delivery_requirement`
--
ALTER TABLE `vendor_delivery_requirement`
  ADD PRIMARY KEY (`No`),
  ADD KEY `vendor` (`vendor`),
  ADD KEY `requirement` (`requirement`);

--
-- Indizes für die Tabelle `vessel`
--
ALTER TABLE `vessel`
  ADD PRIMARY KEY (`No`),
  ADD KEY `vessel` (`vessel`),
  ADD KEY `shipowner` (`shipowner`);

--
-- AUTO_INCREMENT für exportierte Tabellen
--

--
-- AUTO_INCREMENT für Tabelle `attachment`
--
ALTER TABLE `attachment`
  MODIFY `No` int(11) NOT NULL AUTO_INCREMENT, AUTO_INCREMENT=243;
--
-- AUTO_INCREMENT für Tabelle `certificate_product`
--
ALTER TABLE `certificate_product`
  MODIFY `No` int(11) NOT NULL AUTO_INCREMENT, AUTO_INCREMENT=19;
--
-- AUTO_INCREMENT für Tabelle `certificate_scope`
--
ALTER TABLE `certificate_scope`
  MODIFY `No` int(11) NOT NULL AUTO_INCREMENT, AUTO_INCREMENT=8;
--
-- AUTO_INCREMENT für Tabelle `certificate_vendor`
--
ALTER TABLE `certificate_vendor`
  MODIFY `No` int(11) NOT NULL AUTO_INCREMENT, AUTO_INCREMENT=706;
--
-- AUTO_INCREMENT für Tabelle `certification`
--
ALTER TABLE `certification`
  MODIFY `No` int(11) NOT NULL AUTO_INCREMENT, AUTO_INCREMENT=9;
--
-- AUTO_INCREMENT für Tabelle `customer_group`
--
ALTER TABLE `customer_group`
  MODIFY `No` int(11) NOT NULL AUTO_INCREMENT;
--
-- AUTO_INCREMENT für Tabelle `customer_label`
--
ALTER TABLE `customer_label`
  MODIFY `No` int(11) NOT NULL AUTO_INCREMENT;
--
-- AUTO_INCREMENT für Tabelle `delivery_requirement`
--
ALTER TABLE `delivery_requirement`
  MODIFY `No` int(11) NOT NULL AUTO_INCREMENT;
--
-- AUTO_INCREMENT für Tabelle `global_settings`
--
ALTER TABLE `global_settings`
  MODIFY `id` int(11) NOT NULL AUTO_INCREMENT, AUTO_INCREMENT=2;
--
-- AUTO_INCREMENT für Tabelle `habour`
--
ALTER TABLE `habour`
  MODIFY `No` int(11) NOT NULL AUTO_INCREMENT, AUTO_INCREMENT=3;
--
-- AUTO_INCREMENT für Tabelle `inbound`
--
ALTER TABLE `inbound`
  MODIFY `No` int(11) NOT NULL AUTO_INCREMENT, AUTO_INCREMENT=24;
--
-- AUTO_INCREMENT für Tabelle `inbound_line`
--
ALTER TABLE `inbound_line`
  MODIFY `No` int(11) NOT NULL AUTO_INCREMENT, AUTO_INCREMENT=46;
--
-- AUTO_INCREMENT für Tabelle `inventory`
--
ALTER TABLE `inventory`
  MODIFY `No` int(11) NOT NULL AUTO_INCREMENT, AUTO_INCREMENT=9;
--
-- AUTO_INCREMENT für Tabelle `inventory_head`
--
ALTER TABLE `inventory_head`
  MODIFY `No` int(11) NOT NULL AUTO_INCREMENT, AUTO_INCREMENT=3;
--
-- AUTO_INCREMENT für Tabelle `label`
--
ALTER TABLE `label`
  MODIFY `No` int(11) NOT NULL AUTO_INCREMENT, AUTO_INCREMENT=17;
--
-- AUTO_INCREMENT für Tabelle `label_countries`
--
ALTER TABLE `label_countries`
  MODIFY `No` int(11) NOT NULL AUTO_INCREMENT;
--
-- AUTO_INCREMENT für Tabelle `label_product`
--
ALTER TABLE `label_product`
  MODIFY `No` int(11) NOT NULL AUTO_INCREMENT;
--
-- AUTO_INCREMENT für Tabelle `logistics_customer`
--
ALTER TABLE `logistics_customer`
  MODIFY `No` int(11) NOT NULL AUTO_INCREMENT;
--
-- AUTO_INCREMENT für Tabelle `movement`
--
ALTER TABLE `movement`
  MODIFY `No` int(11) NOT NULL AUTO_INCREMENT, AUTO_INCREMENT=3;
--
-- AUTO_INCREMENT für Tabelle `movements`
--
ALTER TABLE `movements`
  MODIFY `No` int(11) NOT NULL AUTO_INCREMENT, AUTO_INCREMENT=47;
--
-- AUTO_INCREMENT für Tabelle `movement_status`
--
ALTER TABLE `movement_status`
  MODIFY `no` int(11) NOT NULL AUTO_INCREMENT, AUTO_INCREMENT=4;
--
-- AUTO_INCREMENT für Tabelle `pallet`
--
ALTER TABLE `pallet`
  MODIFY `No` int(11) NOT NULL AUTO_INCREMENT, AUTO_INCREMENT=7;
--
-- AUTO_INCREMENT für Tabelle `production_order`
--
ALTER TABLE `production_order`
  MODIFY `No` int(11) NOT NULL AUTO_INCREMENT, AUTO_INCREMENT=24;
--
-- AUTO_INCREMENT für Tabelle `production_order_line`
--
ALTER TABLE `production_order_line`
  MODIFY `No` int(11) NOT NULL AUTO_INCREMENT, AUTO_INCREMENT=41;
--
-- AUTO_INCREMENT für Tabelle `product_group`
--
ALTER TABLE `product_group`
  MODIFY `no` int(11) NOT NULL AUTO_INCREMENT, AUTO_INCREMENT=8;
--
-- AUTO_INCREMENT für Tabelle `purchase_order_line`
--
ALTER TABLE `purchase_order_line`
  MODIFY `No` int(11) NOT NULL AUTO_INCREMENT, AUTO_INCREMENT=42;
--
-- AUTO_INCREMENT für Tabelle `qcheckpoint_class`
--
ALTER TABLE `qcheckpoint_class`
  MODIFY `No` int(11) NOT NULL AUTO_INCREMENT, AUTO_INCREMENT=5;
--
-- AUTO_INCREMENT für Tabelle `qcheckpoint_inb_line`
--
ALTER TABLE `qcheckpoint_inb_line`
  MODIFY `no` int(11) NOT NULL AUTO_INCREMENT, AUTO_INCREMENT=752;
--
-- AUTO_INCREMENT für Tabelle `qcheckpoint_product`
--
ALTER TABLE `qcheckpoint_product`
  MODIFY `No` int(11) NOT NULL AUTO_INCREMENT;
--
-- AUTO_INCREMENT für Tabelle `quality`
--
ALTER TABLE `quality`
  MODIFY `No` int(11) NOT NULL AUTO_INCREMENT, AUTO_INCREMENT=3;
--
-- AUTO_INCREMENT für Tabelle `quality_checkpoint`
--
ALTER TABLE `quality_checkpoint`
  MODIFY `No` int(11) NOT NULL AUTO_INCREMENT, AUTO_INCREMENT=20;
--
-- AUTO_INCREMENT für Tabelle `quality_class`
--
ALTER TABLE `quality_class`
  MODIFY `No` int(11) NOT NULL AUTO_INCREMENT, AUTO_INCREMENT=5;
--
-- AUTO_INCREMENT für Tabelle `room`
--
ALTER TABLE `room`
  MODIFY `No` int(11) NOT NULL AUTO_INCREMENT, AUTO_INCREMENT=13;
--
-- AUTO_INCREMENT für Tabelle `tp_type`
--
ALTER TABLE `tp_type`
  MODIFY `no` int(20) NOT NULL AUTO_INCREMENT, AUTO_INCREMENT=7;
--
-- AUTO_INCREMENT für Tabelle `vendor_agreement`
--
ALTER TABLE `vendor_agreement`
  MODIFY `No` int(11) NOT NULL AUTO_INCREMENT, AUTO_INCREMENT=503;
--
-- AUTO_INCREMENT für Tabelle `vendor_delivery_requirement`
--
ALTER TABLE `vendor_delivery_requirement`
  MODIFY `No` int(11) NOT NULL AUTO_INCREMENT;
--
-- AUTO_INCREMENT für Tabelle `vessel`
--
ALTER TABLE `vessel`
  MODIFY `No` int(11) NOT NULL AUTO_INCREMENT, AUTO_INCREMENT=22;
--
-- Constraints der exportierten Tabellen
--

--
-- Constraints der Tabelle `attachment`
--
ALTER TABLE `attachment`
  ADD CONSTRAINT `attachment_ibfk_1` FOREIGN KEY (`inbound_line`) REFERENCES `inbound_line` (`No`) ON UPDATE CASCADE;

--
-- Constraints der Tabelle `certificate_product`
--
ALTER TABLE `certificate_product`
  ADD CONSTRAINT `certificate_product_ibfk_1` FOREIGN KEY (`certificate`) REFERENCES `certificate_vendor` (`No`) ON UPDATE CASCADE,
  ADD CONSTRAINT `certificate_product_ibfk_2` FOREIGN KEY (`product`) REFERENCES `product` (`No`) ON UPDATE CASCADE;

--
-- Constraints der Tabelle `certificate_vendor`
--
ALTER TABLE `certificate_vendor`
  ADD CONSTRAINT `certificate_vendor_ibfk_1` FOREIGN KEY (`certificate`) REFERENCES `certification` (`No`) ON UPDATE CASCADE,
  ADD CONSTRAINT `certificate_vendor_ibfk_2` FOREIGN KEY (`scope`) REFERENCES `certificate_scope` (`No`) ON UPDATE CASCADE,
  ADD CONSTRAINT `certificate_vendor_ibfk_3` FOREIGN KEY (`vendor`) REFERENCES `vendor` (`No`) ON UPDATE CASCADE;

--
-- Constraints der Tabelle `inventory`
--
ALTER TABLE `inventory`
  ADD CONSTRAINT `inventory_ibfk_1` FOREIGN KEY (`inventory_head`) REFERENCES `inventory_head` (`No`) ON UPDATE CASCADE;

--
-- Constraints der Tabelle `movements`
--
ALTER TABLE `movements`
  ADD CONSTRAINT `movements_ibfk_1` FOREIGN KEY (`movement`) REFERENCES `movement` (`No`) ON UPDATE CASCADE,
  ADD CONSTRAINT `movements_ibfk_2` FOREIGN KEY (`status`) REFERENCES `movement_status` (`no`) ON UPDATE CASCADE;

--
-- Constraints der Tabelle `purchase_order`
--
ALTER TABLE `purchase_order`
  ADD CONSTRAINT `purchase_order_ibfk_3` FOREIGN KEY (`vendor`) REFERENCES `vendor` (`No`) ON UPDATE CASCADE,
  ADD CONSTRAINT `purchase_order_ibfk_4` FOREIGN KEY (`vessel`) REFERENCES `vessel` (`No`);

--
-- Constraints der Tabelle `quality_checkpoint`
--
ALTER TABLE `quality_checkpoint`
  ADD CONSTRAINT `quality_checkpoint_ibfk_1` FOREIGN KEY (`checkpoint_class`) REFERENCES `qcheckpoint_class` (`No`);

--
-- Constraints der Tabelle `variant`
--
ALTER TABLE `variant`
  ADD CONSTRAINT `variant_ibfk_1` FOREIGN KEY (`origin`) REFERENCES `country` (`Id`),
  ADD CONSTRAINT `variant_ibfk_2` FOREIGN KEY (`quality_class`) REFERENCES `quality_class` (`No`);

--
-- Constraints der Tabelle `vendor_delivery_requirement`
--
ALTER TABLE `vendor_delivery_requirement`
  ADD CONSTRAINT `vendor_delivery_requirement_ibfk_1` FOREIGN KEY (`vendor`) REFERENCES `vendor` (`No`) ON DELETE CASCADE ON UPDATE CASCADE,
  ADD CONSTRAINT `vendor_delivery_requirement_ibfk_2` FOREIGN KEY (`requirement`) REFERENCES `delivery_requirement` (`No`);

/*!40101 SET CHARACTER_SET_CLIENT=@OLD_CHARACTER_SET_CLIENT */;
/*!40101 SET CHARACTER_SET_RESULTS=@OLD_CHARACTER_SET_RESULTS */;
/*!40101 SET COLLATION_CONNECTION=@OLD_COLLATION_CONNECTION */;
